id,category_id,en,pronunciation_si,meaning_si,level
i-wonder-what-today-will-bring,s-everyday-conversations,I wonder what today will bring.,අයි වන්ඩර් වට් ටුඩේ විල් බ්‍රිං.,අද දවසේ මොනවා වෙයිද දන්නෙ නෑ.,intermediate
i-need-to-get-my-thoughts,s-everyday-conversations,I need to get my thoughts together.,අයි නීඩ් ට ගෙට් මයි තෝට්ස් ටුගෙදර්.,මගේ අදහස් ටික හරියට එකතු කරගන්න ඕන.,intermediate
what-am-i-trying-to-say,s-asking-questions,What am I trying to say here?,වට් ඇම් අයි ට්‍රයිං ට සේ හියර්?,මං ඇත්තටම මෙතන කියන්න හදන්නේ මොකක්ද?,intermediate
there-must-be-another-way-to,s-everyday-conversations,There must be another way to look at this.,දෙයා මස්ට් බී අනදර් වේ ට ලුක් ඇට් දිස්.,මේක දිහා බලන්න තව විදිහක් ඇති.,intermediate
something-about-this-doesnt-feel-right,s-feelings-emotions,Something about this doesn't feel right.,සම්තිං අබවුට් දිස් ඩසන්ට් ෆීල් රයිට්.,මේකේ මොකක්හරි හරි නැති ගතියක් තියෙනවා.,intermediate
maybe-im-overthinking-it,s-everyday-conversations,Maybe I'm overthinking it.,මේබි අයිම් ඕවර්තිංකිං ඉට්.,සමහරවිට මං මේක ගැන ඕනවට වඩා හිතනවා ඇති.,beginner
let-me-figure-this-out,s-everyday-conversations,Let me figure this out.,ලෙට් මී ෆිගර් දිස් අවුට්.,මං මේක තේරුම් අරගෙන විසඳගන්න බලන්නම්.,beginner
i-know-theres-a-better-way,s-everyday-conversations,I know there's a better way to put it.,අයි නෝ දෙයාර්ස් අ බෙටර් වේ ට පුට් ඉට්.,මේක කියන්න මීට වඩා හොඳ විදිහක් තියෙනවා කියලා මං දන්නවා.,intermediate
why-does-this-keep-happening,s-asking-questions,Why does this keep happening?,වයි ඩස් දිස් කීප් හැපනිං?,ඇයි මේක ආයෙ ආයෙම වෙන්නේ?,beginner
i-shouldve-seen-that-coming,s-everyday-conversations,I should've seen that coming.,අයි ෂුඩව් සීන් දැට් කමිං.,ඒක වෙයි කියලා මට කලින්ම තේරෙන්න තිබුණා.,beginner
that-makes-more-sense-now,s-everyday-conversations,That makes more sense now.,දැට් මේක්ස් මෝර් සෙන්ස් නව්.,දැන් ඒක මට වඩා හොඳට තේරෙනවා.,beginner
im-starting-to-see-the-bigger,s-everyday-conversations,I'm starting to see the bigger picture.,අයිම් ස්ටාර්ටිං ට සී ද බිගර් පික්චර්.,දැන් මට මුළු කාරණේම ටික ටික තේරෙන්න පටන් අරන්.,intermediate
what-if-im-looking-at-this,s-problems-complaints,What if I'm looking at this the wrong way?,වට් ඉෆ් අයිම් ලුකිං ඇට් දිස් ද රෝං වේ?,මං මේක වැරදි පැත්තකින් බලනවා නම්?,intermediate
i-cant-quite-put-my-finger,s-everyday-conversations,I can't quite put my finger on it.,අයි කෑන්ට් ක්වයිට් පුට් මයි ෆිංගර් ඔන් ඉට්.,මොකක්ද අවුල කියලා හරියටම කියන්න බෑ.,intermediate
itll-come-to-me-eventually,s-everyday-conversations,It'll come to me eventually.,ඉට්ල් කම් ට මී ඉවෙන්චුවලි.,ටිකකින් මට ඒක මතක් වෙයි.,beginner
i-need-a-minute-to-process,s-everyday-conversations,I need a minute to process this.,අයි නීඩ් අ මිනිට් ට ප්‍රොසෙස් දිස්.,මේක තේරුම් අරගෙන හිතලා බලන්න මට පොඩි වෙලාවක් ඕන.,intermediate
im-not-entirely-convinced-yet,s-everyday-conversations,I'm not entirely convinced yet.,අයිම් නොට් එන්ටයර්ලි කන්වින්ස්ට් යෙට්.,මට තාම මේක සම්පූර්ණයෙන්ම විශ්වාස නෑ.,beginner
theres-probably-more-to-it-than,s-everyday-conversations,There's probably more to it than that.,දෙයාර්ස් ප්‍රොබබ්ලි මෝර් ටු ඉට් දෑන් දැට්.,මේකේ අපිට පේනවට වඩා දෙයක් තියෙනවා ඇති.,intermediate
i-might-be-missing-something-obvious,s-everyday-conversations,I might be missing something obvious.,අයි මයිට් බී මිසිං සම්තිං ඔබ්වියස්.,පැහැදිලි දෙයක් මට මඟහැරෙනවා වෙන්න පුළුවන්.,intermediate
let-me-think-this-through-properly,s-everyday-conversations,Let me think this through properly.,ලෙට් මී තිංක් දිස් ත්රූ ප්‍රොපර්ලි.,මං මේක හොඳට මුල ඉඳන් අගට හිතලා බලන්නම්.,intermediate
whats-the-worst-that-could-happen,s-asking-questions,What's the worst that could happen?,වට්ස් ද වර්ස්ට් දැට් කුඩ් හැපන්?,වැඩිම නරක විදිහට මොකද වෙන්න පුළුවන්?,intermediate
i-dont-want-to-jump-to,s-everyday-conversations,I don't want to jump to conclusions.,අයි ඩෝන්ට් වොන්ට් ටු ජම්ප් ටු කන්ක්ලූෂන්ස්.,හරියට දැනගන්න කලින් තීරණයකට එන්න මට ඕනේ නෑ.,intermediate
maybe-i-should-sleep-on-it,s-home,Maybe I should sleep on it.,මේබි අයි ෂුඩ් ස්ලීප් ඔන් ඉට්.,සමහරවිට අද හිතලා හෙට තීරණය කරන එක හොඳයි.,intermediate
this-isnt-as-complicated-as-im,s-everyday-conversations,This isn't as complicated as I'm making it.,දිස් ඉසන්ට් ඇස් කොම්ප්ලිකේටඩ් ඇස් අයිම් මේකිං ඉට්.,මං හිතන තරම් මේක අමාරු දෙයක් නෙවෙයි.,intermediate
i-need-to-stop-second-guessing,s-transportation,I need to stop second-guessing myself.,අයි නීඩ් ට ස්ටොප් සෙකන්ඩ් ගෙසිං මයිසෙල්ෆ්.,මගේම තීරණ ගැන ආයෙ ආයෙ සැක කරන එක නවත්තන්න ඕන.,intermediate
ill-deal-with-it-when-the,s-business,I'll deal with it when the time comes.,අයිල් ඩීල් විත් ඉට් වෙන් ද ටයිම් කම්ස්.,වෙලාව ආවම මං ඒක බලාගන්නම්.,intermediate
theres-no-point-worrying-about-it,s-everyday-conversations,There's no point worrying about it now.,දෙයාර්ස් නෝ පොයින්ට් වරිං අබවුට් ඉට් නව්.,දැන් ඒ ගැන වද වෙලා වැඩක් නෑ.,intermediate
i-wonder-if-anyone-else-noticed,s-everyday-conversations,I wonder if anyone else noticed that.,අයි වන්ඩර් ඉෆ් එනිවන් එල්ස් නෝටිස්ට් දැට්.,වෙන කවුරුහරිත් ඒක දැක්කද දන්නෙ නෑ.,intermediate
that-explains-a-lot,s-everyday-conversations,That explains a lot.,දැට් එක්ස්ප්ලේන්ස් අ ලොට්.,එහෙනම් ගොඩක් දේවල් දැන් පැහැදිලියි.,beginner
why-didnt-i-think-of-that,s-asking-questions,Why didn't I think of that before?,වයි ඩිඩන්ට් අයි තිංක් අව් දැට් බිෆෝර්?,මට කලින් ඒක හිතුණෙ නැත්තේ ඇයි?,intermediate
i-could-be-completely-wrong-about,s-problems-complaints,I could be completely wrong about this.,අයි කුඩ් බී කම්ප්ලීට්ලි රෝං අබවුට් දිස්.,මේ ගැන මං සම්පූර්ණයෙන්ම වැරදි වෙන්නත් පුළුවන්.,intermediate
i-need-to-trust-my-instincts,s-everyday-conversations,I need to trust my instincts more.,අයි නීඩ් ට ට්‍රස්ට් මයි ඉන්ස්ටිංක්ට්ස් මෝර්.,මගේ ඇතුළතින් එන හැඟීම තව ටිකක් විශ්වාස කරන්න ඕන.,intermediate
something-tells-me-this-wont-be,s-everyday-conversations,Something tells me this won't be easy.,සම්තිං ටෙල්ස් මී දිස් වෝන්ට් බී ඊසි.,මේක ලේසි වෙන්නේ නෑ කියලා මට නිකන් හිතෙනවා.,intermediate
im-curious-to-see-how-this,s-everyday-conversations,I'm curious to see how this turns out.,අයිම් කියුරියස් ට සී හව් දිස් ටර්න්ස් අවුට්.,අන්තිමට මේක කොහොම වෙයිද කියලා බලන්න මට ආසයි.,intermediate
i-shouldnt-let-one-mistake-ruin,s-problems-complaints,I shouldn't let one mistake ruin my day.,අයි ෂුඩන්ට් ලෙට් වන් මිස්ටේක් රූවින් මයි ඩේ.,එක වැරැද්දක් නිසා මුළු දවසම අවුල් කරගන්න හොඳ නෑ.,intermediate
i-can-always-try-again,s-everyday-conversations,I can always try again.,අයි කැන් ඕල්වේස් ට්‍රයි අගේන්.,මට ආයෙත් උත්සාහ කරන්න පුළුවන්.,beginner
im-getting-ahead-of-myself,s-everyday-conversations,I'm getting ahead of myself.,අයිම් ගෙටිං අහෙඩ් අව් මයිසෙල්ෆ්.,මං වෙන්නත් කලින් දේවල් ගැන ඕනවට වඩා ඉස්සරහට හිතනවා.,beginner
one-thing-at-a-time,s-everyday-conversations,One thing at a time.,වන් තින් ඇට් අ ටයිම්.,එක වෙලාවකට එක දෙයක් කරමු.,beginner
ill-cross-that-bridge-when-i,s-everyday-conversations,I'll cross that bridge when I come to it.,අයිල් ක්‍රොස් දැට් බ්‍රිජ් වෙන් අයි කම් ටු ඉට්.,ඒ ප්‍රශ්නය ආවම ඒ වෙලාවේ බලාගන්නම්.,intermediate
i-need-to-clear-my-head,s-everyday-conversations,I need to clear my head.,අයි නීඩ් ටු ක්ලියර් මයි හෙඩ්.,මට ටිකක් නිදහසේ ඉඳලා හිත සැහැල්ලු කරගන්න ඕන.,intermediate
maybe-im-being-too-hard-on,s-everyday-conversations,Maybe I'm being too hard on myself.,මේබි අයිම් බීඉං ටූ හාඩ් ඔන් මයිසෙල්ෆ්.,සමහරවිට මං මටම ඕනවට වඩා තදින් සලකනවා ඇති.,intermediate
i-handled-that-better-than-i,s-everyday-conversations,I handled that better than I expected.,අයි හැන්ඩල්ඩ් දැට් බෙටර් දෑන් අයි එක්ස්පෙක්ටිඩ්.,මං හිතුවට වඩා හොඳට ඒක කළමනාකරණය කරගත්තා.,intermediate
i-wish-id-said-something-sooner,s-everyday-conversations,I wish I'd said something sooner.,අයි විෂ් අයිඩ් සෙඩ් සම්තිං සූනර්.,මට මීට කලින් මොනවාහරි කියන්න තිබුණා.,intermediate
theres-nothing-i-can-do-about,s-everyday-conversations,There's nothing I can do about it now.,දෙයාර්ස් නතිං අයි කැන් ඩූ අබවුට් ඉට් නව්.,දැන් ඒ ගැන මට කරන්න දෙයක් නෑ.,intermediate
i-might-as-well-give-it,s-everyday-conversations,I might as well give it a shot.,අයි මයිට් ඇස් වෙල් ගිව් ඉට් අ ෂොට්.,කොහොමත් එක පාරක් උත්සාහ කරලා බලන එක හොඳයි.,intermediate
i-dont-have-to-decide-right,s-everyday-conversations,I don't have to decide right away.,අයි ඩෝන්ට් හැව් ට ඩිසයිඩ් රයිට් අවේ.,මට මේ දැන්ම තීරණයක් ගන්න ඕන නෑ.,intermediate
this-could-actually-work,s-work-office,This could actually work.,දිස් කුඩ් ඇක්චුවලි වර්ක්.,මේක ඇත්තටම හරියන්න පුළුවන්.,beginner
im-probably-making-a-bigger-deal,s-business,I'm probably making a bigger deal out of this than necessary.,අයිම් ප්‍රොබබ්ලි මේකිං අ බිගර් ඩීල් අවුට් අව් දිස් දෑන් නෙසෙසරි.,සමහරවිට මං මේක ඕනවට වඩා ලොකු කරගෙන ඇති.,advanced
i-need-to-keep-things-in,s-giving-opinions,I need to keep things in perspective.,අයි නීඩ් ට කීප් තිංස් ඉන් පර්ස්පෙක්ටිව්.,දේවල් ඇත්තටම තියෙන ප්‍රමාණයටම බලන්න මං පුරුදු වෙන්න ඕන.,intermediate
lets-see-where-this-goes,s-everyday-conversations,Let's see where this goes.,ලෙට්ස් සී වෙයාර් දිස් ගෝස්.,මේක කොහෙටද යන්නේ බලමු.,beginner
i-didnt-expect-that-at-all,s-everyday-conversations,I didn't expect that at all.,අයි ඩිඩන්ට් එක්ස්පෙක්ට් දැට් ඇට් ඕල්.,මං ඒක කොහෙත්ම බලාපොරොත්තු වුණේ නෑ.,intermediate
that-caught-me-off-guard,s-phrasal-verbs,That caught me off guard.,දැට් කෝට් මී ඔෆ් ගාඩ්.,ඒක එකපාරටම වෙලා මාව අන්දමන්ද කළා.,beginner
now-that-i-think-about-it,s-everyday-conversations,"Now that I think about it, it makes sense.","නව් දැට් අයි තිංක් අබවුට් ඉට්, ඉට් මේක්ස් සෙන්ස්.",දැන් හිතලා බලද්දි ඒක හරි වගේ.,intermediate
i-knew-something-was-up,s-everyday-conversations,I knew something was up.,අයි නූ සම්තිං වස් අප්.,මොකක්හරි දෙයක් වෙනවා කියලා මට හිතුණා.,beginner
i-shouldnt-read-too-much-into,s-everyday-conversations,I shouldn't read too much into it.,අයි ෂුඩන්ට් රීඩ් ටූ මච් ඉන්ටු ඉට්.,ඒ පොඩි දේට ඕනවට වඩා අර්ථ දාගන්න හොඳ නෑ.,intermediate
maybe-it-was-just-a-coincidence,s-everyday-conversations,Maybe it was just a coincidence.,මේබි ඉට් වස් ජස්ට් අ කොඉන්සිඩන්ස්.,සමහරවිට ඒක අහම්බෙන් වෙච්ච දෙයක් විතරයි.,intermediate
i-have-a-feeling-ive-forgotten,s-feelings-emotions,I have a feeling I've forgotten something.,අයි හැව් අ ෆීලිං අයිව් ෆර්ගොටන් සම්තිං.,මට මොකක්හරි අමතක වෙලා වගේ දැනෙනවා.,intermediate
what-was-i-about-to-do,s-asking-questions,What was I about to do?,වට් වස් අයි අබවුට් ට ඩූ?,මං දැන් මොකක්ද කරන්න ගියේ?,intermediate
where-did-i-put-that-thing,s-asking-questions,Where did I put that thing?,වෙයා ඩිඩ් අයි පුට් දැට් තිං?,මං ඒක කොහෙද තිබ්බේ?,intermediate
it-was-right-here-a-second,s-everyday-conversations,It was right here a second ago.,ඉට් වස් රයිට් හියර් අ සෙකන්ඩ් අගෝ.,දැන් ටිකකට කලින් ඒක මෙතනම තිබුණනේ.,intermediate
i-really-need-to-organize-this,s-everyday-conversations,I really need to organize this place.,අයි රියලි නීඩ් ට ඕගනයිස් දිස් ප්ලේස්.,මේ තැන හරියට අස්පස් කරගන්නම ඕන.,intermediate
ill-do-it-before-i-forget,s-everyday-conversations,I'll do it before I forget again.,අයිල් ඩූ ඉට් බිෆෝර් අයි ෆර්ගෙට් අගේන්.,ආයෙ අමතක වෙන්න කලින් මං ඒක කරන්නම්.,intermediate
im-running-a-little-behind-today,s-everyday-conversations,I'm running a little behind today.,අයිම් රනිං අ ලිට්ල් බිහයින්ඩ් ටුඩේ.,අද මගේ වැඩ ටික ටිකක් පරක්කු වෙලා යන්නේ.,intermediate
i-still-have-plenty-of-time,s-everyday-conversations,I still have plenty of time.,අයි ස්ටිල් හැව් ප්ලෙන්ටි අව් ටයිම්.,මට තාම හොඳටම වෙලාව තියෙනවා.,intermediate
i-should-get-going-soon,s-everyday-conversations,I should get going soon.,අයි ෂුඩ් ගෙට් ගෝඉං සූන්.,මං දැන් ටිකකින් පිටත් වෙන්න ඕන.,beginner
ill-finish-this-first,s-everyday-conversations,I'll finish this first.,අයිල් ෆිනිෂ් දිස් ෆර්ස්ට්.,මං මුලින් මේක ඉවර කරන්නම්.,beginner
i-can-deal-with-the-rest,s-business,I can deal with the rest later.,අයි කැන් ඩීල් විත් ද රෙස්ට් ලේටර්.,ඉතුරු ටික පස්සේ බලාගන්න පුළුවන්.,intermediate
im-more-tired-than-i-realized,s-feelings-emotions,I'm more tired than I realized.,අයිම් මෝර් ටයර්ඩ් දෑන් අයි රියලයිස්ඩ්.,මං හිතුවට වඩා මට මහන්සියි.,intermediate
a-short-break-might-do-me,s-everyday-conversations,A short break might do me good.,අ ෂෝට් බ්‍රේක් මයිට් ඩූ මී ගුඩ්.,පොඩි විවේකයක් ගත්තොත් මට හොඳ වෙයි.,intermediate
i-need-to-get-back-into,s-everyday-conversations,I need to get back into the swing of things.,අයි නීඩ් ට ගෙට් බැක් ඉන්ටු ද ස්විං අව් තිංස්.,මං ආයෙත් මගේ සාමාන්‍ය වැඩ රටාවට වැටෙන්න ඕන.,intermediate
ive-been-putting-this-off-long,s-everyday-conversations,I've been putting this off long enough.,අයිව් බීන් පුටිං දිස් ඔෆ් ලෝං ඉනෆ්.,මං මේක ඕනවටත් වඩා කල් දාලා තියෙනවා.,intermediate
i-might-regret-it-if-i,s-everyday-conversations,I might regret it if I don't do it now.,අයි මයිට් රිග්‍රෙට් ඉට් ඉෆ් අයි ඩෝන්ට් ඩූ ඉට් නව්.,දැන් මේක නොකළොත් පස්සේ පසුතැවෙන්න වෙයි.,intermediate
i-need-to-make-up-my,s-everyday-conversations,I need to make up my mind.,අයි නීඩ් ටු මේක් අප් මයි මයින්ඩ්.,මං තීරණයක් ගන්න ඕන.,intermediate
both-options-have-their-advantages,s-everyday-conversations,Both options have their advantages.,බෝත් ඔප්ෂන්ස් හැව් දෙයා ඇඩ්වාන්ටේජස්.,තේරීම් දෙකේම හොඳ පැති තියෙනවා.,beginner
which-one-makes-more-sense-in,s-everyday-conversations,Which one makes more sense in the long run?,විච් වන් මේක්ස් මෝර් සෙන්ස් ඉන් ද ලෝං රන්?,දිගු කාලෙට බලද්දි වඩා හොඳ එක මොකක්ද?,intermediate
i-shouldnt-rush-into-anything,s-everyday-conversations,I shouldn't rush into anything.,අයි ෂුඩන්ට් රෂ් ඉන්ටු එනිතිං.,මං හදිස්සි වෙලා කිසිම දෙයක් කරන්න හොඳ නෑ.,beginner
ill-give-myself-some-time-to,s-everyday-conversations,I'll give myself some time to think.,අයිල් ගිව් මයිසෙල්ෆ් සම් ටයිම් ට තිංක්.,මං මටම ටිකක් හිතන්න වෙලාව දෙන්නම්.,intermediate
deep-down-i-already-know-the,s-everyday-conversations,"Deep down, I already know the answer.","ඩීප් ඩවුන්, අයි ඕල්රෙඩි නෝ දි ආන්සර්.",ඇතුළතින් බැලුවම උත්තරේ මං දැනටමත් දන්නවා.,intermediate
im-just-afraid-of-making-the,s-problems-complaints,I'm just afraid of making the wrong choice.,අයිම් ජස්ට් අෆ්‍රේඩ් අව් මේකිං ද රෝං චොයිස්.,මට බය වැරදි තේරීමක් කරයි කියලා විතරයි.,intermediate
no-decision-is-completely-risk-free,s-everyday-conversations,No decision is completely risk-free.,නෝ ඩිසිෂන් ඉස් කම්ප්ලීට්ලි රිස්ක් ෆ්‍රී.,කිසිම තීරණයක් සම්පූර්ණයෙන්ම අවදානමක් නැති එකක් නෙවෙයි.,beginner
i-can-only-work-with-what,s-work-office,I can only work with what I know right now.,අයි කැන් ඕන්ලි වර්ක් විත් වට් අයි නෝ රයිට් නව්.,දැනට මං දන්න දේ අනුව තමයි මට වැඩ කරන්න වෙන්නේ.,intermediate
if-it-doesnt-work-ill-adjust,s-problems-complaints,"If it doesn't work, I'll adjust.","ඉෆ් ඉට් ඩසන්ට් වර්ක්, අයිල් අජස්ට්.",ඒක හරි ගියේ නැත්නම් මං ඒකට අනුව වෙනස් වෙන්නම්.,intermediate
nothing-is-set-in-stone-yet,s-everyday-conversations,Nothing is set in stone yet.,නතිං ඉස් සෙට් ඉන් ස්ටෝන් යෙට්.,තාම කිසි දෙයක් අනිවාර්යයෙන්ම එහෙමම වෙන්න නියම වෙලා නෑ.,intermediate
i-can-change-my-mind-later,s-banking-money,I can change my mind later.,අයි කැන් චේන්ජ් මයි මයින්ඩ් ලේටර්.,පස්සේ මගේ තීරණය වෙනස් කරන්නත් පුළුවන්.,intermediate
i-should-focus-on-what-i,s-everyday-conversations,I should focus on what I can control.,අයි ෂුඩ් ෆෝකස් ඔන් වට් අයි කැන් කන්ට්‍රෝල්.,මට පාලනය කරන්න පුළුවන් දේවල් ගැන හිතන එක හොඳයි.,intermediate
the-rest-will-sort-itself-out,s-everyday-conversations,The rest will sort itself out.,ද රෙස්ට් විල් සෝර්ට් ඉට්සෙල්ෆ් අවුට්.,ඉතුරු දේවල් කොහොමහරි හරි යයි.,intermediate
im-slowly-getting-the-hang-of,s-everyday-conversations,I'm slowly getting the hang of this.,අයිම් ස්ලෝලි ගෙටිං ද හැං අව් දිස්.,මට මේක කරන හැටි ටික ටික අල්ලගන්න පුළුවන් වෙනවා.,intermediate
it-felt-awkward-at-first,s-everyday-conversations,It felt awkward at first.,ඉට් ෆෙල්ට් ඕක්වර්ඩ් ඇට් ෆර්ස්ට්.,මුලදී ඒක ටිකක් අමුතුයි වගේ දැනුණා.,beginner
the-more-i-do-it-the,s-everyday-conversations,"The more I do it, the easier it gets.","ද මෝර් අයි ඩූ ඉට්, දි ඊසියර් ඉට් ගෙට්ස්.",මං වැඩි වැඩියෙන් කරන තරමට ඒක ලේසි වෙනවා.,intermediate
i-dont-need-to-get-everything,s-everyday-conversations,I don't need to get everything perfect.,අයි ඩෝන්ට් නීඩ් ට ගෙට් එව්රිතිං පර්ෆෙක්ට්.,හැම දෙයක්ම අකුරටම හරි කරන්න ඕන නෑ.,intermediate
making-mistakes-is-part-of-figuring,s-everyday-conversations,Making mistakes is part of figuring things out.,මේකිං මිස්ටේක්ස් ඉස් පාර්ට් අව් ෆිගරිං තිංස් අවුට්.,වැරදි කරන එකත් දේවල් ඉගෙනගෙන තේරුම් ගන්න එකේ කොටසක්.,intermediate
i-understand-it-better-than-i,s-everyday-conversations,I understand it better than I can explain it.,අයි අන්ඩර්ස්ටෑන්ඩ් ඉට් බෙටර් දෑන් අයි කැන් එක්ස්ප්ලේන් ඉට්.,මට ඒක පැහැදිලි කරන්න පුළුවන් තරමට වඩා හොඳට තේරෙනවා.,intermediate
how-would-i-explain-this-in,s-asking-questions,How would I explain this in my own words?,හව් වුඩ් අයි එක්ස්ප්ලේන් දිස් ඉන් මයි ඕන් වර්ඩ්ස්?,මගේම වචනවලින් මේක පැහැදිලි කරන්නේ කොහොමද?,intermediate
whats-the-simplest-way-to-describe,s-asking-questions,What's the simplest way to describe it?,වට්ස් ද සිම්ප්ලස්ට් වේ ට ඩිස්ක්‍රයිබ් ඉට්?,මේක විස්තර කරන්න සරලම විදිහ මොකක්ද?,intermediate
i-know-what-i-mean-i,s-everyday-conversations,I know what I mean; I just need the words.,අයි නෝ වට් අයි මීන්; අයි ජස්ට් නීඩ් ද වර්ඩ්ස්.,මට කියන්න ඕන දේ දන්නවා; ඒකට හරි වචන ටිකයි ඕන.,intermediate
theres-a-word-for-this-but,s-everyday-conversations,"There's a word for this, but I can't remember it.","දෙයාර්ස් අ වර්ඩ් ෆෝර් දිස්, බට් අයි කෑන්ට් රිමෙම්බර් ඉට්.","මේකට වචනයක් තියෙනවා, ඒත් මට ඒක මතක් වෙන්නේ නෑ.",intermediate
ill-describe-it-another-way,s-everyday-conversations,I'll describe it another way.,අයිල් ඩිස්ක්‍රයිබ් ඉට් අනදර් වේ.,මං ඒක වෙන විදිහකට විස්තර කරන්නම්.,beginner
i-dont-need-the-perfect-word,s-everyday-conversations,I don't need the perfect word to keep talking.,අයි ඩෝන්ට් නීඩ් ද පර්ෆෙක්ට් වර්ඩ් ට කීප් ටෝකිං.,කතාව දිගටම කරගෙන යන්න හරියටම ගැළපෙන වචනයම ඕන නෑ.,intermediate
ill-say-whatever-comes-naturally,s-everyday-conversations,I'll say whatever comes naturally.,අයිල් සේ වටෙවර් කම්ස් නැචරලි.,ස්වාභාවිකව මතක් වෙන දේ මං කියන්නම්.,beginner
i-can-rephrase-it-if-i,s-everyday-conversations,I can rephrase it if I need to.,අයි කැන් රීෆ්‍රේස් ඉට් ඉෆ් අයි නීඩ් ට.,ඕන වුණොත් ඒක වෙන වචනවලින් කියන්න පුළුවන්.,intermediate
what-exactly-am-i-reacting-to,s-agreeing-disagreeing,What exactly am I reacting to?,වට් එක්සැක්ට්ලි ඇම් අයි රියැක්ටිං ටු?,මං ඇත්තටම මේ විදිහට ප්‍රතිචාර දක්වන්නේ මොන දේටද?,intermediate
why-did-that-bother-me-so,s-asking-questions,Why did that bother me so much?,වයි ඩිඩ් දැට් බොදර් මී සෝ මච්?,ඒක මගේ හිතට මෙච්චර වද දුන්නේ ඇයි?,intermediate
maybe-i-took-it-too-personally,s-everyday-conversations,Maybe I took it too personally.,මේබි අයි ටුක් ඉට් ටූ පර්සනලි.,සමහරවිට මං ඒක ඕනවට වඩා මටම කියපු දෙයක් වගේ ගත්තා.,intermediate
they-may-not-have-meant-it,s-everyday-conversations,They may not have meant it that way.,දේ මේ නොට් හැව් මෙන්ට් ඉට් දැට් වේ.,එයා ඒ අදහසින් ඒක කිව්වේ නැති වෙන්න පුළුවන්.,intermediate
i-should-hear-them-out-first,s-everyday-conversations,I should hear them out first.,අයි ෂුඩ් හියර් දෙම් අවුට් ෆර්ස්ට්.,මං මුලින් එයා කියන දේ සම්පූර්ණයෙන් අහලා ඉන්න ඕන.,intermediate
theres-always-another-side-to-the,s-everyday-conversations,There's always another side to the story.,දෙයාර්ස් ඕල්වේස් අනදර් සයිඩ් ට ද ස්ටෝරි.,හැම කතාවකටම තව පැත්තක් තියෙනවා.,intermediate
i-wonder-what-theyre-thinking,s-everyday-conversations,I wonder what they're thinking.,අයි වන්ඩර් වට් දෙයා තිංකිං.,එයාලා මොනවා හිතනවද දන්නෙ නෑ.,beginner
maybe-theyre-having-a-rough-day,s-everyday-conversations,Maybe they're having a rough day.,මේබි දෙයා හැවිං අ රෆ් ඩේ.,සමහරවිට එයාලට අද අමාරු දවසක් වෙන්න ඇති.,intermediate
i-shouldnt-assume-the-worst,s-everyday-conversations,I shouldn't assume the worst.,අයි ෂුඩන්ට් අසූම් ද වර්ස්ට්.,නරකම දේ තමයි වෙලා තියෙන්නේ කියලා හිතාගන්න හොඳ නෑ.,beginner
ill-wait-until-i-know-more,s-everyday-conversations,I'll wait until I know more.,අයිල් වේට් අන්ටිල් අයි නෝ මෝර්.,තව විස්තර දැනගන්නකම් මං ඉන්නම්.,intermediate
that-was-an-interesting-way-to,s-everyday-conversations,That was an interesting way to put it.,දැට් වස් ඇන් ඉන්ට්‍රස්ටිං වේ ට පුට් ඉට්.,ඒක කියපු විදිහ නම් වෙනස්ම විදිහක්.,intermediate
i-hadnt-thought-about-it-like,s-everyday-conversations,I hadn't thought about it like that.,අයි හැඩන්ට් තෝට් අබවුට් ඉට් ලයික් දැට්.,මං ඒ පැත්තෙන් ඒ ගැන හිතලා තිබුණේ නෑ.,intermediate
they-might-actually-have-a-point,s-everyday-conversations,They might actually have a point.,දේ මයිට් ඇක්චුවලි හැව් අ පොයින්ට්.,එයාලා කියන දේත් ඇත්තක් තියෙන්න පුළුවන්.,intermediate
i-dont-necessarily-agree-though,s-agreeing-disagreeing,"I don't necessarily agree, though.","අයි ඩෝන්ට් නෙසෙසරිලි අග්‍රී, දෝ.",ඒත් මං අනිවාර්යයෙන්ම ඒකට එකඟයි කියලා නෑ.,beginner
i-need-more-context-before-i,s-everyday-conversations,I need more context before I judge.,අයි නීඩ් මෝර් කොන්ටෙක්ස්ට් බිෆෝර් අයි ජජ්.,තීරණයකට එන්න කලින් මට තව පසුබිම් විස්තර ඕන.,intermediate
maybe-theres-something-im-not-seeing,s-everyday-conversations,Maybe there's something I'm not seeing.,මේබි දෙයාර්ස් සම්තිං අයිම් නොට් සීඉං.,සමහරවිට මට නොපෙනෙන පැත්තක් තියෙනවා.,intermediate
its-worth-thinking-about,s-everyday-conversations,It's worth thinking about.,ඉට්ස් වර්ත් තිංකිං අබවුට්.,ඒ ගැන හිතලා බලන එක වටිනවා.,beginner
im-not-ready-to-dismiss-the,s-everyday-conversations,I'm not ready to dismiss the idea yet.,අයිම් නොට් රෙඩි ට ඩිස්මිස් දි අයිඩියා යෙට්.,ඒ අදහස වැඩක් නෑ කියලා දැන්ම අයින් කරන්න මං සූදානම් නෑ.,intermediate
ill-keep-an-open-mind,s-everyday-conversations,I'll keep an open mind.,අයිල් කීප් ඇන් ඕපන් මයින්ඩ්.,මං කලින්ම තීරණය නොකර විවෘතව හිතන්නම්.,beginner
lets-see-what-the-evidence-actually,s-everyday-conversations,Let's see what the evidence actually shows.,ලෙට්ස් සී වට් දි එවිඩන්ස් ඇක්චුවලි ෂෝස්.,ඇත්තටම තියෙන සාක්ෂිවලින් මොනවද පේන්නේ කියලා බලමු.,intermediate
im-noticing-things-i-used-to,s-everyday-conversations,I'm noticing things I used to overlook.,අයිම් නෝටිසිං තිංස් අයි යූස්ට් ට ඕවර්ලුක්.,කලින් මට මඟහැරුණු දේවල් දැන් මට පේනවා.,intermediate
the-little-details-make-a-difference,s-everyday-conversations,The little details make a difference.,ද ලිට්ල් ඩීටේල්ස් මේක් අ ඩිෆරන්ස්.,පොඩි විස්තරවලිනුත් ලොකු වෙනසක් වෙනවා.,intermediate
that-reminds-me-of-something,s-everyday-conversations,That reminds me of something.,දැට් රිමයින්ඩ්ස් මී අව් සම්තිං.,ඒකෙන් මට වෙන දෙයක් මතක් වෙනවා.,beginner
ive-seen-something-similar-before,s-everyday-conversations,I've seen something similar before.,අයිව් සීන් සම්තිං සිමිලර් බිෆෝර්.,මං මීට සමාන දෙයක් කලින් දැකලා තියෙනවා.,beginner
theres-definitely-a-pattern-here,s-everyday-conversations,There's definitely a pattern here.,දෙයාර්ස් ඩෙෆිනිට්ලි අ පැටර්න් හියර්.,මෙතන එකම විදිහට නැවත නැවත වෙන රටාවක් තියෙනවා.,beginner
i-wonder-if-those-two-things,s-everyday-conversations,I wonder if those two things are connected.,අයි වන්ඩර් ඉෆ් දෝස් ටූ තිංස් ආර් කනෙක්ටිඩ්.,ඒ දේවල් දෙක අතර සම්බන්ධයක් තියෙනවද දන්නෙ නෑ.,intermediate
that-cant-be-completely-random,s-everyday-conversations,That can't be completely random.,දැට් කෑන්ට් බී කම්ප්ලීට්ලි රැන්ඩම්.,ඒක සම්පූර්ණයෙන්ම අහම්බයක් වෙන්න බෑ වගේ.,beginner
i-should-pay-closer-attention-next,s-banking-money,I should pay closer attention next time.,අයි ෂුඩ් පේ ක්ලෝසර් අටෙන්ෂන් නෙක්ස්ට් ටයිම්.,ඊළඟ පාර මං තව හොඳට අවධානය දෙන්න ඕන.,intermediate
i-nearly-missed-that,s-everyday-conversations,I nearly missed that.,අයි නියර්ලි මිස්ට් දැට්.,මට ඒක තව පොඩ්ඩෙන් මඟහැරෙනවා.,beginner
good-thing-i-noticed-in-time,s-everyday-conversations,Good thing I noticed in time.,ගුඩ් තිං අයි නෝටිස්ට් ඉන් ටයිම්.,වෙලාවට දැක්ක එක හොඳට ගියා.,intermediate
something-has-changed-but-i-cant,s-everyday-conversations,"Something has changed, but I can't tell what.","සම්තිං හැස් චේන්ජ්ඩ්, බට් අයි කෑන්ට් ටෙල් වට්.","මොකක්හරි වෙනස් වෙලා, ඒත් මොකක්ද කියලා හරියට කියන්න බෑ.",intermediate
it-feels-different-somehow,s-everyday-conversations,It feels different somehow.,ඉට් ෆීල්ස් ඩිෆරන්ට් සම්හව්.,කොහොමහරි දැන් වෙනස් ගතියක් දැනෙනවා.,beginner
maybe-im-imagining-things,s-everyday-conversations,Maybe I'm imagining things.,මේබි අයිම් ඉමැජිනිං තිංස්.,සමහරවිට ඒක මගේ හිතේ විතරක් ඇති.,beginner
no-theres-definitely-something-different,s-everyday-conversations,"No, there's definitely something different.","නෝ, දෙයාර්ස් ඩෙෆිනිට්ලි සම්තිං ඩිෆරන්ට්.","නෑ, මොකක්හරි වෙනසක් නම් අනිවාර්යයෙන්ම තියෙනවා.",beginner
ill-keep-an-eye-on-it,s-everyday-conversations,I'll keep an eye on it.,අයිල් කීප් ඇන් අයි ඔන් ඉට්.,මං ඒ ගැන අවධානයෙන් ඉන්නම්.,intermediate
im-in-no-hurry-today,s-everyday-conversations,I'm in no hurry today.,අයිම් ඉන් නෝ හරි ටුඩේ.,අද මට කිසිම හදිස්සියක් නෑ.,beginner
i-can-take-my-time-with,s-everyday-conversations,I can take my time with this.,අයි කැන් ටේක් මයි ටයිම් විත් දිස්.,මේක හදිස්සි නොවී හිමින් කරන්න පුළුවන්.,intermediate
theres-no-need-to-force-it,s-everyday-conversations,There's no need to force it.,දෙයාර්ස් නෝ නීඩ් ට ෆෝර්ස් ඉට්.,බලෙන් කරන්න ඕන නෑ.,intermediate
ill-let-the-idea-develop-naturally,s-everyday-conversations,I'll let the idea develop naturally.,අයිල් ලෙට් දි අයිඩියා ඩිවෙලප් නැචරලි.,අදහස ඉබේම හොඳට හැදෙන්න මං ඉඩ දෙන්නම්.,intermediate
sometimes-the-answer-comes-when-i,s-transportation,Sometimes the answer comes when I stop looking for it.,සම්ටයිම්ස් දි ආන්සර් කම්ස් වෙන් අයි ස්ටොප් ලුකිං ෆෝර් ඉට්.,සමහර වෙලාවට උත්තරේ හම්බෙන්නේ ඒක හොයන එක නවත්තපු වෙලාවට.,intermediate
i-need-to-give-this-my,s-everyday-conversations,I need to give this my full attention.,අයි නීඩ් ට ගිව් දිස් මයි ෆුල් අටෙන්ෂන්.,මං මේකට සම්පූර්ණ අවධානය දෙන්න ඕන.,intermediate
my-mind-keeps-wandering,s-everyday-conversations,My mind keeps wandering.,මයි මයින්ඩ් කීප්ස් වොන්ඩරිං.,මගේ හිත එක එක දේවල්වලට යනවා.,beginner
what-was-i-thinking-about-again,s-asking-questions,What was I thinking about again?,වට් වස් අයි තිංකිං අබවුට් අගේන්?,මං දැන් හිත හිත හිටියේ මොකක් ගැනද?,intermediate
i-need-to-bring-my-attention,s-everyday-conversations,I need to bring my attention back.,අයි නීඩ් ට බ්‍රිං මයි අටෙන්ෂන් බැක්.,මගේ අවධානය ආයෙ මේකට ගන්න ඕන.,intermediate
ill-finish-one-thought-before-starting,s-everyday-conversations,I'll finish one thought before starting another.,අයිල් ෆිනිෂ් වන් තෝට් බිෆෝර් ස්ටාර්ටිං අනදර්.,තව අදහසකට යන්න කලින් මේ අදහස ඉවර කරලා ඉන්නම්.,intermediate
i-can-feel-myself-getting-distracted,s-feelings-emotions,I can feel myself getting distracted.,අයි කැන් ෆීල් මයිසෙල්ෆ් ගෙටිං ඩිස්ට්‍රැක්ටිඩ්.,මගේ අවධානය වෙන පැත්තකට යනවා කියලා මටම දැනෙනවා.,intermediate
that-can-wait-for-a-few,s-meetings,That can wait for a few minutes.,දැට් කැන් වේට් ෆෝර් අ ෆියු මිනිට්ස්.,ඒක තව විනාඩි ටිකක් තියන්න පුළුවන්.,intermediate
this-is-what-matters-right-now,s-everyday-conversations,This is what matters right now.,දිස් ඉස් වට් මැටර්ස් රයිට් නව්.,දැන් වැදගත් වෙන්නේ මේක.,intermediate
ill-come-back-to-that-thought,s-everyday-conversations,I'll come back to that thought later.,අයිල් කම් බැක් ට දැට් තෝට් ලේටර්.,ඒ අදහස ගැන මං පස්සේ ආයෙ හිතන්නම්.,intermediate
i-feel-much-clearer-now,s-feelings-emotions,I feel much clearer now.,අයි ෆීල් මච් ක්ලියරර් නව්.,දැන් මගේ ඔළුව ගොඩක් පැහැදිලියි වගේ.,beginner
i-wonder-how-id-handle-this,s-everyday-conversations,I wonder how I'd handle this a year from now.,අයි වන්ඩර් හව් අයිඩ් හැන්ඩ්ල් දිස් අ යියර් ෆ්‍රම් නව්.,තව අවුරුද්දකින් මේ වගේ දෙයක් ආවොත් මං කොහොම කරයිද දන්නෙ නෑ.,intermediate
ive-changed-more-than-i-realized,s-everyday-conversations,I've changed more than I realized.,අයිව් චේන්ජ්ඩ් මෝර් දෑන් අයි රියලයිස්ඩ්.,මං හිතුවට වඩා මං ගොඩක් වෙනස් වෙලා.,intermediate
things-that-used-to-bother-me,s-everyday-conversations,Things that used to bother me don't anymore.,තිංස් දැට් යූස්ට් ට බොදර් මී ඩෝන්ට් එනිමෝර්.,කලින් මගේ හිතට වද දුන්න දේවල් දැන් එහෙම නෑ.,intermediate
im-learning-to-respond-instead-of,s-everyday-conversations,I'm learning to respond instead of react.,අයිම් ලර්නිං ට රිස්පොන්ඩ් ඉන්ස්ටෙඩ් අව් රියැක්ට්.,එකපාරටම ප්‍රතිචාර දක්වනවා වෙනුවට හිතලා උත්තර දෙන්න මං ඉගෙනගන්නවා.,intermediate
not-everything-deserves-my-energy,s-everyday-conversations,Not everything deserves my energy.,නොට් එව්රිතිං ඩිසර්ව්ස් මයි එනර්ජි.,හැම දේකටම මගේ කාලයයි ශක්තියයි වැය කරන්න ඕන නෑ.,beginner
some-things-are-better-left-alone,s-everyday-conversations,Some things are better left alone.,සම් තිංස් ආර් බෙටර් ලෙෆ්ට් අලෝන්.,සමහර දේවල් අත නොගහා තියන එකම හොඳයි.,intermediate
i-dont-need-an-answer-to,s-everyday-conversations,I don't need an answer to everything.,අයි ඩෝන්ට් නීඩ් ඇන් ආන්සර් ට එව්රිතිං.,හැම දෙයකටම මට උත්තරයක් තියෙන්නම ඕන නෑ.,intermediate
its-okay-not-to-know-yet,s-everyday-conversations,It's okay not to know yet.,ඉට්ස් ඕකේ නොට් ට නෝ යෙට්.,තාම දන්නෙ නැති එක ප්‍රශ්නයක් නෙවෙයි.,intermediate
understanding-takes-time,s-everyday-conversations,Understanding takes time.,අන්ඩර්ස්ටෑන්ඩිං ටේක්ස් ටයිම්.,දෙයක් හරියට තේරුම් ගන්න කාලයක් යනවා.,beginner
ill-probably-see-this-differently-later,s-everyday-conversations,I'll probably see this differently later.,අයිල් ප්‍රොබබ්ලි සී දිස් ඩිෆරන්ට්ලි ලේටර්.,පස්සේ මං මේක වෙනස් විදිහකට දකින්න පුළුවන්.,intermediate
what-would-make-today-feel-worthwhile,s-feelings-emotions,What would make today feel worthwhile?,වට් වුඩ් මේක් ටුඩේ ෆීල් වර්ත්වයිල්?,අද දවස වටින දවසක් වුණා කියලා දැනෙන්න මං මොනවා කළොත්ද?,intermediate
i-dont-need-to-accomplish-everything,s-everyday-conversations,I don't need to accomplish everything today.,අයි ඩෝන්ට් නීඩ් ට අකම්ප්ලිෂ් එව්රිතිං ටුඩේ.,අදම හැම දෙයක්ම කරලා ඉවර කරන්න ඕන නෑ.,intermediate
one-meaningful-thing-is-enough,s-everyday-conversations,One meaningful thing is enough.,වන් මීනිංෆුල් තිං ඉස් ඉනෆ්.,වැදගත් එක දෙයක් කළත් ඇති.,beginner
ill-start-with-whatever-feels-manageable,s-everyday-conversations,I'll start with whatever feels manageable.,අයිල් ස්ටාර්ට් විත් වටෙවර් ෆීල්ස් මැනිජබල්.,කරගන්න පුළුවන් වගේ දැනෙන දෙයකින් මං පටන් ගන්නම්.,intermediate
starting-is-usually-the-hardest-part,s-everyday-conversations,Starting is usually the hardest part.,ස්ටාර්ටිං ඉස් යූෂුවලි ද හාඩස්ට් පාර්ට්.,සාමාන්‍යයෙන් අමාරුම දේ පටන් ගන්න එක.,intermediate
once-i-get-moving-ill-be,s-everyday-conversations,"Once I get moving, I'll be fine.","වන්ස් අයි ගෙට් මූවිං, අයිල් බී ෆයින්.",එක පාරක් පටන් ගත්තම මට හරි යයි.,intermediate
i-dont-feel-like-doing-it,s-feelings-emotions,"I don't feel like doing it, but I'll do it anyway.","අයි ඩෝන්ට් ෆීල් ලයික් ඩූඉං ඉට්, බට් අයිල් ඩූ ඉට් එනිවේ.","මට මේක කරන්න හිතෙන්නේ නෑ, ඒත් කොහොමත් මං කරනවා.",advanced
ill-thank-myself-later,s-thanking,I'll thank myself later.,අයිල් තෑන්ක් මයිසෙල්ෆ් ලේටර්.,දැන් මේක කළොත් පස්සේ මටම සතුටු හිතෙයි.,beginner
future-me-will-be-glad-i,s-feelings-emotions,Future me will be glad I did this.,ෆියුචර් මී විල් බී ග්ලැඩ් අයි ඩිඩ් දිස්.,පස්සේ මං මේක කළ එක ගැන සතුටු වෙයි.,intermediate
a-little-progress-still-counts,s-everyday-conversations,A little progress still counts.,අ ලිට්ල් ප්‍රෝග්‍රෙස් ස්ටිල් කවුන්ට්ස්.,පොඩ්ඩක් ඉස්සරහට ගියත් ඒකත් වටිනවා.,beginner
im-closer-than-i-was-yesterday,s-everyday-conversations,I'm closer than I was yesterday.,අයිම් ක්ලෝසර් දෑන් අයි වස් යෙස්ටර්ඩේ.,ඊයේ හිටියට වඩා අද මං ඉලක්කයට ළඟයි.,intermediate
i-dont-have-to-see-the,s-everyday-conversations,I don't have to see the whole path yet.,අයි ඩෝන්ට් හැව් ට සී ද හෝල් පාත් යෙට්.,මුළු ගමනම දැන්ම පැහැදිලි වෙන්න ඕන නෑ.,intermediate
i-just-need-to-know-my,s-everyday-conversations,I just need to know my next move.,අයි ජස්ට් නීඩ් ට නෝ මයි නෙක්ස්ට් මූව්.,ඊළඟට මං කරන්න ඕන දේ දැනගත්තම ඇති.,intermediate
ill-figure-out-the-rest-as,s-phrasal-verbs,I'll figure out the rest as I go.,අයිල් ෆිගර් අවුට් ද රෙස්ට් ඇස් අයි ගෝ.,ඉස්සරහට යන ගමන් ඉතුරු ටික තේරුම් ගන්නම්.,intermediate
theres-no-perfect-time-to-begin,s-everyday-conversations,There's no perfect time to begin.,දෙයාර්ස් නෝ පර්ෆෙක්ට් ටයිම් ට බිගින්.,පටන් ගන්න සම්පූර්ණයෙන්ම හරි වෙලාවක් කියලා එකක් නෑ.,intermediate
i-might-as-well-start-now,s-everyday-conversations,I might as well start now.,අයි මයිට් ඇස් වෙල් ස්ටාර්ට් නව්.,එහෙනම් දැන්ම පටන් ගන්න එක හොඳයි.,intermediate
what-am-i-waiting-for-exactly,s-agreeing-disagreeing,"What am I waiting for, exactly?","වට් ඇම් අයි වේටිං ෆෝර්, එක්සැක්ට්ලි?",ඇත්තටම මං මොනවා වෙනකම්ද බලාගෙන ඉන්නේ?,intermediate
im-capable-of-more-than-i,s-everyday-conversations,I'm capable of more than I give myself credit for.,අයිම් කේපබල් අව් මෝර් දෑන් අයි ගිව් මයිසෙල්ෆ් ක්‍රෙඩිට් ෆෝර්.,මං මං ගැන හිතනවට වඩා ගොඩක් දේවල් කරන්න මට පුළුවන්.,intermediate
ive-handled-harder-things-than-this,s-everyday-conversations,I've handled harder things than this.,අයිව් හැන්ඩල්ඩ් හාඩර් තිංස් දෑන් දිස්.,මං මීට වඩා අමාරු දේවලුත් කලින් බලාගෙන තියෙනවා.,intermediate
ill-find-a-way-through-it,s-everyday-conversations,I'll find a way through it.,අයිල් ෆයින්ඩ් අ වේ ත්රූ ඉට්.,මේකෙන් ගොඩ එන්න මං කොහොමහරි විදිහක් හොයාගන්නම්.,intermediate
that-conversation-couldve-gone-better,s-everyday-conversations,That conversation could've gone better.,දැට් කොන්වර්සේෂන් කුඩව් ගෝන් බෙටර්.,ඒ කතාබහ මීට වඩා හොඳට වෙන්න තිබුණා.,beginner
i-talked-more-than-i-meant,s-everyday-conversations,I talked more than I meant to.,අයි ටෝක්ට් මෝර් දෑන් අයි මෙන්ට් ට.,මං හිතාගෙන හිටියට වඩා වැඩියෙන් කතා කළා.,intermediate
i-shouldve-listened-a-little-more,s-everyday-conversations,I should've listened a little more.,අයි ෂුඩව් ලිසන්ඩ් අ ලිට්ල් මෝර්.,මට තව ටිකක් අහගෙන ඉන්න තිබුණා.,intermediate
maybe-i-misunderstood-their-tone,s-everyday-conversations,Maybe I misunderstood their tone.,මේබි අයි මිස්අන්ඩර්ස්ටුඩ් දෙයා ටෝන්.,සමහරවිට එයා කතා කළ විදිහ මං වැරදියට තේරුම් ගත්තා ඇති.,beginner
i-dont-think-they-were-trying,s-everyday-conversations,I don't think they were trying to offend me.,අයි ඩෝන්ට් තිංක් දේ වර් ට්‍රයිං ට ඔෆෙන්ඩ් මී.,මට හිතෙන්නේ නෑ එයාලා මගේ හිත රිද්දන්න හිතාගෙන ඒක කළා කියලා.,intermediate
next-time-ill-ask-instead-of,s-everyday-conversations,"Next time, I'll ask instead of assuming.","නෙක්ස්ට් ටයිම්, අයිල් ආස්ක් ඉන්ස්ටෙඩ් අව් අසූමිං.",ඊළඟ පාර මං හිතාගන්නේ නැතුව කෙළින්ම අහන්නම්.,intermediate
i-couldve-phrased-that-better,s-everyday-conversations,I could've phrased that better.,අයි කුඩව් ෆ්‍රේස්ට් දැට් බෙටර්.,මට ඒක මීට වඩා හොඳ විදිහකට කියන්න තිබුණා.,beginner
at-least-i-said-what-needed,s-everyday-conversations,At least I said what needed to be said.,ඇට් ලීස්ට් අයි සෙඩ් වට් නීඩඩ් ට බී සෙඩ්.,අඩුම ගානේ කියන්න ඕන දේ මං කිව්වා.,intermediate
theres-no-use-replaying-it-in,s-everyday-conversations,There's no use replaying it in my head.,දෙයාර්ස් නෝ යූස් රීප්ලේයිං ඉට් ඉන් මයි හෙඩ්.,ඒ සිද්ධිය ආයෙ ආයෙ ඔළුවේ මතක් කරගෙන වැඩක් නෑ.,intermediate
the-moment-has-already-passed,s-everyday-conversations,The moment has already passed.,ද මෝමන්ට් හැස් ඕල්රෙඩි පාස්ට්.,ඒ වෙලාව දැන් ගිහින් ඉවරයි.,beginner
ill-learn-from-it-and-move,s-school-education,I'll learn from it and move on.,අයිල් ලර්න් ෆ්‍රම් ඉට් ඇන්ඩ් මූව් ඔන්.,ඒකෙන් පාඩමක් අරගෙන මං ඉස්සරහට යන්නම්.,intermediate
tomorrow-is-another-chance-to-do,s-making-plans,Tomorrow is another chance to do better.,ටුමොරෝ ඉස් අනදර් චාන්ස් ට ඩූ බෙටර්.,හෙට මීට වඩා හොඳට කරන්න තව අවස්ථාවක් තියෙනවා.,intermediate
i-wonder-what-ill-think-about,s-making-plans,I wonder what I'll think about this tomorrow.,අයි වන්ඩර් වට් අයිල් තිංක් අබවුට් දිස් ටුමොරෝ.,හෙට වෙද්දි මං මේ ගැන මොනවා හිතයිද දන්නෙ නෑ.,intermediate
things-often-feel-different-after-some,s-feelings-emotions,Things often feel different after some distance.,තිංස් ඔෆන් ෆීල් ඩිෆරන්ට් ආෆ්ටර් සම් ඩිස්ටන්ස්.,ටික කාලයක් ගියාම දේවල් ගැන දැනෙන විදිහ වෙනස් වෙනවා.,intermediate
maybe-this-wont-matter-as-much,s-everyday-conversations,Maybe this won't matter as much as I think.,මේබි දිස් වෝන්ට් මැටර් ඇස් මච් ඇස් අයි තිංක්.,සමහරවිට මං හිතන තරම් මේක වැදගත් දෙයක් නොවෙයි.,intermediate
ill-give-it-some-room-to,s-home,I'll give it some room to breathe.,අයිල් ගිව් ඉට් සම් රූම් ට බ්‍රීද්.,මං මේකට ටිකක් කාලය දීලා නිදහසේ තියන්නම්.,intermediate
not-every-thought-needs-my-attention,s-everyday-conversations,Not every thought needs my attention.,නොට් එව්රි තෝට් නීඩ්ස් මයි අටෙන්ෂන්.,හිතට එන හැම අදහසක් ගැනම මං හිත හිත ඉන්න ඕන නෑ.,intermediate
i-can-notice-a-thought-without,s-everyday-conversations,I can notice a thought without following it.,අයි කැන් නෝටිස් අ තෝට් විදවුට් ෆොලෝවිං ඉට්.,හිතට අදහසක් ආවා කියලා ඒක පස්සේම යන්න ඕන නෑ.,intermediate
ill-deal-with-whats-actually-happening,s-business,"I'll deal with what's actually happening, not what might happen.","අයිල් ඩීල් විත් වට්ස් ඇක්චුවලි හැපනිං, නොට් වට් මයිට් හැපන්.","වෙන්න පුළුවන් දේවල් ගැන නෙවෙයි, ඇත්තටම දැන් වෙන දේ ගැන මං බලන්නම්.",intermediate
the-more-i-think-in-english,s-everyday-conversations,"The more I think in English, the more natural it becomes.","ද මෝර් අයි තිංක් ඉන් ඉංග්ලිෂ්, ද මෝර් නැචරල් ඉට් බිකම්ස්.","මං English වලින් වැඩි වැඩියෙන් හිතන තරමට, ඒක මට ඉබේම වෙන දෙයක් බවට පත්වෙනවා.",advanced
im-just-trying-to-stay-on,s-phrasal-verbs,I'm just trying to stay on top of things.,අයිම් ජස්ට් ට්‍රයිං ටු ස්ටේ ඔන් ටොප් අව් තිංස්.,මං කරන්න තියෙන වැඩ අතපසු නොවී බලාගෙන යන්න උත්සාහ කරනවා.,intermediate
ive-got-a-lot-to-catch,s-everyday-conversations,I've got a lot to catch up on.,අයිව් ගොට් අ ලොට් ටු කැච් අප් ඔන්.,මට පස්සට ගිය වැඩ ගොඩක් ආයෙත් අල්ලගන්න තියෙනවා.,intermediate
im-slowly-catching-up,s-everyday-conversations,I'm slowly catching up.,අයිම් ස්ලෝලි කැචිං අප්.,මං ටික ටික පස්සට ගිය වැඩ අල්ලගෙන එනවා.,beginner
im-trying-to-get-back-on,s-making-plans,I'm trying to get back on schedule.,අයිම් ට්‍රයිං ටු ගෙට් බැක් ඔන් ස්කෙජූල්.,මං ආයෙත් නියමිත වෙලාවට වැඩ කරගෙන යන්න උත්සාහ කරනවා.,intermediate
im-a-little-behind,s-everyday-conversations,I'm a little behind.,අයිම් අ ලිට්ල් බිහයින්ඩ්.,මං වැඩවලින් ටිකක් පස්සට ගිහින්.,beginner
i-need-to-catch-up-today,s-everyday-conversations,I need to catch up today.,අයි නීඩ් ටු කැච් අප් ටුඩේ.,අද මට පස්සට ගිය වැඩ ටික අල්ලගන්න ඕන.,intermediate
ive-been-putting-things-off,s-everyday-conversations,I've been putting things off.,අයිව් බීන් පුටිං තිංස් ඔෆ්.,මං වැඩ ටික කල් දා දා හිටියා.,beginner
i-need-to-stop-procrastinating,s-transportation,I need to stop procrastinating.,අයි නීඩ් ටු ස්ටොප් ප්‍රොක්‍රැස්ටිනේටිං.,මට වැඩ කල් දාන්නෙ නැතුව කරන්න පුරුදු වෙන්න ඕන.,beginner
im-finally-getting-around-to-it,s-everyday-conversations,I'm finally getting around to it.,අයිම් ෆයිනලි ගෙටිං අරවුන්ඩ් ටු ඉට්.,අන්තිමට දැන් මං ඒ වැඩේ කරන්න පටන් ගන්නවා.,intermediate
ive-been-avoiding-it-long-enough,s-everyday-conversations,I've been avoiding it long enough.,අයිව් බීන් අවොයිඩිං ඉට් ලොං ඉනෆ්.,මං මේක සෑහෙන කාලයක් මඟහැරලා හිටියා.,intermediate
time-to-get-it-done,s-everyday-conversations,Time to get it done.,ටයිම් ටු ගෙට් ඉට් ඩන්.,දැන් මේ වැඩේ ඉවර කරන්න වෙලාව.,beginner
no-more-excuses,s-everyday-conversations,No more excuses.,නෝ මෝර් එක්ස්කියුසස්.,දැන් තවත් නිදහසට කරුණු නෑ.,beginner
im-getting-straight-to-it,s-everyday-conversations,I'm getting straight to it.,අයිම් ගෙටිං ස්ට්‍රේට් ටු ඉට්.,මං වටේ යන්නේ නැතුව වැඩේටම බහිනවා.,beginner
im-getting-down-to-business,s-business,I'm getting down to business.,අයිම් ගෙටිං ඩවුන් ටු බිස්නස්.,දැන් මං ඇත්තටම වැඩේ පටන් ගන්නවා.,beginner
lets-get-down-to-business,s-business,Let's get down to business.,ලෙට්ස් ගෙට් ඩවුන් ටු බිස්නස්.,අපි දැන් කතාව නවත්තලා වැඩේ පටන් ගමු.,beginner
lets-get-to-the-point,s-everyday-conversations,Let's get to the point.,ලෙට්ස් ගෙට් ටු ද පොයින්ට්.,අපි කෙළින්ම ප්‍රධාන කතාවට යමු.,beginner
lets-cut-to-the-chase,s-everyday-conversations,Let's cut to the chase.,ලෙට්ස් කට් ටු ද චේස්.,වටේ යන්නේ නැතුව කෙළින්ම වැදගත් දේට යමු.,beginner
whats-the-bottom-line,s-asking-questions,What's the bottom line?,වට්ස් ද බොටම් ලයින්?,අන්තිමට වැදගත්ම කාරණය මොකක්ද?,beginner
what-are-we-dealing-with-here,s-asking-questions,What are we dealing with here?,වට් ආර් වී ඩීලිං විත් හියර්?,මෙතන ඇත්තටම අපිට තියෙන ප්‍රශ්නය මොකක්ද?,intermediate
what-exactly-do-we-need-to,s-agreeing-disagreeing,What exactly do we need to do?,වට් ඉග්සැක්ට්ලි ඩු වී නීඩ් ටු ඩූ?,අපි හරියටම මොනවද කරන්න ඕන?,intermediate
lets-break-it-down,s-everyday-conversations,Let's break it down.,ලෙට්ස් බ්‍රේක් ඉට් ඩවුන්.,අපි මේක පොඩි කොටස්වලට බෙදලා බලමු.,beginner
lets-take-it-step-by-step,s-everyday-conversations,Let's take it step by step.,ලෙට්ස් ටේක් ඉට් ස්ටෙප් බයි ස්ටෙප්.,අපි පියවරෙන් පියවර කරමු.,intermediate
lets-start-with-the-basics,s-everyday-conversations,Let's start with the basics.,ලෙට්ස් ස්ටාර්ට් විත් ද බේසික්ස්.,මුලින්ම මූලික දේවල්වලින් පටන් ගමු.,beginner
lets-start-from-scratch,s-everyday-conversations,Let's start from scratch.,ලෙට්ස් ස්ටාර්ට් ෆ්‍රම් ස්ක්‍රැච්.,අපි මුල ඉඳන්ම පටන් ගමු.,beginner
lets-go-back-to-the-beginning,s-everyday-conversations,Let's go back to the beginning.,ලෙට්ස් ගෝ බැක් ටු ද බිගිනිං.,අපි ආයෙත් මුලට යමු.,intermediate
i-think-we-skipped-a-step,s-everyday-conversations,I think we skipped a step.,අයි තින්ක් වී ස්කිප්ට් අ ස්ටෙප්.,මං හිතන්නේ අපි එක පියවරක් මඟහැරලා.,intermediate
were-missing-something,s-everyday-conversations,We're missing something.,වීර් මිසිං සම්තිං.,අපිට මොකක්හරි වැදගත් දෙයක් මඟහැරෙනවා.,beginner
something-doesnt-quite-fit,s-shopping,Something doesn't quite fit.,සම්තිං ඩසන්ට් ක්වයිට් ෆිට්.,මොකක්හරි හරියට ගැලපෙන්නේ නෑ.,beginner
lets-go-over-it-again,s-everyday-conversations,Let's go over it again.,ලෙට්ස් ගෝ ඕවර් ඉට් අගේන්.,අපි ආයෙත් මුළු දේම බලමු.,beginner
lets-run-through-it-once-more,s-everyday-conversations,Let's run through it once more.,ලෙට්ස් රන් ත්රූ ඉට් වන්ස් මෝර්.,අපි තව එක සැරයක් ඉක්මනට මුළු දේම බලමු.,intermediate
i-wanna-make-sure-i-understand,s-everyday-conversations,I wanna make sure I understand.,අයි වොනා මේක් ෂුවර් අයි අන්ඩර්ස්ටෑන්ඩ්.,මට මේක හරියට තේරුණාද කියලා තහවුරු කරගන්න ඕන.,intermediate
correct-me-if-im-wrong,s-problems-complaints,Correct me if I'm wrong.,කරෙක්ට් මී ඉෆ් අයිම් රොං.,මම වැරදි නම් හරි කරලා කියන්න.,beginner
so-if-i-understand-correctly,s-everyday-conversations,"So, if I understand correctly...","සෝ, ඉෆ් අයි අන්ඩර්ස්ටෑන්ඩ් කරෙක්ට්ලි...",එහෙනම් මට හරියට තේරුණා නම්...,beginner
let-me-see-if-ive-got,s-everyday-conversations,Let me see if I've got this right.,ලෙට් මී සී ඉෆ් අයිව් ගොට් දිස් රයිට්.,මට මේක හරියට තේරුණාද බලන්නම්.,intermediate
am-i-understanding-you-correctly,s-everyday-conversations,Am I understanding you correctly?,ඇම් අයි අන්ඩර්ස්ටෑන්ඩිං යූ කරෙක්ට්ලි?,මං ඔයා කියන දේ හරියට තේරුම් ගන්නවද?,beginner
is-that-what-you-mean,s-asking-questions,Is that what you mean?,ඉස් දැට් වට් යූ මීන්?,ඔයා කියන්නේ ඒකද?,beginner
did-i-get-that-right,s-asking-questions,Did I get that right?,ඩිඩ් අයි ගෙට් දැට් රයිට්?,මට ඒක හරියට තේරුණාද?,beginner
i-think-im-following-you,s-everyday-conversations,I think I'm following you.,අයි තින්ක් අයිම් ෆොලෝයිං යූ.,මං හිතන්නේ ඔයා කියන දේ මට තේරෙනවා.,beginner
im-with-you-so-far,s-everyday-conversations,I'm with you so far.,අයිම් විත් යූ සෝ ෆාර්.,දැනට නම් ඔයා කියන දේ මට තේරෙනවා.,beginner
you-lost-me-there,s-everyday-conversations,You lost me there.,යූ ලොස්ට් මී දෙයාර්.,එතනින් පස්සේ මට තේරුණේ නෑ.,beginner
can-you-say-that-again,s-making-requests,Can you say that again?,කැන් යූ සේ දැට් අගේන්?,ඒක ආයෙත් කියන්න පුළුවන්ද?,beginner
can-you-explain-that-a-little,s-making-requests,Can you explain that a little more?,කැන් යූ එක්ස්ප්ලේන් දැට් අ ලිට්ල් මෝර්?,ඒක තව ටිකක් පැහැදිලි කරලා කියන්න පුළුවන්ද?,intermediate
can-you-put-that-another-way,s-making-requests,Can you put that another way?,කැන් යූ පුට් දැට් අනදර් වේ?,ඒක වෙන විදිහකට කියන්න පුළුවන්ද?,intermediate
can-you-give-me-an-example,s-making-requests,Can you give me an example?,කැන් යූ ගිව් මී ඇන් එක්සාම්පල්?,මට උදාහරණයක් දෙන්න පුළුවන්ද?,intermediate
that-part-confused-me,s-everyday-conversations,That part confused me.,දැට් පාර්ට් කන්ෆියුස්ඩ් මී.,ඒ කොටසෙන් මට ටිකක් අවුල් වුණා.,beginner
im-a-little-confused,s-everyday-conversations,I'm a little confused.,අයිම් අ ලිට්ල් කන්ෆියුස්ඩ්.,මට ටිකක් අවුල්.,beginner
im-not-quite-following,s-everyday-conversations,I'm not quite following.,අයිම් නොට් ක්වයිට් ෆොලෝයිං.,මට හරියටම තේරෙන්නේ නෑ.,beginner
youll-have-to-explain-that-one,s-everyday-conversations,You'll have to explain that one.,යූල් හැව් ටු එක්ස්ප්ලේන් දැට් වන්.,ඒක නම් ඔයාට පැහැදිලි කරලා කියන්න වෙනවා.,intermediate
what-do-you-mean-by-that,s-asking-questions,What do you mean by that?,වට් ඩු යූ මීන් බයි දැට්?,ඒකෙන් ඔයා අදහස් කරන්නේ මොකක්ද?,intermediate
could-you-be-more-specific,s-making-requests,Could you be more specific?,කුඩ් යූ බී මෝර් ස්පෙසිෆික්?,තව හරියටම පැහැදිලිව කියන්න පුළුවන්ද?,beginner
be-more-specific,s-everyday-conversations,Be more specific.,බී මෝර් ස්පෙසිෆික්.,තව පැහැදිලිව හරියටම කියන්න.,beginner
what-exactly-happened,s-agreeing-disagreeing,What exactly happened?,වට් ඉග්සැක්ට්ලි හැපන්ඩ්?,හරියටම මොකද වුණේ?,beginner
start-from-the-beginning,s-everyday-conversations,Start from the beginning.,ස්ටාර්ට් ෆ්‍රම් ද බිගිනිං.,මුල ඉඳලා පටන් ගන්න.,beginner
tell-me-everything,s-everyday-conversations,Tell me everything.,ටෙල් මී එව්රිතිං.,හැමදේම මට කියන්න.,beginner
dont-leave-anything-out,s-everyday-conversations,Don't leave anything out.,ඩෝන්ට් ලීව් එනිතිං අවුට්.,කිසි දෙයක් මඟහරින්න එපා.,beginner
give-me-the-full-story,s-everyday-conversations,Give me the full story.,ගිව් මී ද ෆුල් ස්ටෝරි.,මුළු කතාවම කියන්න.,beginner
i-want-all-the-details,s-everyday-conversations,I want all the details.,අයි වොන්ට් ඕල් ද ඩීටේල්ස්.,මට හැම විස්තරයක්ම දැනගන්න ඕන.,beginner
spill-it,s-everyday-conversations,Spill it.,ස්පිල් ඉට්.,"හරි, ඔක්කොම කියන්න.",beginner
come-on-tell-me,s-everyday-conversations,"Come on, tell me.","කම් ඔන්, ටෙල් මී.","අනේ, කියන්නකෝ.",beginner
dont-keep-me-guessing,s-everyday-conversations,Don't keep me guessing.,ඩෝන්ට් කීප් මී ගෙසිං.,මාව අනුමාන කර කර ඉන්න දාන්න එපා.,beginner
youre-killing-me-here,s-everyday-conversations,You're killing me here.,යෝර් කිලිං මී හියර්.,"අනේ, මෙච්චර suspense එකේ තියාගන්න එපා.",beginner
get-to-the-good-part,s-everyday-conversations,Get to the good part.,ගෙට් ටු ද ගුඩ් පාර්ට්.,හොඳම කොටසට ඉක්මනට යන්න.,beginner
what-happened-in-the-end,s-asking-questions,What happened in the end?,වට් හැපන්ඩ් ඉන් ද එන්ඩ්?,අන්තිමට මොකද වුණේ?,beginner
how-did-everyone-react,s-asking-questions,How did everyone react?,හවු ඩිඩ් එව්රිවන් රියැක්ට්?,හැමෝම කොහොමද ප්‍රතිචාර දැක්වුවේ?,beginner
what-did-you-do-then,s-asking-questions,What did you do then?,වට් ඩිඩ් යූ ඩූ දෙන්?,එතකොට ඔයා මොකද කළේ?,beginner
what-did-you-say,s-asking-questions,What did you say?,වට් ඩිඩ් යූ සේ?,ඔයා මොනවද කිව්වේ?,beginner
what-did-they-say-back,s-asking-questions,What did they say back?,වට් ඩිඩ් දේ සේ බැක්?,එයාලා ආපහු මොනවද කිව්වේ?,beginner
how-did-you-respond,s-asking-questions,How did you respond?,හවු ඩිඩ් යූ රිස්පොන්ඩ්?,ඔයා කොහොමද උත්තර දුන්නේ?,beginner
what-would-you-have-done,s-making-requests,What would you have done?,වට් වුඩ් යූ හැව් ඩන්?,ඔයා මගේ තැන හිටියා නම් මොනවද කරන්නේ?,beginner
what-was-i-supposed-to-do,s-asking-questions,What was I supposed to do?,වට් වස් අයි සපෝස්ට් ටු ඩූ?,එහෙම වෙලාවක මං මොනවා කරන්නද?,intermediate
i-didnt-have-much-of-a,s-everyday-conversations,I didn't have much of a choice.,අයි ඩිඩන්ට් හැව් මච් අව් අ චොයිස්.,මට වෙන කරන්න ලොකු තේරීමක් තිබුණේ නෑ.,intermediate
i-did-what-i-had-to,s-everyday-conversations,I did what I had to do.,අයි ඩිඩ් වට් අයි හැඩ් ටු ඩූ.,කරන්නම තිබුණු දේ මං කළා.,intermediate
i-didnt-know-what-else-to,s-everyday-conversations,I didn't know what else to do.,අයි ඩිඩන්ට් නෝ වට් එල්ස් ටු ඩූ.,වෙන මොනවා කරන්නද කියලා මං දැනගෙන හිටියේ නෑ.,intermediate
it-seemed-like-the-best-option,s-everyday-conversations,It seemed like the best option at the time.,ඉට් සීම්ඩ් ලයික් ද බෙස්ට් ඔප්ෂන් ඇට් ද ටයිම්.,ඒ වෙලාවේ හොඳම තේරීම ඒක වගේ පෙනුණා.,intermediate
looking-back-id-do-it-differently,s-everyday-conversations,"Looking back, I'd do it differently.","ලුකිං බැක්, අයිඩ් ඩූ ඉට් ඩිෆරන්ට්ලි.",දැන් ආපහු හිතලා බලද්දී මං ඒක වෙනස් විදිහකට කරනවා.,intermediate
hindsight-is-twenty-twenty,s-everyday-conversations,Hindsight is twenty-twenty.,හයින්ඩ්සයිට් ඉස් ටුවෙන්ටි ටුවෙන්ටි.,දෙයක් වෙලා ඉවර වුණාට පස්සේ හරි වැරදි තේරෙන එක ලේසියි.,beginner
it-seemed-right-at-the-time,s-everyday-conversations,It seemed right at the time.,ඉට් සීම්ඩ් රයිට් ඇට් ද ටයිම්.,ඒ වෙලාවේ නම් ඒක හරි වගේ හිතුණා.,intermediate
i-made-the-best-call-i,s-everyday-conversations,I made the best call I could.,අයි මේඩ් ද බෙස්ට් කෝල් අයි කුඩ්.,මට තිබුණු තොරතුරු අනුව මට පුළුවන් හොඳම තීරණය ගත්තා.,intermediate
i-cant-change-the-past,s-banking-money,I can't change the past.,අයි කෑන්ට් චේන්ජ් ද පාස්ට්.,ගිය දේ මට වෙනස් කරන්න බෑ.,beginner
all-i-can-do-is-learn,s-school-education,All I can do is learn from it.,ඕල් අයි කැන් ඩූ ඉස් ලර්න් ෆ්‍රම් ඉට්.,දැන් මට කරන්න පුළුවන් ඒකෙන් පාඩමක් ඉගෙනගන්න එක විතරයි.,intermediate
im-trying-not-to-dwell-on,s-everyday-conversations,I'm trying not to dwell on the past.,අයිම් ට්‍රයිං නොට් ටු ඩ්වෙල් ඔන් ද පාස්ට්.,ගිය දේ ගැනම හිත හිත ඉන්නේ නැතුව ඉන්න උත්සාහ කරනවා.,intermediate
im-focusing-on-whats-next,s-everyday-conversations,I'm focusing on what's next.,අයිම් ෆෝකසිං ඔන් වට්ස් නෙක්ස්ට්.,දැන් මං ඊළඟට කරන්න තියෙන දේ ගැන අවධානය දෙනවා.,beginner
ive-got-bigger-things-to-worry,s-everyday-conversations,I've got bigger things to worry about.,අයිව් ගොට් බිගර් තිංස් ටු වරි අබවුට්.,මට මේකට වඩා වැදගත් දේවල් ගැන හිතන්න තියෙනවා.,intermediate
im-not-wasting-my-energy-on,s-everyday-conversations,I'm not wasting my energy on that.,අයිම් නොට් වේස්ටිං මයි එනර්ජි ඔන් දැට්.,ඒකට මගේ ශක්තිය නිකන් නාස්ති කරන්නේ නෑ.,intermediate
its-not-worth-my-time,s-everyday-conversations,It's not worth my time.,ඉට්ස් නොට් වර්ත් මයි ටයිම්.,ඒකට මගේ වෙලාව වැය කරන එක වටින්නේ නෑ.,beginner
ive-got-better-things-to-do,s-everyday-conversations,I've got better things to do.,අයිව් ගොට් බෙටර් තිංස් ටු ඩූ.,මට කරන්න මීට වඩා වැදගත් දේවල් තියෙනවා.,intermediate
im-not-giving-it-any-more,s-everyday-conversations,I'm not giving it any more attention.,අයිම් නොට් ගිවිං ඉට් එනි මෝර් අටෙන්ෂන්.,දැන් මං ඒකට තවත් අවධානය දෙන්නේ නෑ.,intermediate
im-done-talking-about-it,s-everyday-conversations,I'm done talking about it.,අයිම් ඩන් ටෝකිං අබවුට් ඉට්.,දැන් ඒ ගැන කතා කරලා ඇති.,beginner
ive-said-what-i-needed-to,s-everyday-conversations,I've said what I needed to say.,අයිව් සෙඩ් වට් අයි නීඩිඩ් ටු සේ.,මට කියන්න තිබුණු දේ මං කියලා ඉවරයි.,intermediate
i-have-nothing-else-to-add,s-everyday-conversations,I have nothing else to add.,අයි හැව් නතිං එල්ස් ටු ඇඩ්.,මට තව කියන්න දෙයක් නෑ.,intermediate
lets-leave-it-there,s-everyday-conversations,Let's leave it there.,ලෙට්ස් ලීව් ඉට් දෙයාර්.,අපි ඒ කතාව එතනින් නවත්තමු.,beginner
theres-no-point-going-in-circles,s-everyday-conversations,There's no point going in circles.,දෙයාර්ස් නෝ පොයින්ට් ගෝයිං ඉන් සර්කල්ස්.,එකම දේ නැවත නැවත කතා කරලා වැඩක් නෑ.,intermediate
were-just-going-in-circles,s-everyday-conversations,We're just going in circles.,වීර් ජස්ට් ගෝයිං ඉන් සර්කල්ස්.,අපි එකම කතාව වටේ කැරකෙනවා.,beginner
were-not-getting-anywhere,s-everyday-conversations,We're not getting anywhere.,වීර් නොට් ගෙටිං එනිවෙයාර්.,මේ කතාවෙන් අපිට කිසිම විසඳුමකට යන්න බෑ.,beginner
lets-come-back-to-this-later,s-everyday-conversations,Let's come back to this later.,ලෙට්ස් කම් බැක් ටු දිස් ලේටර්.,අපි පස්සේ මේ ගැන ආයෙත් කතා කරමු.,intermediate
maybe-we-need-a-fresh-perspective,s-giving-opinions,Maybe we need a fresh perspective.,මේබි වී නීඩ් අ ෆ්‍රෙෂ් පර්ස්පෙක්ටිව්.,සමහරවිට මේක වෙනස් පැත්තකින් බලන්න ඕන.,intermediate
lets-sleep-on-it-and-talk,s-home,Let's sleep on it and talk tomorrow.,ලෙට්ස් ස්ලීප් ඔන් ඉට් ඇන්ඩ් ටෝක් ටුමොරෝ.,අද ටිකක් හිතලා හෙට ආයෙත් කතා කරමු.,intermediate
were-both-tired,s-feelings-emotions,We're both tired.,වීර් බෝත් ටයර්ඩ්.,අපි දෙන්නාම දැන් මහන්සියෙන් ඉන්නේ.,beginner
this-isnt-the-best-time-to,s-everyday-conversations,This isn't the best time to talk about it.,දිස් ඉසන්ට් ද බෙස්ට් ටයිම් ටු ටෝක් අබවුට් ඉට්.,මේ ගැන කතා කරන්න දැන් හොඳම වෙලාව නෙවෙයි.,intermediate
lets-talk-when-were-calmer,s-everyday-conversations,Let's talk when we're calmer.,ලෙට්ස් ටෝක් වෙන් වීර් කාමර්.,අපි දෙන්නාම සන්සුන් වුණාම කතා කරමු.,beginner
i-dont-wanna-say-something-ill,s-everyday-conversations,I don't wanna say something I'll regret.,අයි ඩෝන්ට් වොනා සේ සම්තිං අයිල් රිග්‍රෙට්.,පස්සේ පසුතැවෙන්න වෙන දෙයක් කියන්න මට ඕන නෑ.,intermediate
i-need-a-minute-before-i,s-everyday-conversations,I need a minute before I respond.,අයි නීඩ් අ මිනිට් බිෆෝර් අයි රිස්පොන්ඩ්.,උත්තර දෙන්න කලින් මට පොඩ්ඩක් හිතන්න ඕන.,intermediate
let-me-cool-off-first,s-everyday-conversations,Let me cool off first.,ලෙට් මී කූල් ඔෆ් ෆර්ස්ට්.,මුලින් මට ටිකක් තරහ අඩු කරගන්න දෙන්න.,beginner
im-too-annoyed-to-talk-right,s-everyday-conversations,I'm too annoyed to talk right now.,අයිම් ටූ අනොයිඩ් ටු ටෝක් රයිට් නවු.,දැන් කතා කරන්න තරම් මට කේන්ති ගිහින්.,intermediate
i-need-some-time-to-calm,s-everyday-conversations,I need some time to calm down.,අයි නීඩ් සම් ටයිම් ටු කාම් ඩවුන්.,මට සන්සුන් වෙන්න ටිකක් වෙලාව ඕන.,intermediate
lets-not-make-this-worse,s-everyday-conversations,Let's not make this worse.,ලෙට්ස් නොට් මේක් දිස් වර්ස්.,අපි මේක තවත් නරක කරගන්න එපා.,beginner
i-dont-want-this-to-turn,s-everyday-conversations,I don't want this to turn into an argument.,අයි ඩෝන්ට් වොන්ට් දිස් ටු ටර්න් ඉන්ටු ඇන් ආර්ගියුමන්ට්.,මේක රණ්ඩුවක් වෙන්න මට ඕන නෑ.,intermediate
we-can-talk-without-arguing,s-everyday-conversations,We can talk without arguing.,වී කැන් ටෝක් විදවුට් ආර්ගියුයිං.,රණ්ඩු නොවී අපිට මේ ගැන කතා කරන්න පුළුවන්.,beginner
lets-keep-this-civil,s-everyday-conversations,Let's keep this civil.,ලෙට්ස් කීප් දිස් සිවිල්.,අපි ගරුත්වයෙන් සන්සුන්ව කතා කරමු.,beginner
im-trying-to-understand-your-side,s-everyday-conversations,I'm trying to understand your side.,අයිම් ට්‍රයිං ටු අන්ඩර්ස්ටෑන්ඩ් යෝර් සයිඩ්.,මං ඔයාගේ පැත්ත තේරුම් ගන්න උත්සාහ කරනවා.,intermediate
try-to-see-it-from-my,s-everyday-conversations,Try to see it from my side too.,ට්‍රයි ටු සී ඉට් ෆ්‍රම් මයි සයිඩ් ටූ.,මගේ පැත්තෙන්ත් මේක බලලා බලන්න.,intermediate
put-yourself-in-my-shoes,s-everyday-conversations,Put yourself in my shoes.,පුට් යෝර්සෙල්ෆ් ඉන් මයි ෂූස්.,ඔයා මගේ තැන හිටියා නම් කොහොමද කියලා හිතලා බලන්න.,beginner
imagine-how-that-felt-for-me,s-everyday-conversations,Imagine how that felt for me.,ඉමැජින් හවු දැට් ෆෙල්ට් ෆෝ මී.,ඒක මට කොහොම දැනෙන්න ඇතිද කියලා හිතලා බලන්න.,intermediate
im-not-asking-you-to-agree,s-agreeing-disagreeing,I'm not asking you to agree.,අයිම් නොට් ආස්කිං යූ ටු අග්‍රී.,මං ඔයාට මට එකඟ වෙන්න කියන්නේ නෑ.,intermediate
i-just-want-you-to-understand,s-everyday-conversations,I just want you to understand.,අයි ජස්ට් වොන්ට් යූ ටු අන්ඩර්ස්ටෑන්ඩ්.,මට ඕන ඔයා මේක තේරුම් ගන්න විතරයි.,intermediate
you-dont-have-to-agree-with,s-agreeing-disagreeing,You don't have to agree with me.,යූ ඩෝන්ට් හැව් ටු අග්‍රී විත් මී.,ඔයාට මට එකඟ වෙන්නම ඕන නෑ.,intermediate
we-can-disagree-and-still-be,s-agreeing-disagreeing,We can disagree and still be okay.,වී කැන් ඩිසග්‍රී ඇන්ඩ් ස්ටිල් බී ඕකේ.,අපේ අදහස් වෙනස් වුණත් අපි අතර අවුලක් නැතුව ඉන්න පුළුවන්.,intermediate
we-dont-have-to-see-everything,s-everyday-conversations,We don't have to see everything the same way.,වී ඩෝන්ට් හැව් ටු සී එව්රිතිං ද සේම් වේ.,හැම දෙයක් ගැනම අපි දෙන්නා එකම විදිහට හිතන්න ඕන නෑ.,intermediate
people-see-things-differently,s-everyday-conversations,People see things differently.,පීපල් සී තිංස් ඩිෆරන්ට්ලි.,මිනිස්සු දේවල් වෙනස් වෙනස් විදිහට බලනවා.,beginner
thats-just-how-i-see-it,s-everyday-conversations,That's just how I see it.,දැට්ස් ජස්ට් හවු අයි සී ඉට්.,මට මේක පේන්නේ ඒ විදිහට.,intermediate
thats-my-take-on-it,s-everyday-conversations,That's my take on it.,දැට්ස් මයි ටේක් ඔන් ඉට්.,මේ ගැන මගේ අදහස ඒකයි.,beginner
thats-just-my-perspective,s-giving-opinions,That's just my perspective.,දැට්ස් ජස්ට් මයි පර්ස්පෙක්ටිව්.,ඒක මං මේ දේ බලන විදිහ විතරයි.,beginner
youre-entitled-to-your-opinion,s-everyday-conversations,You're entitled to your opinion.,යෝර් එන්ටයිට්ල්ඩ් ටු යෝර් ඔපීනියන්.,ඔයාට ඔයාගේම අදහසක් තියෙන්න අයිතිය තියෙනවා.,beginner
i-respect-your-opinion,s-everyday-conversations,I respect your opinion.,අයි රිස්පෙක්ට් යෝර් ඔපීනියන්.,මං ඔයාගේ අදහසට ගරු කරනවා.,beginner
i-see-it-a-little-differently,s-everyday-conversations,I see it a little differently.,අයි සී ඉට් අ ලිට්ල් ඩිෆරන්ට්ලි.,මට මේක ටිකක් වෙනස් විදිහට පේනවා.,intermediate
i-look-at-it-another-way,s-everyday-conversations,I look at it another way.,අයි ලුක් ඇට් ඉට් අනදර් වේ.,මං ඒක වෙන පැත්තකින් බලනවා.,intermediate
im-not-sure-i-see-it,s-everyday-conversations,I'm not sure I see it that way.,අයිම් නොට් ෂුවර් අයි සී ඉට් දැට් වේ.,මට ඒක ඔයා කියන විදිහට පේන්නේ නෑ.,intermediate
i-think-theres-another-way-to,s-everyday-conversations,I think there's another way to look at it.,අයි තින්ක් දෙයාර්ස් අනදර් වේ ටු ලුක් ඇට් ඉට්.,මං හිතන්නේ මේක බලන්න තව විදිහක් තියෙනවා.,intermediate
i-get-your-point-but,s-everyday-conversations,"I get your point, but...","අයි ගෙට් යෝර් පොයින්ට්, බට්...","ඔයා කියන දේ මට තේරෙනවා, ඒත්...",beginner
i-hear-you-but-im-not,s-everyday-conversations,"I hear you, but I'm not convinced.","අයි හියර් යූ, බට් අයිම් නොට් කන්වින්ස්ට්.","ඔයා කියන දේ මට තේරෙනවා, ඒත් තාම මට විශ්වාස නෑ.",intermediate
i-see-your-point-though,s-everyday-conversations,"I see your point, though.","අයි සී යෝර් පොයින්ට්, දෝ.",ඒත් ඔයා කියන එකේත් තේරුමක් තියෙනවා.,beginner
you-make-a-fair-point,s-everyday-conversations,You make a fair point.,යූ මේක් අ ෆෙයාර් පොයින්ට්.,ඔයා කියන කාරණේ සාධාරණයි.,beginner
i-hadnt-looked-at-it-like,s-everyday-conversations,I hadn't looked at it like that.,අයි හැඩන්ට් ලුක්ට් ඇට් ඉට් ලයික් දැට්.,මං ඒ විදිහට මේ ගැන බලලා තිබුණේ නෑ.,intermediate
that-gives-me-something-to-think,s-everyday-conversations,That gives me something to think about.,දැට් ගිව්ස් මී සම්තිං ටු තින්ක් අබවුට්.,ඒක මට හිතලා බලන්න දෙයක් දෙනවා.,intermediate
maybe-i-need-to-rethink-it,s-everyday-conversations,Maybe I need to rethink it.,මේබි අයි නීඩ් ටු රීතින්ක් ඉට්.,සමහරවිට මට මේ ගැන ආයෙත් හිතන්න ඕන.,intermediate
i-might-change-my-mind,s-banking-money,I might change my mind.,අයි මයිට් චේන්ජ් මයි මයින්ඩ්.,සමහරවිට මගේ තීරණය වෙනස් වෙයි.,beginner
im-not-completely-against-the-idea,s-everyday-conversations,I'm not completely against the idea.,අයිම් නොට් කම්ප්ලීට්ලි අගේන්ස්ට් දි අයිඩියා.,ඒ අදහසට මං සම්පූර්ණයෙන්ම විරුද්ධ නෑ.,intermediate
im-warming-up-to-the-idea,s-everyday-conversations,I'm warming up to the idea.,අයිම් වෝමිං අප් ටු දි අයිඩියා.,ඒ අදහසට මට ටික ටික කැමැත්ත එනවා.,intermediate
its-starting-to-grow-on-me,s-everyday-conversations,It's starting to grow on me.,ඉට්ස් ස්ටාර්ටිං ටු ග්‍රෝ ඔන් මී.,ටික ටික මට ඒක අල්ලන්න පටන් අරන්.,intermediate
the-more-i-think-about-it,s-everyday-conversations,"The more I think about it, the more I like it.","ද මෝර් අයි තින්ක් අබවුට් ඉට්, ද මෝර් අයි ලයික් ඉට්.",ඒ ගැන හිතන තරමට මට ඒක වැඩියෙන් කැමති වෙනවා.,advanced
maybe-youre-right-after-all,s-agreeing-disagreeing,Maybe you're right after all.,මේබි යෝර් රයිට් ආෆ්ටර් ඕල්.,සමහරවිට අන්තිමට බලද්දී ඔයා හරි වෙන්න පුළුවන්.,beginner
im-starting-to-see-your-point,s-everyday-conversations,I'm starting to see your point.,අයිම් ස්ටාර්ටිං ටු සී යෝර් පොයින්ට්.,දැන් ටික ටික ඔයා කියන දේ මට තේරෙනවා.,intermediate
i-can-see-the-appeal,s-everyday-conversations,I can see the appeal.,අයි කැන් සී දි අපීල්.,මිනිස්සු ඒකට කැමති වෙන්නේ ඇයි කියලා මට තේරෙනවා.,beginner
i-get-why-people-like-it,s-everyday-conversations,I get why people like it.,අයි ගෙට් වයි පීපල් ලයික් ඉට්.,මිනිස්සු ඒකට කැමති ඇයි කියලා මට තේරෙනවා.,intermediate
its-better-than-i-gave-it,s-everyday-conversations,It's better than I gave it credit for.,ඉට්ස් බෙටර් දෑන් අයි ගේව් ඉට් ක්‍රෙඩිට් ෆෝ.,මං හිතුවට වඩා ඒක හොඳයි.,intermediate
i-judged-it-too-quickly,s-everyday-conversations,I judged it too quickly.,අයි ජජ්ඩ් ඉට් ටූ ක්වික්ලි.,මං ඒ ගැන ඉක්මනට තීරණයක් ගත්තා.,beginner
i-was-too-quick-to-dismiss,s-everyday-conversations,I was too quick to dismiss it.,අයි වස් ටූ ක්වික් ටු ඩිස්මිස් ඉට්.,මං ඉක්මනටම ඒක වටින්නේ නෑ කියලා අයින් කළා.,intermediate
i-shouldve-given-it-more-of,s-everyday-conversations,I should've given it more of a chance.,අයි ෂුඩව් ගිවන් ඉට් මෝර් අව් අ චාන්ස්.,මං ඒකට තව අවස්ථාවක් දෙන්න තිබුණා.,intermediate
im-glad-i-gave-it-another,s-feelings-emotions,I'm glad I gave it another try.,අයිම් ග්ලැඩ් අයි ගේව් ඉට් අනදර් ට්‍රයි.,ආයෙත් උත්සාහ කරලා බලපු එක ගැන සතුටුයි.,intermediate
turns-out-i-actually-like-it,s-everyday-conversations,Turns out I actually like it.,ටර්න්ස් අවුට් අයි ඇක්චුවලි ලයික් ඉට්.,අන්තිමට බලද්දී මට ඒක ඇත්තටම කැමතියි.,intermediate
i-never-thought-id-say-this,s-everyday-conversations,"I never thought I'd say this, but...","අයි නෙවර් තෝට් අයිඩ් සේ දිස්, බට්...","මං මේක කියයි කියලා කවදාවත් හිතුවේ නෑ, ඒත්...",intermediate
i-have-to-admit-its-pretty,s-everyday-conversations,"I have to admit, it's pretty good.","අයි හැව් ටු ඇඩ්මිට්, ඉට්ස් ප්‍රිටි ගුඩ්.","පිළිගන්න වෙනවා, ඒක හොඳයි.",intermediate
you-were-onto-something,s-everyday-conversations,You were onto something.,යූ වර් ඔන්ටු සම්තිං.,ඔයා කියපු එකේ ඇත්තක් තිබුණා.,beginner
i-owe-you-credit-for-that,s-everyday-conversations,I owe you credit for that.,අයි ඕ යූ ක්‍රෙඩිට් ෆෝ දැට්.,ඒ අදහස හොඳයි කියන ගෞරවය ඔයාට දෙන්න ඕන.,intermediate
that-was-a-solid-recommendation,s-everyday-conversations,That was a solid recommendation.,දැට් වස් අ සොලිඩ් රෙකමෙන්ඩේෂන්.,ඔයා දුන්න යෝජනාව හොඳ එකක්.,beginner
im-glad-i-listened-to-you,s-feelings-emotions,I'm glad I listened to you.,අයිම් ග්ලැඩ් අයි ලිසන්ඩ් ටු යූ.,ඔයා කියපු දේ අහපු එක ගැන සතුටුයි.,intermediate
you-were-right-about-that-one,s-everyday-conversations,You were right about that one.,යූ වර් රයිට් අබවුට් දැට් වන්.,ඒ කාරණේදී නම් ඔයා හරි.,intermediate
ill-trust-you-next-time,s-everyday-conversations,I'll trust you next time.,අයිල් ට්‍රස්ට් යූ නෙක්ස්ට් ටයිම්.,ඊළඟ සැරේ මං ඔයාව විශ්වාස කරන්නම්.,beginner
youve-earned-my-trust,s-everyday-conversations,You've earned my trust.,යූව් අර්න්ඩ් මයි ට්‍රස්ට්.,ඔයා විශ්වාස කරන්න පුළුවන් කෙනෙක් කියලා ඔප්පු කරලා තියෙනවා.,beginner
i-know-i-can-rely-on,s-everyday-conversations,I know I can rely on you.,අයි නෝ අයි කැන් රිලයි ඔන් යූ.,මට ඔයා මත විශ්වාසයෙන් රඳා ඉන්න පුළුවන් කියලා මං දන්නවා.,intermediate
youve-never-let-me-down,s-everyday-conversations,You've never let me down.,යූව් නෙවර් ලෙට් මී ඩවුන්.,ඔයා කවදාවත් මාව අතහැරලා නෑ.,beginner
you-always-have-my-back,s-everyday-conversations,You always have my back.,යූ ඕල්වේස් හැව් මයි බැක්.,ඔයා හැම වෙලාවෙම මගේ පැත්තෙන් ඉන්නවා.,beginner
i-appreciate-you-being-there,s-thanking,I appreciate you being there.,අයි අප්‍රීෂියේට් යූ බීයිං දෙයාර්.,මට ඕන වෙලාවේ ඔයා ළඟ හිටපු එක මං ගොඩක් අගය කරනවා.,beginner
it-means-a-lot-knowing-youre,s-everyday-conversations,It means a lot knowing you're there.,ඉට් මීන්ස් අ ලොට් නෝයිං යෝර් දෙයාර්.,ඔයා මට ඉන්නවා කියලා දැනෙන එක මට ගොඩක් වටිනවා.,intermediate
im-lucky-to-have-you-around,s-everyday-conversations,I'm lucky to have you around.,අයිම් ලකි ටු හැව් යූ අරවුන්ඩ්.,ඔයා වගේ කෙනෙක් මගේ ළඟ ඉන්න එක මගේ වාසනාවක්.,intermediate
i-dont-say-it-enough-but,s-thanking,"I don't say it enough, but thank you.","අයි ඩෝන්ට් සේ ඉට් ඉනෆ්, බට් තෑන්ක් යූ.","මං මේක නිතර කියන්නේ නැති වුණත්, ඔයාට ගොඩක් ස්තුතියි.",intermediate
i-really-value-your-support,s-everyday-conversations,I really value your support.,අයි රියලි වැලියු යෝර් සපෝර්ට්.,ඔයා මට දෙන සහයෝගය මං ඇත්තටම අගය කරනවා.,beginner
thanks-for-sticking-by-me,s-thanking,Thanks for sticking by me.,තෑන්ක්ස් ෆෝ ස්ටිකිං බයි මී.,මගේ ළඟින් අතහරින්නේ නැතුව හිටියට ස්තුතියි.,beginner
thanks-for-hearing-me-out,s-thanking,Thanks for hearing me out.,තෑන්ක්ස් ෆෝ හියරිං මී අවුට්.,මං කියන දේ ඉවර වෙනකම් අහගෙන හිටියට ස්තුතියි.,beginner
thanks-for-understanding,s-thanking,Thanks for understanding.,තෑන්ක්ස් ෆෝ අන්ඩර්ස්ටෑන්ඩිං.,මාව තේරුම් ගත්තට ස්තුතියි.,beginner
thanks-for-being-patient-with-me,s-thanking,Thanks for being patient with me.,තෑන්ක්ස් ෆෝ බීයිං පේෂන්ට් විත් මී.,මං එක්ක ඉවසීමෙන් හිටියට ස්තුතියි.,intermediate
i-know-i-havent-made-it,s-everyday-conversations,I know I haven't made it easy.,අයි නෝ අයි හැවන්ට් මේඩ් ඉට් ඊසි.,මං මේ දේ ඔයාට ලේසි කරලා දුන්නේ නෑ කියලා මං දන්නවා.,intermediate
i-appreciate-your-patience,s-thanking,I appreciate your patience.,අයි අප්‍රීෂියේට් යෝර් පේෂන්ස්.,ඔයා ඉවසීමෙන් හිටපු එක මං අගය කරනවා.,beginner
thanks-for-giving-me-another-chance,s-thanking,Thanks for giving me another chance.,තෑන්ක්ස් ෆෝ ගිවිං මී අනදර් චාන්ස්.,මට තව අවස්ථාවක් දුන්නට ස්තුතියි.,intermediate
i-wont-waste-this-chance,s-everyday-conversations,I won't waste this chance.,අයි වෝන්ට් වේස්ට් දිස් චාන්ස්.,මේ අවස්ථාව මං නිකන් නාස්ති කරන්නේ නෑ.,beginner
ill-make-the-most-of-it,s-everyday-conversations,I'll make the most of it.,අයිල් මේක් ද මෝස්ට් අව් ඉට්.,මේ අවස්ථාවෙන් පුළුවන් උපරිම ප්‍රයෝජනය ගන්නම්.,intermediate
i-wont-take-it-for-granted,s-everyday-conversations,I won't take it for granted.,අයි වෝන්ට් ටේක් ඉට් ෆෝ ග්‍රාන්ටිඩ්.,මේ දේ මට ඉබේ ලැබෙන දෙයක් වගේ ගණන් නොගෙන අගය කරනවා.,intermediate
i-know-how-lucky-i-am,s-everyday-conversations,I know how lucky I am.,අයි නෝ හවු ලකි අයි ඇම්.,මං කොච්චර වාසනාවන්තද කියලා මං දන්නවා.,intermediate
im-grateful-for-what-i-have,s-thanking,I'm grateful for what I have.,අයිම් ග්‍රේට්ෆුල් ෆෝ වට් අයි හැව්.,මට තියෙන දේවල් ගැන මං ස්තුතිවන්තයි.,intermediate
im-trying-to-appreciate-the-little,s-thanking,I'm trying to appreciate the little things.,අයිම් ට්‍රයිං ටු අප්‍රීෂියේට් ද ලිට්ල් තිංස්.,පොඩි පොඩි හොඳ දේවල්වත් අගය කරන්න උත්සාහ කරනවා.,intermediate
sometimes-the-little-things-matter-most,s-everyday-conversations,Sometimes the little things matter most.,සම්ටයිම්ස් ද ලිට්ල් තිංස් මැටර් මෝස්ට්.,සමහර වෙලාවට පොඩි දේවල් තමයි වැඩියෙන්ම වටින්නේ.,intermediate
its-the-little-things,s-everyday-conversations,It's the little things.,ඉට්ස් ද ලිට්ල් තිංස්.,සතුට දෙන්නේ බොහෝ වෙලාවට පොඩි දේවල් තමයි.,beginner
im-learning-to-enjoy-the-moment,s-everyday-conversations,I'm learning to enjoy the moment.,අයිම් ලර්නිං ටු එන්ජෝයි ද මෝමන්ට්.,දැන් තියෙන මොහොත සතුටින් විඳින්න මං ඉගෙනගන්නවා.,intermediate
im-trying-to-be-more-present,s-everyday-conversations,I'm trying to be more present.,අයිම් ට්‍රයිං ටු බී මෝර් ප්‍රෙසන්ට්.,ගිය දේ හෝ ඉස්සරහට වෙන දේ ගැන නොහිතා දැන් තියෙන මොහොතේ ඉන්න උත්සාහ කරනවා.,intermediate
im-just-enjoying-where-i-am,s-everyday-conversations,I'm just enjoying where I am right now.,අයිම් ජස්ට් එන්ජෝයිං වෙයාර් අයි ඇම් රයිට් නවු.,දැන් මං ඉන්න තැන සහ ජීවිතේ තියෙන දේවල් සතුටින් විඳිනවා.,intermediate
i-dont-wanna-rush-through-life,s-everyday-conversations,I don't wanna rush through life.,අයි ඩෝන්ට් වොනා රෂ් ත්රූ ලයිෆ්.,ජීවිතේ හැමදේම හදිස්සියේ කරගෙන යන්න මට ඕන නෑ.,intermediate
im-learning-to-slow-down,s-everyday-conversations,I'm learning to slow down.,අයිම් ලර්නිං ටු ස්ලෝ ඩවුන්.,"ටිකක් හිමින්, සැහැල්ලුවෙන් ජීවත් වෙන්න මං ඉගෙනගන්නවා.",beginner
not-everything-has-to-happen-right,s-everyday-conversations,Not everything has to happen right now.,නොට් එව්රිතිං හැස් ටු හැපන් රයිට් නවු.,හැම දෙයක්ම දැන්ම වෙන්න ඕන නෑ.,intermediate
some-things-take-time,s-everyday-conversations,Some things take time.,සම් තිංස් ටේක් ටයිම්.,සමහර දේවල්වලට කාලය යනවා.,beginner
good-things-take-time,s-everyday-conversations,Good things take time.,ගුඩ් තිංස් ටේක් ටයිම්.,හොඳ දේවල් හදාගන්න කාලයක් යනවා.,beginner
im-okay-with-waiting,s-everyday-conversations,I'm okay with waiting.,අයිම් ඕකේ විත් වේටිං.,බලාගෙන ඉන්න එක මට අවුලක් නෑ.,beginner
im-learning-to-be-patient,s-everyday-conversations,I'm learning to be patient.,අයිම් ලර්නිං ටු බී පේෂන්ට්.,මං ඉවසීමෙන් ඉන්න ඉගෙනගන්නවා.,beginner
i-trust-that-things-will-happen,s-everyday-conversations,I trust that things will happen when they should.,අයි ට්‍රස්ට් දැට් තිංස් විල් හැපන් වෙන් දේ ෂුඩ්.,දේවල් වෙන්න ඕන වෙලාවේ වෙයි කියලා මං විශ්වාස කරනවා.,intermediate
i-dont-need-all-the-answers,s-everyday-conversations,I don't need all the answers right now.,අයි ඩෝන්ට් නීඩ් ඕල් දි ආන්සර්ස් රයිට් නවු.,හැම ප්‍රශ්නයකටම දැන්ම උත්තර දැනගන්න ඕන නෑ.,intermediate
ill-figure-things-out-along-the,s-everyday-conversations,I'll figure things out along the way.,අයිල් ෆිගර් තිංස් අවුට් අලොං ද වේ.,යන ගමන්ම දේවල් ටික ටික තේරුම් ගන්නම්.,intermediate
im-okay-with-not-having-everything,s-everyday-conversations,I'm okay with not having everything figured out.,අයිම් ඕකේ විත් නොට් හැවිං එව්රිතිං ෆිගර්ඩ් අවුට්.,හැම දෙයක්ම දැන්ම පැහැදිලි නැති වුණත් ඒක මට අවුලක් නෑ.,intermediate
im-trusting-the-process,s-everyday-conversations,I'm trusting the process.,අයිම් ට්‍රස්ටිං ද ප්‍රොසෙස්.,ටික ටික යන මේ ගමන හරි තැනකට ගෙනියයි කියලා මං විශ්වාස කරනවා.,beginner
im-just-taking-the-next-step,s-everyday-conversations,I'm just taking the next step.,අයිම් ජස්ට් ටේකිං ද නෙක්ස්ට් ස්ටෙප්.,මං දැන් ඊළඟ පියවර ගැන විතරක් හිතලා ඉස්සරහට යනවා.,intermediate
thats-all-i-need-to-do,s-everyday-conversations,That's all I need to do right now.,දැට්ස් ඕල් අයි නීඩ් ටු ඩූ රයිට් නවු.,දැන් මට කරන්න ඕන එච්චරයි.,intermediate
one-step-at-a-time-is,s-everyday-conversations,One step at a time is enough.,වන් ස්ටෙප් ඇට් අ ටයිම් ඉස් ඉනෆ්.,එක වෙලාවකට එක පියවරක් ගියත් ඒ ඇති.,intermediate
i-didnt-catch-that,s-everyday-conversations,I didn't catch that.,අයි ඩිඩ්න්ට් කැච් දැට්.,ඔයා කිව්ව එක මට හරියට ඇහුණේ නෑ.,beginner
you-caught-me-off-guard,s-phrasal-verbs,You caught me off guard.,යූ කෝට් මී ඔෆ් ගාඩ්.,ඔයා එකපාරටම කියපු/කරපු දේට මං ලෑස්ති වෙලා හිටියේ නෑ.,beginner
i-completely-lost-track-of-time,s-everyday-conversations,I completely lost track of time.,අයි කම්ප්ලීට්ලි ලොස්ට් ට්‍රැක් ඔෆ් ටයිම්.,වෙලාව යනවා මට සම්පූර්ණයෙන්ම අමතක වුණා.,intermediate
it-totally-slipped-my-mind,s-phrasal-verbs,It totally slipped my mind.,ඉට් ටෝටලි ස්ලිප්ට් මයි මයින්ඩ්.,ඒක මට සම්පූර්ණයෙන්ම අමතක වුණා.,beginner
give-me-a-second-to-think,s-everyday-conversations,Give me a second to think.,ගිව් මී අ සෙකන්ඩ් ටු තින්ක්.,"පොඩ්ඩක් ඉන්න, මට හිතන්න දෙන්න.",intermediate
im-not-following-you,s-everyday-conversations,I'm not following you.,අයිම් නොට් ෆොලෝවින් යූ.,ඔයා කියන දේ මට තේරෙන්නේ නෑ.,beginner
where-were-we,s-asking-questions,Where were we?,වෙයාර් වර් වී?,අපි කොතනද කතාව නතර කළේ?,beginner
what-was-i-saying,s-asking-questions,What was I saying?,වොට් වස් අයි සේයින්?,මං මොකක්ද කිය කිය හිටියේ?,beginner
dont-put-me-on-the-spot,s-everyday-conversations,Don't put me on the spot.,ඩෝන්ට් පුට් මී ඔන් ද ස්පොට්.,එකපාරටම මාව උත්තරයක් දෙන්න අමාරු තැනකට දාන්න එපා.,intermediate
thats-news-to-me,s-everyday-conversations,That's news to me.,දැට්ස් නිව්ස් ටු මී.,ඒක මං දැන් තමයි දන්නේ.,beginner
i-didnt-see-that-coming,s-everyday-conversations,I didn't see that coming.,අයි ඩිඩ්න්ට් සී දැට් කමින්.,එහෙම දෙයක් වෙයි කියලා මං හිතුවෙවත් නෑ.,beginner
now-it-makes-sense,s-everyday-conversations,Now it makes sense.,නව් ඉට් මේක්ස් සෙන්ස්.,දැන් තමයි ඒක තේරෙන්නේ.,beginner
something-doesnt-add-up,s-everyday-conversations,Something doesn't add up.,සම්තින් ඩසන්ට් ඇඩ් අප්.,මොකක්හරි දෙයක් මෙතන ගැළපෙන්නේ නෑ.,beginner
i-might-be-wrong-though,s-problems-complaints,"I might be wrong, though.","අයි මයිට් බී රෝන්, දෝ.",හැබැයි මං වැරදි වෙන්නත් පුළුවන්.,beginner
dont-quote-me-on-that,s-everyday-conversations,Don't quote me on that.,ඩෝන්ට් ක්වෝට් මී ඔන් දැට්.,මං කිව්වා කියලා නම් කියන්න එපා; මටත් හරියටම විශ්වාස නෑ.,beginner
thats-beside-the-point,s-everyday-conversations,That's beside the point.,දැට්ස් බිසයිඩ් ද පොයින්ට්.,ඒක අපි කතා කරන ප්‍රධාන කාරණයට අදාළ නෑ.,beginner
thats-not-what-i-meant,s-everyday-conversations,That's not what I meant.,දැට්ස් නොට් වොට් අයි මෙන්ට්.,මං අදහස් කළේ ඒක නෙවෙයි.,beginner
you-took-it-the-wrong-way,s-problems-complaints,You took it the wrong way.,යූ ටුක් ඉට් ද රෝන් වේ.,ඔයා මං කියපු දේ වැරදියට තේරුම් අරගෙන.,intermediate
let-me-rephrase-that,s-everyday-conversations,Let me rephrase that.,ලෙට් මී රීෆ්‍රේස් දැට්.,මං ඒක වෙන විදිහකට කියන්නම්.,beginner
that-came-out-wrong,s-problems-complaints,That came out wrong.,දැට් කේම් අවුට් රොන්ග්.,මං කියන්න හදපු විදිහට ඒක එළියට ආවේ නෑ.,beginner
i-didnt-mean-it-like-that,s-everyday-conversations,I didn't mean it like that.,අයි ඩිඩ්න්ට් මීන් ඉට් ලයික් දැට්.,මං ඒ අදහසින් ඒක කිව්වේ නෑ.,intermediate
no-hard-feelings,s-everyday-conversations,No hard feelings.,නෝ හාඩ් ෆීලින්ස්.,"අවුලක් නෑ, හිතේ තරහක් තියාගන්න එපා.",beginner
were-good,s-everyday-conversations,We're good.,වියර් ගුඩ්.,අපි අතර අවුලක් නෑ.,beginner
lets-call-it-even,s-everyday-conversations,Let's call it even.,ලෙට්ස් කෝල් ඉට් ඊවන්.,"හරි, දැන් දෙන්නාම සමානයි; කාටවත් කාගෙන්වත් ණයක් නෑ.",beginner
you-owe-me-one,s-everyday-conversations,You owe me one.,යූ ඕ මී වන්.,මේ උදව්වට පස්සේ ඔයා මටත් උදව්වක් කරන්න ඕනේ හරිද.,beginner
i-owe-you-one,s-everyday-conversations,I owe you one.,අයි ඕ යූ වන්.,මේ උදව්වට මං ඔයාට ණයයි.,beginner
ill-make-it-up-to-you,s-everyday-conversations,I'll make it up to you.,අයිල් මේක් ඉට් අප් ටු යූ.,මං කරපු වැරැද්දට හරි යන්න පස්සේ ඔයා වෙනුවෙන් දෙයක් කරන්නම්.,intermediate
dont-make-a-big-deal-out,s-business,Don't make a big deal out of it.,ඩෝන්ට් මේක් අ බිග් ඩීල් අවුට් ඔෆ් ඉට්.,ඕක එච්චර ලොකු දෙයක් කරගන්න එපා.,intermediate
its-not-that-deep,s-everyday-conversations,It's not that deep.,ඉට්ස් නොට් දැට් ඩීප්.,ඕක එච්චර ගැඹුරට හිතන්න ඕන දෙයක් නෙවෙයි.,beginner
youre-overthinking-it,s-everyday-conversations,You're overthinking it.,යුවර් ඕවර්තින්කින් ඉට්.,ඔයා ඕක ඕනවට වඩා හිතනවා.,beginner
just-go-with-it,s-everyday-conversations,Just go with it.,ජස්ට් ගෝ විත් ඉට්.,වැඩිය හිතන්නේ නැතුව වෙන දේට යන්න දෙන්න.,beginner
well-figure-it-out,s-everyday-conversations,We'll figure it out.,වීල් ෆිගර් ඉට් අවුට්.,අපි කොහොමහරි විසඳගමු.,beginner
well-cross-that-bridge-when-we,s-everyday-conversations,We'll cross that bridge when we come to it.,වීල් ක්‍රොස් දැට් බ්‍රිජ් වෙන් වී කම් ටු ඉට්.,ඒ ප්‍රශ්නය ආවම ඒ වෙලාවට බලාගමු.,intermediate
it-is-what-it-is,s-everyday-conversations,It is what it is.,ඉට් ඉස් වොට් ඉට් ඉස්.,තියෙන තත්ත්වය ඒකයි; වෙනස් කරන්න දෙයක් නෑ.,beginner
whats-done-is-done,s-everyday-conversations,What's done is done.,වොට්ස් ඩන් ඉස් ඩන්.,වෙච්ච දේ වෙලා ඉවරයි.,beginner
theres-no-point-dwelling-on-it,s-everyday-conversations,There's no point dwelling on it.,දෙයාර්ස් නෝ පොයින්ට් ඩ්වෙලින් ඔන් ඉට්.,ඕක ගැන දිගටම හිත හිත ඉඳලා වැඩක් නෑ.,intermediate
lets-not-jump-to-conclusions,s-everyday-conversations,Let's not jump to conclusions.,ලෙට්ස් නොට් ජම්ප් ටු කන්ක්ලූෂන්ස්.,හරියට දන්නේ නැතුව ඉක්මනට තීරණයකට එන්න එපා.,beginner
lets-give-them-the-benefit-of,s-everyday-conversations,Let's give them the benefit of the doubt.,ලෙට්ස් ගිව් දෙම් ද බෙනෆිට් ඔෆ් ද ඩවුට්.,හරියටම දන්නේ නැති නිසා එයා වැරදියි කියලා දැන්ම හිතන්නේ නැතුව ඉමු.,intermediate
i-wouldnt-read-too-much-into,s-everyday-conversations,I wouldn't read too much into it.,අයි වුඩන්ට් රීඩ් ටූ මච් ඉන්ටු ඉට්.,මං නම් ඕකට ඕනවට වඩා අර්ථ හොයන්නේ නෑ.,intermediate
thats-easier-said-than-done,s-everyday-conversations,That's easier said than done.,දැට්ස් ඊසියර් සෙඩ් දෑන් ඩන්.,"කියන්න ලේසියි, කරන්න තමයි අමාරු.",beginner
youve-got-a-point,s-everyday-conversations,You've got a point.,යූව් ගොට් අ පොයින්ට්.,ඔයා කියන කතාවෙත් ඇත්තක් තියෙනවා.,beginner
i-cant-argue-with-that,s-everyday-conversations,I can't argue with that.,අයි කෑන්ට් ආගියු විත් දැට්.,ඒ කතාවට විරුද්ධ වෙන්න මටත් දෙයක් නෑ.,beginner
fair-enough,s-everyday-conversations,Fair enough.,ෆෙයාර් ඉනෆ්.,"හරි, ඒකත් සාධාරණ කතාවක්.",beginner
thats-one-way-of-looking-at,s-everyday-conversations,That's one way of looking at it.,දැට්ස් වන් වේ ඔෆ් ලුකින් ඇට් ඉට්.,ඒක ඒ දිහා බලන්න පුළුවන් එක විදිහක්.,intermediate
i-never-thought-of-it-that,s-everyday-conversations,I never thought of it that way.,අයි නෙවර් තෝට් ඔෆ් ඉට් දැට් වේ.,මං කවදාවත් ඒ පැත්තෙන් ඕක ගැන හිතලා නෑ.,intermediate
you-might-be-onto-something,s-everyday-conversations,You might be onto something.,යූ මයිට් බී ඔන්ටු සම්තින්.,ඔයා කියන අදහසේ ඇත්තක් තියෙන්න පුළුවන්.,beginner
lets-not-get-ahead-of-ourselves,s-everyday-conversations,Let's not get ahead of ourselves.,ලෙට්ස් නොට් ගෙට් අහෙඩ් ඔෆ් අවර්සෙල්ව්ස්.,තවම වෙලා නැති දේවල් ගැන කලින්ම වැඩිය ඉස්සරහට යන්න එපා.,intermediate
lets-see-how-it-goes,s-everyday-conversations,Let's see how it goes.,ලෙට්ස් සී හව් ඉට් ගෝස්.,කොහොමද යන්නේ කියලා බලමු.,beginner
im-just-thinking-out-loud,s-everyday-conversations,I'm just thinking out loud.,අයිම් ජස්ට් තින්කින් අවුට් ලවුඩ්.,මං මේ නිකන් හිතට එන දේ කියනවා.,beginner
hear-me-out,s-everyday-conversations,Hear me out.,හියර් මී අවුට්.,මං කියන එක ඉවර වෙනකම් අහන්නකෝ.,beginner
bear-with-me,s-everyday-conversations,Bear with me.,බෙයාර් විත් මී.,පොඩ්ඩක් ඉවසගෙන මාත් එක්ක ඉන්න.,beginner
long-story-short-it-didnt-work,s-work-office,"Long story short, it didn't work.","ලෝන්ග් ස්ටෝරි ෂෝට්, ඉට් ඩිඩන්ට් වර්ක්.","දිග කතාව කෙටියෙන් කිව්වොත්, වැඩේ හරි ගියේ නෑ.",intermediate
its-a-long-story,s-everyday-conversations,It's a long story.,ඉට්ස් අ ලෝන්ග් ස්ටෝරි.,ඒක කියන්න ගියොත් දිග කතාවක්.,beginner
dont-even-get-me-started,s-everyday-conversations,Don't even get me started.,ඩෝන්ට් ඊවන් ගෙට් මී ස්ටාටඩ්.,අනේ ඕක ගැන නම් මාව කතා කරවන්න එපා.,beginner
you-had-to-be-there,s-everyday-conversations,You had to be there.,යූ හැඩ් ටු බී දෙයාර්.,ඒකේ රස තේරෙන්න නම් ඔයා එතන ඉන්නම තිබුණා.,beginner
you-know-how-it-is,s-everyday-conversations,You know how it is.,යූ නෝ හව් ඉට් ඉස්.,ඔයා දන්නවනේ මේවා කොහොමද කියලා.,beginner
dont-ask,s-everyday-conversations,Don't ask.,ඩෝන්ට් ආස්ක්.,අනේ ඒ ගැන අහන්න එපා.,beginner
its-been-one-of-those-days,s-everyday-conversations,It's been one of those days.,ඉට්ස් බීන් වන් ඔෆ් දෝස් ඩේස්.,අද නම් එක පිට එක අවුල් වෙච්ච දවසක්.,intermediate
i-could-use-a-break,s-everyday-conversations,I could use a break.,අයි කුඩ් යූස් අ බ්‍රේක්.,පොඩි විවේකයක් ගත්තොත් හොඳයි.,beginner
i-need-some-time-to-myself,s-everyday-conversations,I need some time to myself.,අයි නීඩ් සම් ටයිම් ටු මයිසෙල්ෆ්.,මට පොඩි වෙලාවක් තනියම ඉන්න ඕනේ.,intermediate
im-not-really-feeling-it-today,s-feelings-emotions,I'm not really feeling it today.,අයිම් නොට් රියලි ෆීලින් ඉට් ටුඩේ.,අද නම් ඒකට මගේ හිතක් නෑ.,intermediate
im-not-in-the-mood,s-feelings-emotions,I'm not in the mood.,අයිම් නොට් ඉන් ද මූඩ්.,දැන් ඒකට මගේ හිතක් නෑ.,beginner
maybe-some-other-time,s-everyday-conversations,Maybe some other time.,මේබි සම් අදර් ටයිම්.,වෙන වෙලාවක බලමු.,beginner
can-i-take-a-rain-check,s-asking-questions,Can I take a rain check?,කැන් අයි ටේක් අ රේන් චෙක්?,අද බැරි නිසා මේක වෙන දවසකට දාගන්න පුළුවන්ද?,intermediate
something-came-up,s-everyday-conversations,Something came up.,සම්තින් කේම් අප්.,හදිසියේ වෙන වැඩක්/ප්‍රශ්නයක් ආවා.,beginner
im-tied-up-right-now,s-everyday-conversations,I'm tied up right now.,අයිම් ටයිඩ් අප් රයිට් නව්.,මං දැන් වැඩකට හිරවෙලා ඉන්නේ.,beginner
ill-get-back-to-you,s-everyday-conversations,I'll get back to you.,අයිල් ගෙට් බැක් ටු යූ.,මං පස්සේ ඔයාට උත්තරයක් දෙන්නම්.,beginner
keep-me-posted,s-everyday-conversations,Keep me posted.,කීප් මී පෝස්ටිඩ්.,වෙන දේවල් මටත් කිය කිය ඉන්න.,beginner
let-me-know-how-it-goes,s-everyday-conversations,Let me know how it goes.,ලෙට් මී නෝ හව් ඉට් ගෝස්.,වැඩේ කොහොම වුණාද කියලා මටත් කියන්න.,intermediate
ill-keep-you-in-the-loop,s-everyday-conversations,I'll keep you in the loop.,අයිල් කීප් යූ ඉන් ද ලූප්.,වෙන දේවල් ගැන මං ඔයාටත් දැනුම් දෙන්නම්.,intermediate
im-on-my-way,s-everyday-conversations,I'm on my way.,අයිම් ඔන් මයි වේ.,මං දැන් එන ගමන්.,beginner
im-almost-there,s-everyday-conversations,I'm almost there.,අයිම් ඕල්මෝස්ට් දෙයාර්.,මං ළඟටම ඇවිත් ඉන්නේ.,beginner
im-running-a-little-late,s-everyday-conversations,I'm running a little late.,අයිම් රනින් අ ලිට්ල් ලේට්.,මං පොඩ්ඩක් පරක්කු වෙනවා.,beginner
dont-wait-up-for-me,s-everyday-conversations,Don't wait up for me.,ඩෝන්ට් වේට් අප් ෆෝ මී.,මං එනකම් ඇහැරගෙන බලාගෙන ඉන්න එපා.,beginner
take-your-time,s-everyday-conversations,Take your time.,ටේක් යෝර් ටයිම්.,"හදිස්සි වෙන්න එපා, හිමින් කරන්න.",beginner
no-rush,s-everyday-conversations,No rush.,නෝ රෂ්.,හදිස්සියක් නෑ.,beginner
whenever-youre-ready,s-everyday-conversations,Whenever you're ready.,වෙනෙවර් යුවර් රෙඩි.,ඔයා ලෑස්ති වුණාම කරමු.,beginner
after-you,s-everyday-conversations,After you.,ආෆ්ටර් යූ.,ඔයා ඉස්සෙල්ලා යන්න.,beginner
go-right-ahead,s-everyday-conversations,Go right ahead.,ගෝ රයිට් අහෙඩ්.,"හරි, කරන්න/යන්න.",beginner
be-my-guest,s-everyday-conversations,Be my guest.,බී මයි ගෙස්ට්.,"ඔව්, කැමති විදිහට කරන්න.",beginner
help-yourself,s-everyday-conversations,Help yourself.,හෙල්ප් යෝර්සෙල්ෆ්.,ඔයාට ඕන තරම් බෙදාගෙන කන්න.,beginner
make-yourself-at-home,s-home,Make yourself at home.,මේක් යෝර්සෙල්ෆ් ඇට් හෝම්.,තමන්ගේ ගෙදර වගේ සැහැල්ලුවෙන් ඉන්න.,beginner
ill-leave-you-to-it,s-everyday-conversations,I'll leave you to it.,අයිල් ලීව් යූ ටු ඉට්.,"හරි, මං ඔයාට ඒ වැඩේ කරගෙන යන්න දෙන්නම්.",beginner
ill-let-you-get-back-to,s-everyday-conversations,I'll let you get back to it.,අයිල් ලෙට් යූ ගෙට් බැක් ටු ඉට්.,"හරි, ඔයා කර කර හිටපු වැඩේ කරගෙන යන්න.",intermediate
i-wont-keep-you,s-everyday-conversations,I won't keep you.,අයි වෝන්ට් කීප් යූ.,මං තව ඔයාව කතාවට අල්ලගෙන ඉන්නේ නෑ.,beginner
ill-let-you-go,s-everyday-conversations,I'll let you go.,අයිල් ලෙට් යූ ගෝ.,"හරි, මං තව ඔයාව අල්ලගෙන ඉන්නේ නෑ.",beginner
i-should-get-going,s-everyday-conversations,I should get going.,අයි ෂුඩ් ගෙට් ගෝයින්.,මම දැන් යන එක හොඳයි.,beginner
id-better-get-going,s-everyday-conversations,I'd better get going.,අයිඩ් බෙටර් ගෙට් ගෝයින්.,මං දැන් ගියොත් හොඳයි.,beginner
i-didnt-mean-to-interrupt,s-everyday-conversations,I didn't mean to interrupt.,අයි ඩිඩ්න්ට් මීන් ටු ඉන්ටරප්ට්.,ඔයාලගේ කතාව මැදට පනින්න හිතාගෙන නෙවෙයි.,beginner
sorry-go-ahead,s-apologizing,"Sorry, go ahead.","සොරි, ගෝ අහෙඩ්.","සමාවෙන්න, ඔයා දිගටම කියන්න.",beginner
what-were-you-saying,s-asking-questions,What were you saying?,වොට් වර් යූ සේයින්?,ඔයා මොකක්ද කිය කිය හිටියේ?,beginner
sorry-you-were-saying,s-apologizing,"Sorry, you were saying?","සොරි, යූ වර් සේයින්?","සමාවෙන්න, ඔයා කිය කිය හිටියේ මොකක්ද?",beginner
i-didnt-mean-to-cut-you,s-everyday-conversations,I didn't mean to cut you off.,අයි ඩිඩ්න්ට් මීන් ටු කට් යූ ඔෆ්.,ඔයා කතා කරන අතරමැද නවත්තන්න හිතාගෙන නෙවෙයි.,intermediate
let-me-finish,s-everyday-conversations,Let me finish.,ලෙට් මී ෆිනිෂ්.,මට කියලා ඉවර කරන්න දෙන්න.,beginner
can-i-finish-what-i-was,s-asking-questions,Can I finish what I was saying?,කැන් අයි ෆිනිෂ් වොට් අයි වස් සේයින්?,මං කිය කිය හිටපු දේ ඉවර කරන්න පුළුවන්ද?,intermediate
were-getting-off-track,s-everyday-conversations,We're getting off track.,වියර් ගෙටින් ඔෆ් ට්‍රැක්.,අපි ප්‍රධාන කතාවෙන් පිට යනවා.,beginner
back-to-what-i-was-saying,s-everyday-conversations,Back to what I was saying.,බැක් ටු වොට් අයි වස් සේයින්.,"හරි, මං කලින් කිය කිය හිටපු දේට ආපහු එමු.",intermediate
dont-take-this-the-wrong-way,s-problems-complaints,Don't take this the wrong way.,ඩෝන්ට් ටේක් දිස් ද රෝන් වේ.,මං මේ කියන එක වැරදියට හිතන්න එපා.,intermediate
i-dont-mean-to-be-rude,s-everyday-conversations,I don't mean to be rude.,අයි ඩෝන්ට් මීන් ටු බී රූඩ්.,අගෞරවයෙන් කියනවා නෙවෙයි.,intermediate
with-all-due-respect-i-disagree,s-agreeing-disagreeing,"With all due respect, I disagree.","විත් ඕල් ඩියු රිස්පෙක්ට්, අයි ඩිසග්‍රී.","ඔයාට ගරු කරනවා, හැබැයි මං ඒකට එකඟ නෑ.",intermediate
id-rather-not-get-into-it,s-everyday-conversations,I'd rather not get into it.,අයිඩ් රාදර් නොට් ගෙට් ඉන්ටු ඉට්.,මං ඒ ගැන වැඩිය කතා නොකර ඉන්න කැමතියි.,intermediate
id-rather-keep-that-to-myself,s-everyday-conversations,I'd rather keep that to myself.,අයිඩ් රාදර් කීප් දැට් ටු මයිසෙල්ෆ්.,ඒක මං මගේ පෞද්ගලික දෙයක් විදිහට තියාගන්න කැමතියි.,intermediate
thats-kind-of-personal,s-everyday-conversations,That's kind of personal.,දැට්ස් කයින්ඩ් ඔෆ් පර්සනල්.,ඒක ටිකක් පෞද්ගලික ප්‍රශ්නයක්.,beginner
id-rather-not-say,s-everyday-conversations,I'd rather not say.,අයිඩ් රාදර් නොට් සේ.,මං ඒක නොකියා ඉන්න කැමතියි.,beginner
can-we-talk-about-something-else,s-asking-questions,Can we talk about something else?,කැන් වී ටෝක් අබවුට් සම්තින් එල්ස්?,අපි වෙන දෙයක් ගැන කතා කරමුද?,intermediate
lets-leave-it-at-that,s-everyday-conversations,Let's leave it at that.,ලෙට්ස් ලීව් ඉට් ඇට් දැට්.,අපි මේ කතාව මෙතනින් නවත්තමු.,beginner
lets-agree-to-disagree,s-agreeing-disagreeing,Let's agree to disagree.,ලෙට්ස් අග්‍රී ටු ඩිසග්‍රී.,අපි දෙන්නගේ අදහස් වෙනස් කියලා පිළිගෙන මේක නවත්තමු.,beginner
i-dont-want-to-make-things,s-everyday-conversations,I don't want to make things awkward.,අයි ඩෝන්ට් වෝන්ට් ටු මේක් තින්ග්ස් ඔක්වර්ඩ්.,මට මේ තත්ත්වය අපහසු එකක් කරන්න ඕනේ නෑ.,intermediate
this-is-getting-awkward,s-everyday-conversations,This is getting awkward.,දිස් ඉස් ගෙටින් ඔක්වර්ඩ්.,මේක දැන් ටිකක් අපහසු තත්ත්වයක් වෙනවා.,beginner
can-we-pretend-that-didnt-happen,s-asking-questions,Can we pretend that didn't happen?,කැන් වී ප්‍රිටෙන්ඩ් දැට් ඩිඩන්ට් හැපන්?,ඒක වුණේ නෑ වගේ ඉමුද?,intermediate
well-that-was-embarrassing,s-everyday-conversations,"Well, that was embarrassing.","වෙල්, දැට් වස් එම්බැරසින්.","අම්මෝ, ඒක නම් ලැජ්ජා හිතුණ වැඩක්.",beginner
i-wish-i-hadnt-said-that,s-everyday-conversations,I wish I hadn't said that.,අයි විෂ් අයි හැඩන්ට් සෙඩ් දැට්.,"අයියෝ, මං ඒක නොකියා හිටියා නම් හොඳයි.",intermediate
forget-i-said-anything,s-everyday-conversations,Forget I said anything.,ෆොගෙට් අයි සෙඩ් එනිතින්.,මං මොකුත් කිව්වේ නෑ කියලා හිතන්න.,beginner
that-sounded-better-in-my-head,s-everyday-conversations,That sounded better in my head.,දැට් සවුන්ඩඩ් බෙටර් ඉන් මයි හෙඩ්.,හිතේ තියෙද්දි නම් ඒක මීට වඩා හොඳට ඇහුණා.,intermediate
i-walked-right-into-that-one,s-everyday-conversations,I walked right into that one.,අයි වෝක්ට් රයිට් ඉන්ටු දැට් වන්.,මංම නොදැනුවත්ව ඒ උගුලට අහුවුණා.,intermediate
you-got-me-there,s-everyday-conversations,You got me there.,යූ ගොට් මී දෙයාර්.,"හරි, ඒකට නම් මට උත්තරයක් නෑ.",beginner
touch,s-everyday-conversations,Touché.,ටූෂේ.,"හරි හරි, ඒක නම් හොඳ ප්‍රතිඋත්තරයක්.",beginner
i-shouldve-known-better,s-everyday-conversations,I should've known better.,අයි ෂුඩව් නෝන් බෙටර්.,මං මීට වඩා හොඳට දැනගෙන ඉන්න තිබුණා.,beginner
thats-on-me,s-everyday-conversations,That's on me.,දැට්ස් ඔන් මී.,ඒක මගේ වැරැද්ද.,beginner
my-bad,s-everyday-conversations,My bad.,මයි බැඩ්.,"අයියෝ, ඒක මගේ වැරැද්ද.",beginner
i-messed-up,s-everyday-conversations,I messed up.,අයි මෙස්ට් අප්.,මං වැඩේ අවුල් කළා.,beginner
i-screwed-that-up,s-everyday-conversations,I screwed that up.,අයි ස්ක්‍රූඩ් දැට් අප්.,මං ඒ වැඩේ හොඳටම අවුල් කළා.,beginner
i-got-the-wrong-end-of,s-problems-complaints,I got the wrong end of the stick.,අයි ගොට් ද රෝන්ඩ් එන්ඩ් ඔෆ් ද ස්ටික්.,මං කතාව සම්පූර්ණයෙන්ම වැරදියට තේරුම් අරගෙන.,intermediate
i-mustve-misunderstood,s-everyday-conversations,I must've misunderstood.,අයි මස්ටව් මිස්අන්ඩර්ස්ටුඩ්.,මට වැරදියට තේරිලා ඇති.,beginner
were-talking-about-two-different-things,s-everyday-conversations,We're talking about two different things.,වියර් ටෝකින් අබවුට් ටූ ඩිෆරන්ට් තින්ග්ස්.,අපි දෙන්නා කතා කරන්නේ වෙන වෙන දේවල් දෙකක් ගැන.,intermediate
were-not-on-the-same-page,s-everyday-conversations,We're not on the same page.,වියර් නොට් ඔන් ද සේම් පේජ්.,අපි දෙන්නා මේක ගැන එකම අවබෝධයක නෑ.,intermediate
now-were-on-the-same-page,s-everyday-conversations,Now we're on the same page.,නව් වියර් ඔන් ද සේම් පේජ්.,"හරි, දැන් අපි දෙන්නටම කතාව එක විදිහට තේරෙනවා.",intermediate
thats-exactly-what-i-was-trying,s-agreeing-disagreeing,That's exactly what I was trying to say.,දැට්ස් එක්සැක්ට්ලි වොට් අයි වස් ට්‍රයින් ටු සේ.,මං කියන්න හැදුවේ හරියටම ඕක.,intermediate
you-took-the-words-right-out,s-everyday-conversations,You took the words right out of my mouth.,යූ ටුක් ද වර්ඩ්ස් රයිට් අවුට් ඔෆ් මයි මවුත්.,මං කියන්න හදපු දේම ඔයා කිව්වා.,intermediate
i-was-just-about-to-say,s-everyday-conversations,I was just about to say that.,අයි වස් ජස්ට් අබවුට් ටු සේ දැට්.,මමත් දැන් ඒකම කියන්නයි හිටියේ.,intermediate
funny-you-should-mention-that,s-everyday-conversations,Funny you should mention that.,ෆනී යූ ෂුඩ් මෙන්ෂන් දැට්.,පුදුමයි ඔයා ඒක කිව්වේ; මං ඒ ගැනම හිත හිත හිටියේ.,beginner
speaking-of-which,s-everyday-conversations,Speaking of which...,ස්පීකින් ඔෆ් විච්...,ඒ ගැන කියද්දි මතක් වුණේ...,beginner
that-reminds-me,s-everyday-conversations,That reminds me...,දැට් රිමයින්ඩ්ස් මී...,ඒක කිව්වම මට තව දෙයක් මතක් වුණා...,beginner
come-to-think-of-it,s-everyday-conversations,Come to think of it...,කම් ටු තින්ක් ඔෆ් ඉට්...,දැන් හිතලා බලද්දි...,beginner
now-that-you-mention-it,s-everyday-conversations,Now that you mention it...,නව් දැට් යූ මෙන්ෂන් ඉට්...,ඔයා ඒක කිව්වම තමයි මටත් මතක් වුණේ...,beginner
for-what-its-worth-i-agree,s-agreeing-disagreeing,"For what it's worth, I agree.","ෆෝ වොට් ඉට්ස් වර්ත්, අයි අග්‍රී.","මගේ අදහසෙන් වැඩක් තියෙනවා නම්, මං ඒකට එකඟයි.",intermediate
if-its-any-consolation-youre-not,s-everyday-conversations,"If it's any consolation, you're not alone.","ඉෆ් ඉට්ස් එනි කොන්සලේෂන්, යුවර් නොට් අලෝන්.","ඒකෙන් හිතට පොඩි හරි සහනයක් ලැබෙනවා නම්, ඔයාට විතරක් නෙවෙයි එහෙම වෙන්නේ.",intermediate
if-it-makes-you-feel-any,s-feelings-emotions,"If it makes you feel any better, I did the same thing.","ඉෆ් ඉට් මේක්ස් යූ ෆීල් එනි බෙටර්, අයි ඩිඩ් ද සේම් තින්.","ඔයාට හිතට ටිකක් හොඳක් දැනෙනවා නම්, මාත් ඒ වැඩේම කරලා තියෙනවා.",advanced
dont-beat-yourself-up-over-it,s-everyday-conversations,Don't beat yourself up over it.,ඩෝන්ට් බීට් යෝර්සෙල්ෆ් අප් ඕවර් ඉට්.,ඕක ගැන තමන්ටම දොස් කිය කිය දුක් වෙන්න එපා.,intermediate
cut-yourself-some-slack,s-everyday-conversations,Cut yourself some slack.,කට් යෝර්සෙල්ෆ් සම් ස්ලැක්.,තමන් ගැන ඔච්චර තදින් හිතන්න එපා; පොඩ්ඩක් තමන්ටම ඉඩ දෙන්න.,beginner
give-yourself-some-credit,s-everyday-conversations,Give yourself some credit.,ගිව් යෝර්සෙල්ෆ් සම් ක්‍රෙඩිට්.,ඔයා කරපු හොඳ දේවලුත් අගය කරන්න.,beginner
youve-done-more-than-enough,s-everyday-conversations,You've done more than enough.,යූව් ඩන් මෝර් දෑන් ඉනෆ්.,ඔයා ඕනවටත් වඩා කරලා තියෙනවා.,beginner
dont-push-yourself-too-hard,s-everyday-conversations,Don't push yourself too hard.,ඩෝන්ට් පුෂ් යෝර්සෙල්ෆ් ටූ හාඩ්.,තමන්ව ඕනවට වඩා මහන්සි කරවන්න එපා.,beginner
know-your-limits,s-everyday-conversations,Know your limits.,නෝ යෝර් ලිමිට්ස්.,තමන්ට පුළුවන් සීමාව දැනගෙන වැඩ කරන්න.,beginner
pick-your-battles,s-everyday-conversations,Pick your battles.,පික් යෝර් බැටල්ස්.,"හැම දේකටම පැටලෙන්නේ නැතුව, ඇත්තටම වැදගත් දේවල් වෙනුවෙන් විතරක් සටන් කරන්න.",beginner
its-not-worth-the-hassle,s-everyday-conversations,It's not worth the hassle.,ඉට්ස් නොට් වර්ත් ද හැසල්.,ඕක වෙනුවෙන් ඔච්චර කරදර වෙලා වැඩක් නෑ.,beginner
save-yourself-the-trouble,s-everyday-conversations,Save yourself the trouble.,සේව් යෝර්සෙල්ෆ් ද ට්‍රබල්.,ඕක කරලා අනවශ්‍ය කරදරේ වැටෙන්න එපා.,beginner
i-cant-be-bothered,s-everyday-conversations,I can't be bothered.,අයි කෑන්ට් බී බොදර්ඩ්.,ඕක කරන්න දැන් මට කිසිම උනන්දුවක් නෑ.,beginner
its-more-trouble-than-its-worth,s-everyday-conversations,It's more trouble than it's worth.,ඉට්ස් මෝර් ට්‍රබල් දෑන් ඉට්ස් වර්ත්.,ඒකෙන් ලැබෙන ප්‍රයෝජනයට වඩා කරදරේ වැඩියි.,intermediate
thatll-do,s-everyday-conversations,That'll do.,දැට්ල් ඩූ.,"ඔය ඇති, ඒකෙන් වැඩේ වෙයි.",beginner
good-enough-for-now,s-everyday-conversations,Good enough for now.,ගුඩ් ඉනෆ් ෆෝ නව්.,දැනට ඔය ඇති.,beginner
that-should-do-the-trick,s-everyday-conversations,That should do the trick.,දැට් ෂුඩ් ඩූ ද ට්‍රික්.,ඕකෙන් වැඩේ හරි යන්න ඕනේ.,beginner
fingers-crossed,s-everyday-conversations,Fingers crossed.,ෆින්ගර්ස් ක්‍රොස්ට්.,හොඳ දෙයක් වෙයි කියලා බලාපොරොත්තු වෙමු.,beginner
so-far-so-good,s-everyday-conversations,"So far, so good.","සෝ ෆාර්, සෝ ගුඩ්.",දැනට නම් හැමදේම හොඳින් යනවා.,beginner
were-not-out-of-the-woods,s-everyday-conversations,We're not out of the woods yet.,වියර් නොට් අවුට් ඔෆ් ද වුඩ්ස් යෙට්.,ප්‍රශ්නේ තාම සම්පූර්ණයෙන්ම ඉවර නෑ.,intermediate
were-getting-there,s-everyday-conversations,We're getting there.,වියර් ගෙටින් දෙයාර්.,අපි ටිකෙන් ටික ඉලක්කයට ලඟා වෙනවා.,beginner
its-coming-along-nicely,s-everyday-conversations,It's coming along nicely.,ඉට්ස් කමින් අලෝන් නයිස්ලි.,වැඩේ හොඳට ඉස්සරහට යනවා.,beginner
thatll-have-to-wait,s-everyday-conversations,That'll have to wait.,දැට්ල් හැව් ටු වේට්.,ඒක පස්සේ කරන්න වෙනවා.,beginner
it-can-wait,s-everyday-conversations,It can wait.,ඉට් කැන් වේට්.,ඒකට දැන්ම හදිස්සියක් නෑ.,beginner
that-can-wait-until-tomorrow,s-making-plans,That can wait until tomorrow.,දැට් කැන් වේට් අන්ටිල් ටුමොරෝ.,ඒක හෙට කළාට කමක් නෑ.,beginner
ill-deal-with-it-later,s-business,I'll deal with it later.,අයිල් ඩීල් විත් ඉට් ලේටර්.,මං ඒක පස්සේ බලාගන්නම්.,beginner
thats-tomorrows-problem,s-problems-complaints,That's tomorrow's problem.,දැට්ස් ටුමොරෝස් ප්‍රොබ්ලම්.,ඒ ගැන හෙට බලමු; දැන් ඒක ගැන හිතන්න ඕනේ නෑ.,beginner
well-worry-about-that-later,s-everyday-conversations,We'll worry about that later.,වීල් වරි අබවුට් දැට් ලේටර්.,ඒ ප්‍රශ්නේ ගැන පස්සේ බලමු.,beginner
lets-play-it-by-ear,s-everyday-conversations,Let's play it by ear.,ලෙට්ස් ප්ලේ ඉට් බයි ඉයර්.,"කලින්ම හැමදේම තීරණය නොකර, වෙන විදිහ බලලා එවෙලේ තීරණය කරමු.",beginner
lets-wing-it,s-everyday-conversations,Let's wing it.,ලෙට්ස් වින්ග් ඉට්.,ලොකු සූදානමක් නැතුව එවෙලේ හැටියට කරමු.,beginner
well-make-do,s-everyday-conversations,We'll make do.,වීල් මේක් ඩූ.,තියෙන දේවලින් කොහොමහරි වැඩේ කරගමු.,beginner
well-manage-somehow,s-everyday-conversations,We'll manage somehow.,වීල් මැනිජ් සම්හව්.,අපි කොහොමහරි වැඩේ කරගමු.,beginner
well-work-something-out,s-work-office,We'll work something out.,වීල් වර්ක් සම්තින් අවුට්.,අපි මොකක්හරි විසඳුමක් හොයාගමු.,beginner
theres-got-to-be-another-way,s-everyday-conversations,There's got to be another way.,දෙයාර්ස් ගොට් ටු බී අනදර් වේ.,මේකට වෙන ක්‍රමයක් තියෙන්නම ඕනේ.,intermediate
its-worth-a-shot,s-everyday-conversations,It's worth a shot.,ඉට්ස් වර්ත් අ ෂොට්.,එක පාරක් කරලා බලන්න වටිනවා.,beginner
theres-no-harm-in-trying,s-everyday-conversations,There's no harm in trying.,දෙයාර්ස් නෝ හාම් ඉන් ට්‍රයින්.,උත්සාහ කරලා බැලුවා කියලා පාඩුවක් නෑ.,beginner
what-have-we-got-to-lose,s-asking-questions,What have we got to lose?,වොට් හැව් වී ගොට් ටු ලූස්?,උත්සාහ කරලා බැලුවා කියලා අපිට නැතිවෙන්න තියෙන්නේ මොනවද?,intermediate
its-worth-a-try,s-everyday-conversations,It's worth a try.,ඉට්ස් වර්ත් අ ට්‍රයි.,එක පාරක් හරි කරලා බලන එක වටිනවා.,beginner
you-never-know,s-everyday-conversations,You never know.,යූ නෙවර් නෝ.,"කවුද දන්නේ, හරි යන්නත් පුළුවන්.",beginner
stranger-things-have-happened,s-everyday-conversations,Stranger things have happened.,ස්ට්‍රේන්ජර් තින්ග්ස් හැව් හැපන්ඩ්.,මීටත් වඩා පුදුම දේවල් වෙලා තියෙනවා; ඒ නිසා මේකත් වෙන්න බැරි නෑ.,beginner
anythings-possible,s-everyday-conversations,Anything's possible.,එනිතින්ග්ස් පොසිබල්.,ඕන දෙයක් වෙන්න පුළුවන්.,beginner
dont-get-your-hopes-up,s-everyday-conversations,Don't get your hopes up.,ඩෝන්ට් ගෙට් යෝර් හෝප්ස් අප්.,වැඩිය බලාපොරොත්තු තියාගන්න එපා.,beginner
i-wouldnt-count-on-it,s-everyday-conversations,I wouldn't count on it.,අයි වුඩ්න්ට් කවුන්ට් ඔන් ඉට්.,මං නම් ඒක අනිවාර්යයෙන් වෙයි කියලා විශ්වාස කරගෙන ඉන්නේ නෑ.,beginner
i-wouldnt-hold-my-breath,s-everyday-conversations,I wouldn't hold my breath.,අයි වුඩන්ට් හෝල්ඩ් මයි බ්‍රෙත්.,ඒක ඉක්මනට වෙයි කියලා මං නම් බලාගෙන ඉන්නේ නෑ.,beginner
dont-count-your-chickens-before-they,s-everyday-conversations,Don't count your chickens before they hatch.,ඩෝන්ට් කවුන්ට් යෝර් චිකන්ස් බිෆෝර් දේ හැච්.,වැඩේ හරි යන්න කලින්ම හරි ගියා වගේ ගණන් හදන්න එපා.,intermediate
lets-not-jinx-it,s-everyday-conversations,Let's not jinx it.,ලෙට්ස් නොට් ජින්ක්ස් ඉට්.,වැඩේ හරි යන්න කලින් වැඩිය කතා කරලා අවාසනාව ගෙන්නගන්න එපා.,beginner
i-have-a-bad-feeling-about,s-feelings-emotions,I have a bad feeling about this.,අයි හැව් අ බැඩ් ෆීලින් අබවුට් දිස්.,මේක ගැන මට එච්චර හොඳ හැඟීමක් නෑ.,intermediate
something-feels-off,s-everyday-conversations,Something feels off.,සම්තින් ෆීල්ස් ඔෆ්.,මොකක්හරි දෙයක් හරි නෑ වගේ දැනෙනවා.,beginner
this-doesnt-feel-right,s-feelings-emotions,This doesn't feel right.,දිස් ඩසන්ට් ෆීල් රයිට්.,මේක හරි දෙයක් වගේ මට දැනෙන්නේ නෑ.,beginner
trust-your-gut,s-everyday-conversations,Trust your gut.,ට්‍රස්ට් යෝර් ගට්.,ඔයාගේ ඇතුළතින් දැනෙන හැඟීම විශ්වාස කරන්න.,beginner
better-safe-than-sorry,s-apologizing,Better safe than sorry.,බෙටර් සේෆ් දෑන් සොරි.,පස්සේ පසුතැවෙනවට වඩා දැන්ම පරිස්සම් වෙන එක හොඳයි.,beginner
just-to-be-on-the-safe,s-everyday-conversations,Just to be on the safe side.,ජස්ට් ටු බී ඔන් ද සේෆ් සයිඩ්.,කෝකටත් පරිස්සමට.,intermediate
you-can-never-be-too-careful,s-everyday-conversations,You can never be too careful.,යූ කැන් නෙවර් බී ටූ කෙයාර්ෆුල්.,පරිස්සම් වෙන එක කවදාවත් වැඩි වෙන්නේ නෑ.,intermediate
lets-not-take-any-chances,s-everyday-conversations,Let's not take any chances.,ලෙට්ස් නොට් ටේක් එනි චාන්සස්.,අවදානමක් ගන්නේ නැතුව ඉමු.,beginner
its-better-to-be-prepared,s-everyday-conversations,It's better to be prepared.,ඉට්ස් බෙටර් ටු බී ප්‍රිපෙයාර්ඩ්.,කලින්ම ලෑස්ති වෙලා ඉන්න එක හොඳයි.,beginner
just-in-case,s-everyday-conversations,Just in case.,ජස්ට් ඉන් කේස්.,මොනවා හරි වුණොත් කියලා කෝකටත්.,beginner
you-never-can-tell,s-everyday-conversations,You never can tell.,යූ නෙවර් කැන් ටෙල්.,මොනවා වෙයිද කියලා හරියටම කියන්න බෑ.,beginner
well-see-what-happens,s-everyday-conversations,We'll see what happens.,වීල් සී වොට් හැපන්ස්.,මොකද වෙන්නේ කියලා බලමු.,beginner
only-time-will-tell,s-everyday-conversations,Only time will tell.,ඕන්ලි ටයිම් විල් ටෙල්.,ඒක හරිද වැරදිද කියලා කාලයත් එක්ක තමයි දැනගන්න වෙන්නේ.,beginner
lets-take-it-one-day-at,s-everyday-conversations,Let's take it one day at a time.,ලෙට්ස් ටේක් ඉට් වන් ඩේ ඇට් අ ටයිම්.,ඉස්සරහ හැමදේම ගැන දැන්ම හිතන්නේ නැතුව දවසින් දවස බලමු.,intermediate
well-deal-with-it-when-the,s-business,We'll deal with it when the time comes.,වීල් ඩීල් විත් ඉට් වෙන් ද ටයිම් කම්ස්.,වෙලාව ආවම ඒක බලාගමු.,intermediate
well-take-it-from-there,s-everyday-conversations,We'll take it from there.,වීල් ටේක් ඉට් ෆ්‍රම් දෙයාර්.,එතනට ගියාට පස්සේ ඊළඟට මොකද කරන්නේ කියලා බලමු.,beginner
what-brings-you-here,s-asking-questions,What brings you here?,වට් බ්‍රිංස් යූ හියර්?,ඔයා මෙහෙ ආවේ මොකද?,beginner
how-did-you-hear-about-this,s-asking-questions,How did you hear about this place?,හව් ඩිඩ් යූ හියර් අබවුට් දිස් ප්ලේස්?,මේ තැන ගැන දැනගත්තේ කොහොමද?,intermediate
have-we-met-before,s-asking-questions,Have we met before?,හැව් වී මෙට් බිෆෝර්?,අපි කලින් හම්බවෙලා තියෙනවද?,beginner
you-look-familiar,s-everyday-conversations,You look familiar.,යූ ලුක් ෆැමිලියර්,ඔයාව කලින් දැකලා තියෙනවා වගේ.,beginner
i-dont-think-weve-met,s-everyday-conversations,I don't think we've met.,අයි ඩෝන්ට් තිංක් වීව් මෙට්,මම හිතන්නේ අපි කලින් හම්බවෙලා නෑ.,beginner
let-me-introduce-myself,s-everyday-conversations,Let me introduce myself.,ලෙට් මී ඉන්ට්‍රඩියුස් මයිසෙල්ෆ්,මම මාව හඳුන්වා දෙන්නම්.,beginner
its-a-pleasure-to-meet-you,s-everyday-conversations,It's a pleasure to meet you.,ඉට්ස් අ ප්ලෙෂර් ටු මීට් යූ,ඔයාව හඳුනාගන්න ලැබුණ එක සතුටක්.,intermediate
ive-heard-a-lot-about-you,s-everyday-conversations,I've heard a lot about you.,අයිව් හර්ඩ් අ ලොට් අබවුට් යූ,ඔයා ගැන ගොඩක් අහලා තියෙනවා.,intermediate
how-do-you-know-them,s-asking-questions,How do you know them?,හව් ඩු යූ නෝ දෙම්?,ඔයා එයාලව දන්නේ කොහොමද?,beginner
we-have-a-friend-in-common,s-family-friends,We have a friend in common.,වී හැව් අ ෆ්‍රෙන්ඩ් ඉන් කොමන්,අපි දෙන්නාම දන්න යාළුවෙක් ඉන්නවා.,intermediate
small-world-isnt-it,s-everyday-conversations,"Small world, isn't it?","ස්මෝල් වර්ල්ඩ්, ඉස්න්ට් ඉට්?",ලෝකෙත් පොඩියි නේද?,beginner
what-a-coincidence,s-everyday-conversations,What a coincidence!,වට් අ කොඉන්සිඩන්ස්!,මොන අහඹු හමුවීමක්ද!,beginner
i-wasnt-expecting-to-see-you,s-everyday-conversations,I wasn't expecting to see you here.,අයි වොසන්ට් එක්ස්පෙක්ටිං ටු සී යූ හියර්,ඔයාව මෙහෙ දකින්න බලාපොරොත්තු වුණේ නෑ.,intermediate
fancy-seeing-you-here,s-everyday-conversations,Fancy seeing you here!,ෆැන්සි සීඉං යූ හියර්!,"අහ්, ඔයත් මෙහෙද!",beginner
what-have-you-been-doing-lately,s-asking-questions,What have you been doing lately?,වට් හැව් යූ බීන් ඩූඉං ලේට්ලි?,මේ ළඟදී මොනවද කරන්නේ?,intermediate
have-you-been-keeping-busy,s-asking-questions,Have you been keeping busy?,හැව් යූ බීන් කීපිං බිසි?,මේ ටිකේ වැඩ වැඩිද?,beginner
hows-life-treating-you,s-asking-questions,How's life treating you?,හව්ස් ලයිෆ් ට්‍රීටිං යූ?,ජීවිතේ කොහොමද යන්නේ?,beginner
cant-complain,s-problems-complaints,Can't complain.,කෑන්ට් කම්ප්ලේන්,කියන්න තරම් ප්‍රශ්නයක් නෑ.,beginner
ive-been-better,s-everyday-conversations,I've been better.,අයිව් බීන් බෙටර්,මීට වඩා හොඳින් හිටපු දවස් තිබුණා.,beginner
im-doing-pretty-well,s-everyday-conversations,I'm doing pretty well.,අයිම් ඩූඉං ප්‍රිටි වෙල්,මම හොඳින් ඉන්නවා.,beginner
things-have-been-hectic-lately,s-everyday-conversations,Things have been hectic lately.,තිංස් හැව් බීන් හෙක්ටික් ලේට්ලි,මේ ටිකේ හරිම කාර්යබහුලයි.,beginner
ive-had-a-lot-on-my,s-everyday-conversations,I've had a lot on my plate.,අයිව් හැඩ් අ ලොට් ඔන් මයි ප්ලේට්,මේ ටිකේ මට ගොඩක් වැඩ තියෙනවා.,intermediate
ive-been-taking-it-easy,s-everyday-conversations,I've been taking it easy.,අයිව් බීන් ටේකිං ඉට් ඊසි,මේ ටිකේ සැහැල්ලුවෙන් ඉන්නවා.,beginner
nothing-much-has-changed,s-everyday-conversations,Nothing much has changed.,නතිං මච් හැස් චේන්ජ්ඩ්,ලොකු වෙනසක් නෑ.,beginner
same-old-same-old,s-everyday-conversations,"Same old, same old.","සේම් ඕල්ඩ්, සේම් ඕල්ඩ්",හැමදාම වගේම තමයි.,beginner
things-are-looking-up,s-everyday-conversations,Things are looking up.,තිංස් ආර් ලුකිං අප්,තත්ත්වය දැන් හොඳ පැත්තට යනවා.,beginner
ive-been-meaning-to-call-you,s-everyday-conversations,I've been meaning to call you.,අයිව් බීන් මීනිං ටු කෝල් යූ.,මං ඔයාට call කරන්න හිතාගෙන හිටියේ.,intermediate
i-was-just-thinking-about-you,s-everyday-conversations,I was just thinking about you.,අයි වස් ජස්ට් තිංකිං අබවුට් යූ,මම දැන්ම ඔයා ගැන හිතමින් හිටියේ.,intermediate
you-crossed-my-mind-the-other,s-everyday-conversations,You crossed my mind the other day.,යූ ක්‍රොස්ට් මයි මයින්ඩ් දි අදර් ඩේ,පහුගිය දවසක ඔයාව මතක් වුණා.,intermediate
its-been-ages,s-everyday-conversations,It's been ages.,ඉට්ස් බීන් ඒජිස්,ගොඩක් කාලෙකින්.,beginner
we-really-need-to-catch-up,s-everyday-conversations,We really need to catch up.,වී රියලි නීඩ් ටු කැච් අප්,අපි හම්බවෙලා හොඳට කතා කරන්න ඕන.,intermediate
im-glad-we-ran-into-each,s-feelings-emotions,I'm glad we ran into each other.,අයිම් ග්ලෑඩ් වී රෑන් ඉන්ටු ඊච් අදර්,අහම්බෙන් හම්බවුණ එක සතුටුයි.,intermediate
hows-work-been,s-work-office,How's work been?,හව්ස් වර්ක් බීන්?,වැඩ කොහොමද යන්නේ?,beginner
how-are-things-at-home,s-home,How are things at home?,හව් ආර් තිංස් ඇට් හෝම්?,ගෙදර වැඩ කොහොමද?,beginner
hows-everyone-doing,s-asking-questions,How's everyone doing?,හව්ස් එව්රිවන් ඩූඉං?,හැමෝම කොහොමද?,beginner
give-everyone-my-regards,s-everyday-conversations,Give everyone my regards.,ගිව් එව්රිවන් මයි රිගාඩ්ස්,හැමෝටම මම මතක් කළා කියන්න.,beginner
say-hi-to-everyone-for-me,s-greetings-introductions,Say hi to everyone for me.,සේ හයි ටු එව්රිවන් ෆෝ මී,මගෙන් හැමෝටම ආයුබෝවන් කියන්න.,intermediate
how-are-your-parents-doing,s-family-friends,How are your parents doing?,හව් ආර් යෝර් පෙරන්ට්ස් ඩූඉං?,අම්මා තාත්තා කොහොමද?,beginner
hows-your-little-one,s-asking-questions,How's your little one?,හව්ස් යෝර් ලිට්ල් වන්?,පොඩි එක්කෙනා කොහොමද?,beginner
everyones-doing-well-thanks,s-thanking,"Everyone's doing well, thanks.","එව්රිවන්ස් ඩූඉං වෙල්, තෑන්ක්ස්","හැමෝම හොඳින්, ස්තුතියි.",beginner
whats-new-with-you,s-asking-questions,What's new with you?,වට්ස් නිව් විත් යූ?,ඔයාගේ අලුත් ආරංචි මොනවද?,beginner
anything-exciting-happening,s-everyday-conversations,Anything exciting happening?,එනිතිං එක්සයිටිං හැපනිං?,මොනවාහරි රසවත් අලුත් දෙයක් වෙනවද?,beginner
ive-got-some-exciting-news,s-everyday-conversations,I've got some exciting news.,අයිව් ගොට් සම් එක්සයිටිං නිව්ස්,මට සතුටුදායක ආරංචියක් තියෙනවා.,beginner
youll-never-guess-what-happened,s-everyday-conversations,You'll never guess what happened.,යූල් නෙවර් ගෙස් වට් හැපන්ඩ්,වුණ දේ ඔයාට අනුමාන කරන්නවත් බෑ.,beginner
guess-what,s-everyday-conversations,Guess what!,ගෙස් වට්!,දන්නවද මොකද වුණේ!,beginner
i-have-something-to-show-you,s-everyday-conversations,I have something to show you.,අයි හැව් සම්තිං ටු ෂෝ යූ,ඔයාට පෙන්නන්න දෙයක් තියෙනවා.,intermediate
you-have-to-see-this,s-everyday-conversations,You have to see this.,යූ හැව් ටු සී දිස්,ඔයා මේක අනිවාර්යයෙන් බලන්න ඕන.,beginner
check-this-out,s-everyday-conversations,Check this out.,චෙක් දිස් අවුට්,මේක බලන්නකෝ.,beginner
take-a-look-at-this,s-everyday-conversations,Take a look at this.,ටේක් අ ලුක් ඇට් දිස්,මේක පොඩ්ඩක් බලන්න.,beginner
have-a-look,s-everyday-conversations,Have a look.,හැව් අ ලුක්,බලන්නකෝ.,beginner
what-do-you-make-of-this,s-asking-questions,What do you make of this?,වට් ඩු යූ මේක් ඔෆ් දිස්?,මේ ගැන ඔයාට මොකද හිතෙන්නේ?,intermediate
does-this-look-right-to-you,s-asking-questions,Does this look right to you?,ඩස් දිස් ලුක් රයිට් ටු යූ?,මේක හරි වගේ පේනවද?,intermediate
does-this-seem-normal,s-asking-questions,Does this seem normal?,ඩස් දිස් සීම් නෝර්මල්?,මේක සාමාන්‍ය දෙයක් වගේද?,beginner
something-doesnt-seem-right,s-everyday-conversations,Something doesn't seem right.,සම්තිං ඩසන්ට් සීම් රයිට්,මොකක්හරි හරි නෑ වගේ.,beginner
ive-got-a-good-feeling-about,s-feelings-emotions,I've got a good feeling about this.,අයිව් ගොට් අ ගුඩ් ෆීලිං අබවුට් දිස්,මේක හොඳට යයි වගේ මට හිතෙනවා.,intermediate
trust-your-instincts,s-everyday-conversations,Trust your instincts.,ට්‍රස්ට් යෝර් ඉන්ස්ටිංක්ට්ස්,ඔයාගේ ඇතුළතින් දැනෙන දේ විශ්වාස කරන්න.,beginner
go-with-your-gut,s-everyday-conversations,Go with your gut.,ගෝ විත් යෝර් ගට්,ඔයාට ඇතුළතින් හරි කියලා දැනෙන දේ කරන්න.,beginner
use-your-best-judgment,s-everyday-conversations,Use your best judgment.,යූස් යෝර් බෙස්ට් ජජ්මන්ට්,හොඳට හිතලා හරි තීරණය ගන්න.,beginner
ill-leave-that-up-to-you,s-everyday-conversations,I'll leave that up to you.,අයිල් ලීව් දැට් අප් ටු යූ,ඒ තීරණය ඔයාටම බාරයි.,intermediate
do-whatever-you-think-is-best,s-everyday-conversations,Do whatever you think is best.,ඩු වටෙවර් යූ තිංක් ඉස් බෙස්ට්,හොඳම දේ කියලා ඔයාට හිතෙන එක කරන්න.,intermediate
use-your-own-judgment,s-everyday-conversations,Use your own judgment.,යූස් යෝර් ඕන් ජජ්මන්ට්,ඔයාගේම අවබෝධයෙන් තීරණය කරන්න.,beginner
think-it-over-carefully,s-everyday-conversations,Think it over carefully.,තිංක් ඉට් ඕවර් කෙයාර්ෆුලි,හොඳට හිතලා බලන්න.,beginner
dont-decide-too-quickly,s-everyday-conversations,Don't decide too quickly.,ඩෝන්ට් ඩිසයිඩ් ටූ ක්වික්ලි,ඉක්මනට තීරණය කරන්න එපා.,beginner
theres-plenty-of-time,s-everyday-conversations,There's plenty of time.,දෙයාර්ස් ප්ලෙන්ටි ඔෆ් ටයිම්,ඕන තරම් වෙලාව තියෙනවා.,beginner
no-need-to-rush,s-everyday-conversations,No need to rush.,නෝ නීඩ් ටු රෂ්,ඉක්මන් වෙන්න ඕන නෑ.,beginner
think-before-you-act,s-everyday-conversations,Think before you act.,තිංක් බිෆෝර් යූ ඇක්ට්,කරන්න කලින් හිතන්න.,beginner
just-be-careful,s-everyday-conversations,Just be careful.,ජස්ට් බී කෙයාර්ෆුල්,පොඩ්ඩක් පරිස්සමින්.,beginner
watch-your-step,s-everyday-conversations,Watch your step.,වොච් යෝර් ස්ටෙප්,පය තබනකොට පරිස්සමින්.,beginner
be-careful-out-there,s-everyday-conversations,Be careful out there.,බී කෙයාර්ෆුල් අවුට් දෙයාර්,එළියේ පරිස්සමින් ඉන්න.,beginner
mind-your-head,s-everyday-conversations,Mind your head.,මයින්ඩ් යෝර් හෙඩ්,ඔළුව වදින්නෙ නැතිව බලාගෙන.,beginner
watch-out,s-everyday-conversations,Watch out!,වොච් අවුට්!,පරිස්සම්!,beginner
look-out,s-everyday-conversations,Look out!,ලුක් අවුට්!,පරිස්සම්!,beginner
be-right-there,s-everyday-conversations,Be right there.,බී රයිට් දෙයාර්,මම දැන්ම එන්නම්.,beginner
im-coming,s-everyday-conversations,I'm coming.,අයිම් කමින්,මම එනවා.,beginner
coming-right-up,s-everyday-conversations,Coming right up.,කමිං රයිට් අප්,දැන්ම ගෙන එන්නම්.,beginner
im-just-finishing-something,s-everyday-conversations,I'm just finishing something.,අයිම් ජස්ට් ෆිනිෂිං සම්තිං,මම මේ වැඩේ ඉවර කරන ගමන්.,beginner
ill-be-with-you-shortly,s-everyday-conversations,I'll be with you shortly.,අයිල් බී විත් යූ ෂෝට්ලි,මම ඉක්මනට ඔයා ළඟට එන්නම්.,beginner
give-me-five-minutes,s-meetings,Give me five minutes.,ගිව් මී ෆයිව් මිනිට්ස්,මට විනාඩි පහක් දෙන්න.,beginner
i-wont-be-long,s-everyday-conversations,I won't be long.,අයි වෝන්ට් බී ලෝන්ග්,මට ගොඩක් වෙලා යන්නේ නෑ.,beginner
this-wont-take-long,s-everyday-conversations,This won't take long.,දිස් වෝන්ට් ටේක් ලෝන්ග්,මේකට වැඩි වෙලාවක් යන්නේ නෑ.,beginner
itll-only-take-a-minute,s-everyday-conversations,It'll only take a minute.,ඉට්ල් ඕන්ලි ටේක් අ මිනිට්,මේකට විනාඩියක් විතරයි යන්නේ.,beginner
im-nearly-finished,s-everyday-conversations,I'm nearly finished.,අයිම් නියර්ලි ෆිනිෂ්ඩ්,මම දැන් වැඩේ ඉවර කරන්න ලඟයි.,beginner
i-just-need-to-finish-this,s-everyday-conversations,I just need to finish this.,අයි ජස්ට් නීඩ් ටු ෆිනිෂ් දිස්,මට මේක විතරක් ඉවර කරන්න ඕන.,intermediate
let-me-wrap-this-up,s-everyday-conversations,Let me wrap this up.,ලෙට් මී රැප් දිස් අප්,මට මේ වැඩේ ඉවර කරගන්න දෙන්න.,beginner
im-tied-up-at-the-moment,s-everyday-conversations,I'm tied up at the moment.,අයිම් ටයිඩ් අප් ඇට් ද මෝමන්ට්,මම දැන් වැඩක හිරවෙලා.,intermediate
im-a-bit-swamped,s-everyday-conversations,I'm a bit swamped.,අයිම් අ බිට් ස්වොම්ප්ට්,මට දැන් වැඩ ගොඩක්.,beginner
today-has-been-nonstop,s-everyday-conversations,Today has been nonstop.,ටුඩේ හැස් බීන් නොන්ස්ටොප්,අද දවසම වැඩ නතරයක් නැතුව.,beginner
its-been-a-crazy-day,s-everyday-conversations,It's been a crazy day.,ඉට්ස් බීන් අ ක්‍රේසි ඩේ,අද දවස හරිම කලබලයි.,beginner
im-exhausted,s-feelings-emotions,I'm exhausted.,අයිම් එක්සෝස්ටිඩ්,මම හොඳටම වෙහෙසට පත්වෙලා.,beginner
im-worn-out,s-everyday-conversations,I'm worn out.,අයිම් වෝර්න් අවුට්,මට හොඳටම හෙම්බත්.,beginner
im-completely-drained,s-everyday-conversations,I'm completely drained.,අයිම් කම්ප්ලීට්ලි ඩ්‍රේන්ඩ්,මගේ ශක්තිය සම්පූර්ණයෙන්ම ඉවරයි වගේ.,beginner
i-need-some-fresh-air,s-everyday-conversations,I need some fresh air.,අයි නීඩ් සම් ෆ්‍රෙෂ් එයාර්,මට ටිකක් එළියට ගිහින් නැවුම් වාතය ගන්න ඕන.,beginner
lets-step-outside-for-a-minute,s-everyday-conversations,Let's step outside for a minute.,ලෙට්ස් ස්ටෙප් අවුට්සයිඩ් ෆෝ අ මිනිට්,ටිකකට එළියට යමු.,intermediate
i-need-to-stretch-my-legs,s-everyday-conversations,I need to stretch my legs.,අයි නීඩ් ටු ස්ට්‍රෙච් මයි ලෙග්ස්,මට ටිකක් ඇවිදින්න ඕන.,intermediate
im-starving,s-everyday-conversations,I'm starving.,අයිම් ස්ටාර්වින්,මට හොඳටම බඩගිනියි.,beginner
i-could-eat-anything-right-now,s-restaurants-food,I could eat anything right now.,අයි කුඩ් ඊට් එනිතිං රයිට් නව්,දැන් මට ඕන දෙයක් කන්න පුළුවන් තරම් බඩගිනියි.,intermediate
im-not-that-hungry,s-everyday-conversations,I'm not that hungry.,අයිම් නොට් දැට් හංග්‍රි,මට එච්චර බඩගිනි නෑ.,beginner
i-could-use-a-drink,s-restaurants-food,I could use a drink.,අයි කුඩ් යූස් අ ඩ්‍රිංක්,මට බොන්න දෙයක් තිබුණොත් හොඳයි.,beginner
do-you-want-anything-to-drink,s-restaurants-food,Do you want anything to drink?,ඩු යූ වොන්ට් එනිතිං ටු ඩ්‍රිංක්?,බොන්න මොනවාහරි ඕනද?,intermediate
can-i-get-you-anything,s-asking-questions,Can I get you anything?,කැන් අයි ගෙට් යූ එනිතිං?,ඔයාට මොනවාහරි ගෙනත් දෙන්නද?,beginner
feel-free-to-sit-anywhere,s-feelings-emotions,Feel free to sit anywhere.,ෆීල් ෆ්‍රී ටු සිට් එනිවෙයාර්,කැමති තැනක ඉඳගන්න.,beginner
have-a-seat,s-everyday-conversations,Have a seat.,හැව් අ සීට්,ඉඳගන්න.,beginner
please-sit-down,s-making-requests,"Please, sit down.","ප්ලීස්, සිට් ඩවුන්",කරුණාකර වාඩිවෙන්න.,beginner
you-can-sit-here,s-everyday-conversations,You can sit here.,යූ කැන් සිට් හියර්.,ඔයාට මෙතන වාඩි වෙන්න පුළුවන්.,beginner
is-this-seat-taken,s-asking-questions,Is this seat taken?,ඉස් දිස් සීට් ටේකන්?,මේ seat එකේ කවුරුහරි ඉන්නවද?,beginner
do-you-mind-if-i-sit,s-asking-questions,Do you mind if I sit here?,ඩු යූ මයින්ඩ් ඉෆ් අයි සිට් හියර්?,මම මෙතැන ඉඳගත්තට කමක් නැද්ද?,intermediate
you-first,s-everyday-conversations,You first.,යූ ෆර්ස්ට්,ඔයා මුලින්.,beginner
let-me-get-the-door-for,s-home,Let me get the door for you.,ලෙට් මී ගෙට් ද ඩෝර් ෆෝ යූ,මම දොර අරින්නම්.,intermediate
allow-me,s-everyday-conversations,Allow me.,අලාව් මී,මට කරන්න දෙන්න.,beginner
here-you-go,s-everyday-conversations,Here you go.,හියර් යූ ගෝ,මෙන්න.,beginner
there-you-are,s-everyday-conversations,There you are.,දෙයාර් යූ ආර්,මෙන්න ඔයා ඉල්ලපු දේ.,beginner
keep-the-change,s-banking-money,Keep the change.,කීප් ද චේන්ජ්.,ඉතිරි සල්ලි තියාගන්න.,beginner
thats-very-kind-of-you,s-everyday-conversations,That's very kind of you.,දැට්ස් වෙරි කයින්ඩ් ඔෆ් යූ,ඔයා ගොඩක් කරුණාවන්තයි.,beginner
thats-really-thoughtful,s-everyday-conversations,That's really thoughtful.,දැට්ස් රියලි තෝට්ෆුල්,ඔයා ඒ ගැන හිතපු එක ගොඩක් වටිනවා.,beginner
you-didnt-have-to-do-that,s-everyday-conversations,You didn't have to do that.,යූ ඩිඩ්න්ට් හැව් ටු ඩූ දැට්,ඔයාට එහෙම කරන්න ඕනම නෑනේ.,intermediate
youre-too-kind,s-everyday-conversations,You're too kind.,යුවර් ටූ කයින්ඩ්,ඔයා හරිම හොඳයි.,beginner
i-really-owe-you,s-everyday-conversations,I really owe you.,අයි රියලි ඕ යූ,මම ඔයාට ලොකු උදව්වක් ණයයි.,beginner
how-can-i-repay-you,s-asking-questions,How can I repay you?,හව් කැන් අයි රිපේ යූ?,ඔයා කළ උදව්වට මම කොහොමද ප්‍රතිඋපකාර කරන්නෙ?,beginner
youve-done-enough-already,s-everyday-conversations,You've done enough already.,යූව් ඩන් ඉනෆ් ඕල්රෙඩි,ඔයා දැනටමත් ඕන තරම් උදව් කරලා.,beginner
i-really-cant-thank-you-enough,s-thanking,I really can't thank you enough.,අයි රියලි කෑන්ට් තෑන්ක් යූ ඉනෆ්,මම කොච්චර ස්තුති කළත් මදි.,intermediate
it-means-more-than-you-know,s-everyday-conversations,It means more than you know.,ඉට් මීන්ස් මෝර් දෑන් යූ නෝ,ඔයා හිතනවටත් වඩා ඒක මට වටිනවා.,intermediate
im-glad-i-could-help,s-feelings-emotions,I'm glad I could help.,අයිම් ග්ලෑඩ් අයි කුඩ් හෙල්ප්.,මට උදව් කරන්න පුළුවන් වුණ එක සතුටක්.,beginner
it-was-the-least-i-could,s-everyday-conversations,It was the least I could do.,ඉට් වස් ද ලීස්ට් අයි කුඩ් ඩූ,මට කරන්න පුළුවන් පොඩිම දේ ඒක.,intermediate
think-nothing-of-it,s-everyday-conversations,Think nothing of it.,තිංක් නතිං ඔෆ් ඉට්,ඒ ගැන වැඩිය හිතන්න එපා.,beginner
it-was-no-trouble-at-all,s-everyday-conversations,It was no trouble at all.,ඉට් වස් නෝ ට්‍රබල් ඇට් ඕල්,ඒක කිසිම කරදරයක් නෙවෙයි.,intermediate
glad-to-be-of-help,s-feelings-emotions,Glad to be of help.,ග්ලෑඩ් ටු බී ඔෆ් හෙල්ප්,උදව් වෙන්න ලැබුණ එක සතුටක්.,beginner
do-you-want-me-to-come,s-asking-questions,Do you want me to come along?,ඩු යූ වොන්ට් මී ටු කම් අලෝං?,මමත් එන්නද?,intermediate
mind-if-i-tag-along,s-everyday-conversations,Mind if I tag along?,මයින්ඩ් ඉෆ් අයි ටැග් අලෝං?,මමත් ඔයාලත් එක්ක ආවට කමක් නැද්ද?,beginner
come-along-if-you-want,s-everyday-conversations,Come along if you want.,කම් අලෝං ඉෆ් යූ වොන්ට්,කැමති නම් ඔයත් එන්න.,beginner
the-more-the-merrier,s-everyday-conversations,"The more, the merrier.","ද මෝර්, ද මෙරියර්",වැඩි දෙනෙක් ඉන්න තරමට වඩා හොඳයි.,beginner
wed-love-to-have-you,s-everyday-conversations,We'd love to have you.,වීඩ් ලව් ටු හැව් යූ,ඔයාත් ආවොත් අපි ගොඩක් කැමතියි.,beginner
feel-free-to-bring-a-friend,s-family-friends,Feel free to bring a friend.,ෆීල් ෆ්‍රී ටු බ්‍රිං අ ෆ්‍රෙන්ඩ්,කැමති නම් යාළුවෙක්වත් එක්ක එන්න.,intermediate
i-might-join-you-later,s-everyday-conversations,I might join you later.,අයි මයිට් ජොයින් යූ ලේටර්,මම පස්සේ ඔයාලත් එක්ක එකතු වෙන්න පුළුවන්.,beginner
ill-see-if-i-can-make,s-everyday-conversations,I'll see if I can make it.,අයිල් සී ඉෆ් අයි කැන් මේක් ඉට්.,මට එන්න පුළුවන්ද බලන්නම්.,intermediate
i-cant-promise-anything,s-everyday-conversations,I can't promise anything.,අයි කෑන්ට් ප්‍රොමිස් එනිතිං,මට පොරොන්දු වෙන්න බෑ.,beginner
ill-try-to-make-it,s-everyday-conversations,I'll try to make it.,අයිල් ට්‍රයි ටු මේක් ඉට්,මම එන්න උත්සාහ කරන්නම්.,beginner
i-should-be-able-to-come,s-everyday-conversations,I should be able to come.,අයි ෂුඩ් බී ඒබල් ටු කම්,මට එන්න පුළුවන් වෙයි.,intermediate
i-may-have-other-plans,s-making-plans,I may have other plans.,අයි මේ හැව් අදර් ප්ලෑන්ස්,සමහරවිට මට වෙන වැඩක් තියෙන්න පුළුවන්.,beginner
ill-check-my-schedule,s-making-plans,I'll check my schedule.,අයිල් චෙක් මයි ස්කෙජුල්,මගේ වෙලාව බලන්නම්.,beginner
let-me-get-back-to-you,s-everyday-conversations,Let me get back to you on that.,ලෙට් මී ගෙට් බැක් ටු යූ ඔන් දැට්,ඒ ගැන පස්සේ කියන්නම්.,intermediate
ill-confirm-later,s-everyday-conversations,I'll confirm later.,අයිල් කන්ෆර්ම් ලේටර්,පස්සේ ස්ථිරව කියන්නම්.,beginner
are-you-still-coming,s-asking-questions,Are you still coming?,ආර් යූ ස්ටිල් කමිං?,ඔයා තාමත් එනවා නේද?,beginner
what-time-are-you-leaving,s-asking-questions,What time are you leaving?,වොට් ටයිම් ආර් යූ ලීවිං?,ඔයා කීයටද යන්නේ?,beginner
when-are-you-heading-out,s-asking-questions,When are you heading out?,වෙන් ආර් යූ හෙඩිං අවුට්?,කීයට වගේ පිටත් වෙන්නේ?,beginner
are-you-leaving-now,s-asking-questions,Are you leaving now?,ආර් යූ ලීවින් නව්?,ඔයා දැන් යනවද?,beginner
im-about-to-leave,s-everyday-conversations,I'm about to leave.,අයිම් අබවුට් ටු ලීව්,මම දැන් යන්න හදන්නේ.,beginner
im-just-heading-out,s-everyday-conversations,I'm just heading out.,අයිම් ජස්ට් හෙඩිං අවුට්,මම දැන් එළියට යනවා.,beginner
ive-got-to-get-going,s-everyday-conversations,I've got to get going.,අයිව් ගොට් ටු ගෙට් ගෝයින්,දැන් මම ඉක්මනට ලෑස්ති වෙන්න ඕන.,beginner
i-wont-take-up-any-more,s-everyday-conversations,I won't take up any more of your time.,අයි වෝන්ට් ටේක් අප් එනි මෝර් ඔෆ් යෝර් ටයිම්,මම තව ඔයාගේ වෙලාව ගන්නේ නෑ.,intermediate
thanks-for-your-time,s-thanking,Thanks for your time.,තෑන්ක්ස් ෆෝ යෝර් ටයිම්.,ඔයාගේ වෙලාව දුන්නට ස්තුතියි.,beginner
it-was-good-catching-up,s-everyday-conversations,It was good catching up.,ඉට් වස් ගුඩ් කැචිං අප්,හම්බවෙලා කතා කරපු එක හොඳයි.,beginner
lets-not-wait-so-long-next,s-everyday-conversations,Let's not wait so long next time.,ලෙට්ස් නොට් වේට් සෝ ලොං නෙක්ස්ට් ටයිම්.,ඊළඟ වතාවේ මෙච්චර කාලයක් ඉන්න එපා.,intermediate
drop-by-anytime,s-everyday-conversations,Drop by anytime.,ඩ්‍රොප් බයි එනිටයිම්,ඕන වෙලාවක ඇවිත් යන්න.,beginner
come-by-whenever-you-like,s-everyday-conversations,Come by whenever you like.,කම් බයි වෙනෙවර් යූ ලයික්,කැමති වෙලාවක ඇවිත් යන්න.,beginner
you-know-where-to-find-me,s-everyday-conversations,You know where to find me.,යූ නෝ වෙයාර් ටු ෆයින්ඩ් මී,මාව හොයාගන්න තැන ඔයා දන්නවනේ.,intermediate
dont-hesitate-to-call,s-everyday-conversations,Don't hesitate to call.,ඩෝන්ට් හෙසිටේට් ටු කෝල්,කතා කරන්න දෙවරක් හිතන්න එපා.,beginner
reach-out-anytime,s-everyday-conversations,Reach out anytime.,රීච් අවුට් එනිටයිම්,ඕන වෙලාවක මාව සම්බන්ධ කරගන්න.,beginner
what-are-you-thinking-about,s-asking-questions,What are you thinking about?,වොට් ආර් යූ තින්කින් අබවුට්?,ඔයා මොනවා ගැනද හිතන්නේ?,beginner
you-seem-distracted,s-everyday-conversations,You seem distracted.,යූ සීම් ඩිස්ට්‍රැක්ටිඩ්,ඔයාගේ අවධානය වෙන තැනක වගේ.,beginner
you-seem-quiet-today,s-everyday-conversations,You seem quiet today.,යූ සීම් ක්වයිට් ටුඩේ,අද ඔයා නිශ්ශබ්දයි වගේ.,beginner
youve-been-quiet-all-day,s-everyday-conversations,You've been quiet all day.,යූව් බීන් ක්වයිට් ඕල් ඩේ,ඔයා අද දවසම නිශ්ශබ්දයි.,beginner
is-something-on-your-mind,s-asking-questions,Is something on your mind?,ඉස් සම්තිං ඔන් යෝර් මයින්ඩ්?,මොනවාහරි දෙයක් ගැන හිතමින්ද ඉන්නේ?,beginner
you-look-worried,s-feelings-emotions,You look worried.,යූ ලුක් වරීඩ්,ඔයා වදවෙලා වගේ පේනවා.,beginner
you-seem-a-little-stressed,s-everyday-conversations,You seem a little stressed.,යූ සීම් අ ලිට්ල් ස්ට්‍රෙස්ඩ්,ඔයා ටිකක් පීඩනයෙන් වගේ.,beginner
want-to-talk-about-it,s-everyday-conversations,Want to talk about it?,වොන්ට් ටු ටෝක් අබවුට් ඉට්?,ඒ ගැන කතා කරන්න කැමතිද?,beginner
you-can-tell-me-if-you,s-everyday-conversations,You can tell me if you want.,යූ කැන් ටෙල් මී ඉෆ් යූ වොන්ට්,කැමති නම් මට කියන්න පුළුවන්.,intermediate
i-wont-judge-you,s-everyday-conversations,I won't judge you.,අයි වෝන්ට් ජජ් යූ,මම ඔයාව විනිශ්චය කරන්නේ නෑ.,beginner
im-all-ears,s-everyday-conversations,I'm all ears.,අයිම් ඕල් ඉයර්ස්,මම හොඳට අහගෙන ඉන්නවා.,beginner
go-ahead-im-listening,s-everyday-conversations,"Go ahead, I'm listening.","ගෝ අහෙඩ්, අයිම් ලිසනිං","කියන්න, මම අහගෙන ඉන්නේ.",beginner
take-it-from-the-top,s-everyday-conversations,Take it from the top.,ටේක් ඉට් ෆ්‍රම් ද ටොප්,මුල ඉඳලා කියන්න.,beginner
then-what-happened,s-everyday-conversations,Then what happened?,දෙන් වට් හැපන්ඩ්?,ඊට පස්සේ මොකද වුණේ?,beginner
what-happened-next,s-asking-questions,What happened next?,වට් හැපන්ඩ් නෙක්ස්ට්?,ඊළඟට මොකද වුණේ?,beginner
how-did-you-react,s-asking-questions,How did you react?,හව් ඩිඩ් යූ රියැක්ට්?,ඔයා ඒකට කොහොමද ප්‍රතිචාර දැක්වුවේ?,beginner
what-did-they-say,s-asking-questions,What did they say?,වට් ඩිඩ් දේ සේ?,එයාලා මොනවද කිව්වේ?,beginner
how-did-that-make-you-feel,s-feelings-emotions,How did that make you feel?,හව් ඩිඩ් දැට් මේක් යූ ෆීල්?,ඒකෙන් ඔයාට කොහොමද දැනුණේ?,intermediate
that-must-have-been-awkward,s-everyday-conversations,That must have been awkward.,දැට් මස්ට් හැව් බීන් ඔක්වර්ඩ්,ඒක හරිම අපහසු තත්ත්වයක් වෙන්න ඇති.,beginner
that-must-have-been-frustrating,s-everyday-conversations,That must have been frustrating.,දැට් මස්ට් හැව් බීන් ෆ්‍රස්ට්‍රේටිං,ඒක ගොඩක් හිතට අමාරු වෙන්න ඇති.,beginner
i-can-imagine,s-everyday-conversations,I can imagine.,අයි කැන් ඉමැජින්,මට හිතාගන්න පුළුවන්.,beginner
i-dont-blame-you,s-everyday-conversations,I don't blame you.,අයි ඩෝන්ට් බ්ලේම් යූ.,ඔයා එහෙම කළාට මම දොස් කියන්නේ නෑ.,beginner
anyone-would-feel-that-way,s-feelings-emotions,Anyone would feel that way.,එනිවන් වුඩ් ෆීල් දැට් වේ,කවුරු වුණත් එහෙම දැනෙයි.,beginner
that-reaction-makes-sense,s-everyday-conversations,That reaction makes sense.,දැට් රියැක්ෂන් මේක්ස් සෙන්ස්,ඒ ප්‍රතිචාරය සාමාන්‍යයි.,beginner
you-handled-it-well,s-everyday-conversations,You handled it well.,යූ හැන්ඩල්ඩ් ඉට් වෙල්,ඔයා ඒ තත්ත්වය හොඳට හසුරුවලා.,beginner
you-did-the-right-thing,s-everyday-conversations,You did the right thing.,යූ ඩිඩ් ද රයිට් තිං,ඔයා හරි දේ කළා.,beginner
you-made-the-best-choice-you,s-everyday-conversations,You made the best choice you could.,යූ මේඩ් ද බෙස්ට් චොයිස් යූ කුඩ්,ඔයාට ඒ වෙලාවේ ගන්න පුළුවන් හොඳම තීරණය ගත්තා.,intermediate
try-to-let-it-go,s-everyday-conversations,Try to let it go.,ට්‍රයි ටු ලෙට් ඉට් ගෝ,ඒක අතහරින්න බලන්න.,beginner
its-not-worth-worrying-about,s-everyday-conversations,It's not worth worrying about.,ඉට්ස් නොට් වර්ත් වරීඉං අබවුට්,ඒ ගැන වද වෙන එක වටින්නේ නෑ.,beginner
dont-let-it-ruin-your-day,s-everyday-conversations,Don't let it ruin your day.,ඩෝන්ට් ලෙට් ඉට් රූඉන් යෝර් ඩේ,ඒක නිසා ඔයාගේ දවසම නරක් කරගන්න එපා.,intermediate
try-not-to-take-it-to,s-everyday-conversations,Try not to take it to heart.,ට්‍රයි නොට් ටු ටේක් ඉට් ටු හාර්ට්,ඒක හිතට ගොඩක් ගන්න එපා.,intermediate
people-say-things-they-dont-mean,s-everyday-conversations,People say things they don't mean.,පීපල් සේ තිංස් දේ ඩෝන්ට් මීන්,මිනිස්සු සමහර වෙලාවට අදහස් නොකරපු දේවල් කියනවා.,intermediate
maybe-they-were-having-a-bad,s-everyday-conversations,Maybe they were having a bad day.,මේබි දේ වර් හැවිං අ බැඩ් ඩේ,සමහරවිට එයාලටත් නරක දවසක් වෙන්න ඇති.,intermediate
try-to-see-it-from-their,s-everyday-conversations,Try to see it from their side.,ට්‍රයි ටු සී ඉට් ෆ්‍රම් දෙයාර් සයිඩ්,එයාලගේ පැත්තෙන් බලන්නත් උත්සාහ කරන්න.,intermediate
there-are-always-two-sides-to,s-everyday-conversations,There are always two sides to a story.,දෙයාර් ආර් ඕල්වේස් ටූ සයිඩ්ස් ටු අ ස්ටෝරි,හැම කතාවකටම පැති දෙකක් තියෙනවා.,intermediate
maybe-theres-been-a-misunderstanding,s-everyday-conversations,Maybe there's been a misunderstanding.,මේබි දෙයාර්ස් බීන් අ මිස්අන්ඩර්ස්ටෑන්ඩිං,සමහරවිට වැරදි තේරුම් ගැනීමක් වෙලා ඇති.,beginner
why-dont-you-talk-to-them,s-asking-questions,Why don't you talk to them?,වයි ඩෝන්ට් යූ ටෝක් ටු දෙම්?,එයාලත් එක්ක කතා කරලා බලන්නකෝ.,intermediate
you-might-be-surprised,s-everyday-conversations,You might be surprised.,යූ මයිට් බී සප්‍රයිස්ඩ්,ඔයාට පුදුම වෙන්නත් පුළුවන්.,beginner
it-might-turn-out-better-than,s-everyday-conversations,It might turn out better than you think.,ඉට් මයිට් ටර්න් අවුට් බෙටර් දෑන් යූ තිංක්,ඔයා හිතනවට වඩා හොඳට වෙන්න පුළුවන්.,intermediate
give-them-a-chance,s-everyday-conversations,Give them a chance.,ගිව් දෙම් අ චාන්ස්,එයාලටත් අවස්ථාවක් දෙන්න.,beginner
hear-their-side-first,s-everyday-conversations,Hear their side first.,හියර් දෙයාර් සයිඩ් ෆර්ස්ට්,මුලින් එයාලගේ පැත්තත් අහන්න.,beginner
dont-jump-to-conclusions,s-everyday-conversations,Don't jump to conclusions.,ඩෝන්ට් ජම්ප් ටු කන්ක්ලූෂන්ස්.,සම්පූර්ණ දේ නොදැන ඉක්මනින් තීරණ ගන්න එපා.,beginner
lets-get-all-the-facts-first,s-everyday-conversations,Let's get all the facts first.,ලෙට්ස් ගෙට් ඕල් ද ෆැක්ට්ස් ෆර්ස්ට්,මුලින් හැම විස්තරයක්ම දැනගමු.,intermediate
there-may-be-more-to-the,s-everyday-conversations,There may be more to the story.,දෙයාර් මේ බී මෝර් ටු ද ස්ටෝරි,මේ කතාවේ අපි නොදන්න තව දේවල් ඇති.,intermediate
dont-assume-anything-yet,s-everyday-conversations,Don't assume anything yet.,ඩෝන්ට් අසූම් එනිතිං යෙට්,තාම කිසි දෙයක් එහෙමයි කියලා හිතාගන්න එපා.,beginner
lets-keep-an-open-mind,s-everyday-conversations,Let's keep an open mind.,ලෙට්ස් කීප් ඇන් ඕපන් මයින්ඩ්,විවෘත අදහසකින් බලමු.,beginner
thats-worth-considering,s-everyday-conversations,That's worth considering.,දැට්ස් වර්ත් කන්සිඩරිං,ඒක ගැන හිතලා බලන එක වටිනවා.,beginner
youve-given-me-something-to-think,s-everyday-conversations,You've given me something to think about.,යූව් ගිවන් මී සම්තිං ටු තිංක් අබවුට්,ඔයා කියපු එක ගැන මට හිතන්න දෙයක් තියෙනවා.,intermediate
i-hadnt-considered-that,s-everyday-conversations,I hadn't considered that.,අයි හැඩන්ට් කන්සිඩර්ඩ් දැට්.,මම ඒ පැත්ත ගැන හිතලා තිබුණේ නෑ.,beginner
that-changes-things,s-everyday-conversations,That changes things.,දැට් චේන්ජස් තිංස්.,ඒකෙන් තත්ත්වය වෙනස් වෙනවා.,beginner
now-it-all-makes-sense,s-everyday-conversations,Now it all makes sense.,නව් ඉට් ඕල් මේක්ස් සෙන්ස්,දැන් හැමදේම තේරෙනවා.,beginner
that-clears-things-up,s-everyday-conversations,That clears things up.,දැට් ක්ලියර්ස් තිංස් අප්,ඒකෙන් අවුල පැහැදිලි වුණා.,beginner
now-i-see-what-you-mean,s-everyday-conversations,Now I see what you mean.,නව් අයි සී වට් යූ මීන්,දැන් ඔයා කියන දේ මට තේරෙනවා.,intermediate
i-see-where-youre-coming-from,s-everyday-conversations,I see where you're coming from.,අයි සී වෙයාර් යුවර් කමිං ෆ්‍රම්,ඔයා එහෙම හිතන්නේ ඇයි කියලා මට තේරෙනවා.,intermediate
you-have-every-right-to-feel,s-feelings-emotions,You have every right to feel that way.,යූ හැව් එව්රි රයිට් ටු ෆීල් දැට් වේ,ඔයාට එහෙම දැනෙන්න සම්පූර්ණ අයිතිය තියෙනවා.,intermediate
your-feelings-are-understandable,s-everyday-conversations,Your feelings are understandable.,යෝර් ෆීලිංස් ආර් අන්ඩර්ස්ටෑන්ඩබල්,ඔයාට එහෙම දැනෙන එක තේරුම් ගන්න පුළුවන්.,beginner
im-glad-you-opened-up,s-feelings-emotions,I'm glad you opened up.,අයිම් ග්ලෑඩ් යූ ඕපන්ඩ් අප්,ඔයා හිතේ දේ කිව්ව එක ගැන සතුටුයි.,beginner
thanks-for-trusting-me,s-thanking,Thanks for trusting me.,තෑන්ක්ස් ෆෝ ට්‍රස්ටිං මී,මාව විශ්වාස කළාට ස්තුතියි.,beginner
your-secret-is-safe-with-me,s-everyday-conversations,Your secret is safe with me.,යෝර් සීක්‍රට් ඉස් සේෆ් විත් මී,ඔයා කියපු දේ මම කාටවත් කියන්නේ නෑ.,intermediate
i-wont-tell-anyone,s-everyday-conversations,I won't tell anyone.,අයි වෝන්ට් ටෙල් එනිවන්,මම කාටවත් කියන්නේ නෑ.,beginner
this-stays-between-us,s-everyday-conversations,This stays between us.,දිස් ස්ටේස් බිට්වීන් අස්,මේක අපි දෙන්නා අතර විතරයි.,beginner
i-promise-i-wont-say-anything,s-everyday-conversations,I promise I won't say anything.,අයි ප්‍රොමිස් අයි වෝන්ට් සේ එනිතිං,මම කිසි දෙයක් කාටවත් කියන්නේ නෑ කියලා පොරොන්දු වෙනවා.,intermediate
you-can-count-on-me,s-everyday-conversations,You can count on me.,යූ කැන් කවුන්ට් ඔන් මී,ඔයාට මාව විශ්වාස කරන්න පුළුවන්.,beginner
ive-got-your-back,s-everyday-conversations,I've got your back.,අයිව් ගොට් යෝර් බැක්,මම ඔයාගේ පැත්තේ ඉන්නවා.,beginner
im-on-your-side,s-everyday-conversations,I'm on your side.,අයිම් ඔන් යෝර් සයිඩ්,මම ඔයාගේ පැත්තේ.,beginner
youre-not-alone-in-this,s-everyday-conversations,You're not alone in this.,යුවර් නොට් අලෝන් ඉන් දිස්,මේ දේට ඔයා තනියම මුහුණ දෙන්නේ නෑ.,beginner
well-deal-with-it-together,s-business,We'll deal with it together.,වීල් ඩීල් විත් ඉට් ටුගෙදර්,අපි එකට මේක හසුරුවමු.,beginner
well-get-through-this,s-everyday-conversations,We'll get through this.,වීල් ගෙට් ත්‍රූ දිස්,අපි මේ අමාරු කාලය පහු කරගමු.,beginner
well-find-a-way,s-everyday-conversations,We'll find a way.,වීල් ෆයින්ඩ් අ වේ,අපි ක්‍රමයක් හොයාගමු.,beginner
there-has-to-be-a-solution,s-everyday-conversations,There has to be a solution.,දෙයාර් හැස් ටු බී අ සලූෂන්,විසඳුමක් අනිවාර්යයෙන් ඇති.,intermediate
lets-think-of-another-option,s-everyday-conversations,Let's think of another option.,ලෙට්ස් තිංක් ඔෆ් අනදර් ඔප්ෂන්,වෙන විකල්පයක් ගැන හිතමු.,beginner
there-must-be-another-way,s-everyday-conversations,There must be another way.,දෙයාර් මස්ට් බී අනදර් වේ,වෙන ක්‍රමයක් අනිවාර්යයෙන් තියෙන්න ඕන.,beginner
what-are-our-options,s-asking-questions,What are our options?,වට් ආර් අවර් ඔප්ෂන්ස්?,අපිට තියෙන විකල්ප මොනවද?,beginner
lets-weigh-the-options,s-everyday-conversations,Let's weigh the options.,ලෙට්ස් වේ ද ඔප්ෂන්ස්,විකල්ප එකින් එක බලමු.,beginner
lets-look-at-the-pros-and,s-everyday-conversations,Let's look at the pros and cons.,ලෙට්ස් ලුක් ඇට් ද ප්‍රෝස් ඇන්ඩ් කොන්ස්,හොඳ සහ නරක පැති දෙකම බලමු.,intermediate
it-may-not-be-as-bad,s-everyday-conversations,It may not be as bad as it seems.,ඉට් මේ නොට් බී ඇස් බැඩ් ඇස් ඉට් සීම්ස්,පේන තරම් නරක නොවෙන්න පුළුවන්.,intermediate
lets-not-panic,s-everyday-conversations,Let's not panic.,ලෙට්ස් නොට් පැනික්,කලබල නොවී ඉමු.,beginner
stay-focused,s-everyday-conversations,Stay focused.,ස්ටේ ෆෝකස්ට්,අවධානය තියාගන්න.,beginner
keep-your-cool,s-everyday-conversations,Keep your cool.,කීප් යෝර් කූල්,සන්සුන්ව ඉන්න.,beginner
take-a-deep-breath,s-everyday-conversations,Take a deep breath.,ටේක් අ ඩීප් බ්‍රෙත්.,ගැඹුරින් හුස්මක් ගන්න.,beginner
try-to-stay-positive,s-everyday-conversations,Try to stay positive.,ට්‍රයි ටු ස්ටේ පොසිටිව්,හොඳ පැත්තෙන් හිතන්න උත්සාහ කරන්න.,beginner
dont-expect-the-worst,s-everyday-conversations,Don't expect the worst.,ඩෝන්ට් එක්ස්පෙක්ට් ද වර්ස්ට්,නරකම දේම වෙයි කියලා හිතන්න එපා.,beginner
lets-hope-for-the-best,s-everyday-conversations,Let's hope for the best.,ලෙට්ස් හෝප් ෆෝ ද බෙස්ට්.,හොඳ දෙයක් වෙයි කියලා බලාගෙන ඉමු.,beginner
im-rooting-for-you,s-everyday-conversations,I'm rooting for you.,අයිම් රූටිං ෆෝ යූ,ඔයා සාර්ථක වෙයි කියලා මම බලාගෙන ඉන්නවා.,beginner
best-of-luck,s-everyday-conversations,Best of luck.,බෙස්ට් ඔෆ් ලක්,සුබ පැතුම්.,beginner
wish-me-luck,s-everyday-conversations,Wish me luck.,විෂ් මී ලක්,මටත් වාසනාව පතන්න.,beginner
you-dont-need-luck,s-everyday-conversations,You don't need luck.,යූ ඩෝන්ට් නීඩ් ලක්,ඔයාට වාසනාවට වඩා හැකියාව තියෙනවා.,beginner
youre-more-prepared-than-you-think,s-everyday-conversations,You're more prepared than you think.,යුවර් මෝර් ප්‍රිපෙයාර්ඩ් දෑන් යූ තිංක්,ඔයා හිතනවට වඩා හොඳට සූදානම්.,intermediate
just-be-yourself,s-everyday-conversations,Just be yourself.,ජස්ට් බී යෝර්සෙල්ෆ්,ඔයා ඔයා විදිහටම ඉන්න.,beginner
dont-overthink-it,s-everyday-conversations,Don't overthink it.,ඩෝන්ට් ඕවර්තිංක් ඉට්,වැඩිය හිත හිතා අවුල් කරගන්න එපා.,beginner
trust-yourself,s-everyday-conversations,Trust yourself.,ට්‍රස්ට් යෝර්සෙල්ෆ්,ඔයාවම විශ්වාස කරන්න.,beginner
you-know-what-youre-doing,s-everyday-conversations,You know what you're doing.,යූ නෝ වට් යුවර් ඩූඉං,ඔයා කරන දේ ගැන ඔයා දන්නවා.,beginner
youre-ready-for-this,s-everyday-conversations,You're ready for this.,යුවර් රෙඩි ෆෝ දිස්,ඔයා මේකට සූදානම්.,beginner
go-for-it,s-everyday-conversations,Go for it.,ගෝ ෆෝ ඉට්,බය නැතුව කරලා බලන්න.,beginner
give-it-your-best-shot,s-everyday-conversations,Give it your best shot.,ගිව් ඉට් යෝර් බෙස්ට් ෂොට්,පුළුවන් උපරිමයෙන් උත්සාහ කරන්න.,beginner
make-it-count,s-everyday-conversations,Make it count.,මේක් ඉට් කවුන්ට්,ලැබුණු අවස්ථාවෙන් උපරිම ප්‍රයෝජන ගන්න.,beginner
dont-hold-back,s-everyday-conversations,Don't hold back.,ඩෝන්ට් හෝල්ඩ් බැක්,පසුබට වෙන්න එපා.,beginner
speak-your-mind,s-everyday-conversations,Speak your mind.,ස්පීක් යෝර් මයින්ඩ්,හිතේ තියෙන දේ කියන්න.,beginner
say-what-you-really-think,s-everyday-conversations,Say what you really think.,සේ වට් යූ රියලි තිංක්,ඇත්තටම හිතන දේ කියන්න.,beginner
be-honest-with-me,s-everyday-conversations,Be honest with me.,බී ඔනස්ට් විත් මී,මට අවංකව කියන්න.,beginner
tell-me-the-truth,s-everyday-conversations,Tell me the truth.,ටෙල් මී ද ට්‍රූත්,මට ඇත්ත කියන්න.,beginner
dont-sugarcoat-it,s-everyday-conversations,Don't sugarcoat it.,ඩෝන්ට් ෂුගර්කෝට් ඉට්,හොඳ කරලා පෙන්නන්න හදන්නේ නැතුව ඇත්තම කියන්න.,beginner
just-give-it-to-me-straight,s-everyday-conversations,Just give it to me straight.,ජස්ට් ගිව් ඉට් ටු මී ස්ට්‍රේට්,වටේ යන්නේ නැතුව කෙලින්ම කියන්න.,intermediate
be-straight-with-me,s-everyday-conversations,Be straight with me.,බී ස්ට්‍රේට් විත් මී,මට කෙලින්ම ඇත්ත කියන්න.,beginner
id-rather-know-the-truth,s-everyday-conversations,I'd rather know the truth.,අයිඩ් රැදර් නෝ ද ට්‍රූත්,මට ඇත්ත දැනගන්න එක හොඳයි.,beginner
i-can-handle-the-truth,s-everyday-conversations,I can handle the truth.,අයි කැන් හැන්ඩල් ද ට්‍රූත්,ඇත්ත අහන්න මට පුළුවන්.,beginner
just-tell-me-what-happened,s-everyday-conversations,Just tell me what happened.,ජස්ට් ටෙල් මී වට් හැපන්ඩ්,වුණ දේ කෙලින්ම කියන්න.,beginner
i-wont-get-mad,s-everyday-conversations,I won't get mad.,අයි වෝන්ට් ගෙට් මැඩ්,මම තරහ ගන්නේ නෑ.,beginner
im-not-angry,s-feelings-emotions,I'm not angry.,අයිම් නොට් ඇන්ග්‍රි,මට තරහ නෑ.,beginner
im-just-disappointed,s-everyday-conversations,I'm just disappointed.,අයිම් ජස්ට් ඩිසපොයින්ටිඩ්,මට ටිකක් කලකිරීමයි.,beginner
i-expected-better,s-everyday-conversations,I expected better.,අයි එක්ස්පෙක්ටිඩ් බෙටර්,මම ඊට වඩා හොඳ දෙයක් බලාපොරොත්තු වුණා.,beginner
that-wasnt-fair,s-everyday-conversations,That wasn't fair.,දැට් වොසන්ට් ෆෙයාර්,ඒක සාධාරණ නෑ.,beginner
that-wasnt-necessary,s-everyday-conversations,That wasn't necessary.,දැට් වොසන්ට් නෙසෙසරි,ඒක කරන්න ඕනම නෑ.,beginner
that-was-uncalled-for,s-everyday-conversations,That was uncalled for.,දැට් වස් අන්කෝල්ඩ් ෆෝ,ඒ විදිහට හැසිරෙන්න කිසිම අවශ්‍යතාවක් තිබුණේ නෑ.,beginner
you-didnt-have-to-say-that,s-everyday-conversations,You didn't have to say that.,යූ ඩිඩ්න්ට් හැව් ටු සේ දැට්,ඔයාට ඒක කියන්න ඕන නෑ.,intermediate
that-was-a-bit-harsh,s-everyday-conversations,That was a bit harsh.,දැට් වස් අ බිට් හාර්ෂ්,ඒක ටිකක් තද වැඩියි.,beginner
i-think-you-went-too-far,s-everyday-conversations,I think you went too far.,අයි තිංක් යූ වෙන්ට් ටූ ෆාර්,මම හිතන්නේ ඔයා සීමාව පහු කළා.,intermediate
lets-keep-this-respectful,s-everyday-conversations,Let's keep this respectful.,ලෙට්ස් කීප් දිස් රිස්පෙක්ට්ෆුල්,අපි ගෞරවයෙන් කතා කරමු.,beginner
theres-no-need-to-be-rude,s-everyday-conversations,There's no need to be rude.,දෙයාර්ස් නෝ නීඩ් ටු බී රූඩ්,අගෞරවයෙන් කතා කරන්න ඕන නෑ.,intermediate
lets-keep-things-civil,s-everyday-conversations,Let's keep things civil.,ලෙට්ස් කීප් තිංස් සිවිල්,"අපි ශාන්තව, ගෞරවයෙන් කතා කරමු.",beginner
lower-your-voice-please,s-making-requests,"Lower your voice, please.","ලෝවර් යෝර් වොයිස්, ප්ලීස්",කරුණාකර හඬ ටිකක් අඩු කරන්න.,beginner
theres-no-need-to-shout,s-everyday-conversations,There's no need to shout.,දෙයාර්ස් නෝ නීඩ් ටු ෂවුට්,කෑගහන්න ඕන නෑ.,beginner
lets-talk-calmly,s-everyday-conversations,Let's talk calmly.,ලෙට්ස් ටෝක් කාම්ලි,අපි සන්සුන්ව කතා කරමු.,beginner
im-willing-to-listen,s-everyday-conversations,I'm willing to listen.,අයිම් විලිං ටු ලිසන්,මම ඔයා කියන දේ අහන්න කැමතියි.,beginner
lets-meet-halfway,s-making-plans,Let's meet halfway.,ලෙට්ස් මීට් හාෆ්වේ,දෙන්නාම ටිකක් සම්මුතියකට එමු.,beginner
can-we-compromise,s-asking-questions,Can we compromise?,කැන් වී කොම්ප්‍රමයිස්?,අපි දෙන්නටම හරි යන මැද විසඳුමක් ගන්න පුළුවන්ද?,beginner
lets-find-some-middle-ground,s-everyday-conversations,Let's find some middle ground.,ලෙට්ස් ෆයින්ඩ් සම් මිඩ්ල් ග්‍රවුන්ඩ්,දෙන්නටම හරි යන අතරමැදි විසඳුමක් හොයමු.,beginner
im-willing-to-compromise,s-everyday-conversations,I'm willing to compromise.,අයිම් විලිං ටු කොම්ප්‍රමයිස්,මමත් ටිකක් වෙනස් වෙලා එකඟතාවකට එන්න කැමතියි.,beginner
that-seems-reasonable,s-everyday-conversations,That seems reasonable.,දැට් සීම්ස් රීසනබල්,ඒක සාධාරණයි වගේ.,beginner
i-can-live-with-that,s-everyday-conversations,I can live with that.,අයි කැන් ලිව් විත් දැට්.,ඒක පිළිගෙන ඉන්න මට පුළුවන්.,beginner
that-seems-fair-enough,s-everyday-conversations,That seems fair enough.,දැට් සීම්ස් ෆෙයාර් ඉනෆ්,ඒක සාධාරණයි වගේ.,beginner
lets-settle-on-that,s-everyday-conversations,Let's settle on that.,ලෙට්ස් සෙටල් ඔන් දැට්,එහෙනම් ඒකට එකඟ වෙමු.,beginner
deal,s-business,Deal.,ඩීල්,"හරි, එකඟයි.",beginner
youve-got-a-deal,s-business,You've got a deal.,යූව් ගොට් අ ඩීල්,"හරි, මම එකඟයි.",beginner
sounds-like-a-plan,s-making-plans,Sounds like a plan.,සවුන්ඩ්ස් ලයික් අ ප්ලෑන්,හොඳ සැලැස්මක් වගේ.,beginner
lets-stick-to-the-plan,s-making-plans,Let's stick to the plan.,ලෙට්ස් ස්ටික් ටු ද ප්ලෑන්,අපි සැලැස්මටම අනුව යමු.,beginner
lets-not-change-anything-yet,s-banking-money,Let's not change anything yet.,ලෙට්ස් නොට් චේන්ජ් එනිතිං යෙට්,තාම කිසි දෙයක් වෙනස් නොකර ඉමු.,beginner
lets-see-how-things-develop,s-everyday-conversations,Let's see how things develop.,ලෙට්ස් සී හව් තිංස් ඩිවෙලප්,තත්ත්වය කොහොමද ඉස්සරහට යන්නේ බලමු.,beginner
we-can-adjust-later-if-needed,s-everyday-conversations,We can adjust later if needed.,වී කැන් අජස්ට් ලේටර් ඉෆ් නීඩිඩ්,ඕන වුණොත් පස්සේ වෙනස් කරගමු.,intermediate
nothing-is-set-in-stone,s-everyday-conversations,Nothing is set in stone.,නතිං ඉස් සෙට් ඉන් ස්ටෝන්,කිසි දෙයක් තාම ස්ථිර කරලා නෑ.,beginner
we-can-always-change-it,s-banking-money,We can always change it.,වී කැන් ඕල්වේස් චේන්ජ් ඉට්,ඕන වෙලාවක ඒක වෙනස් කරන්න පුළුවන්.,beginner
lets-keep-our-options-open,s-everyday-conversations,Let's keep our options open.,ලෙට්ස් කීප් අවර් ඔප්ෂන්ස් ඕපන්,විකල්ප ටික අතහරින්නේ නැතුව තියාගමු.,beginner
dont-commit-just-yet,s-everyday-conversations,Don't commit just yet.,ඩෝන්ට් කමිට් ජස්ට් යෙට්,තාම ස්ථිරව එකඟ වෙන්න එපා.,beginner
wait-until-you-have-more-information,s-everyday-conversations,Wait until you have more information.,වේට් අන්ටිල් යූ හැව් මෝර් ඉන්ෆමේෂන්,තව තොරතුරු ලැබෙනකම් ඉන්න.,intermediate
whats-the-latest,s-asking-questions,What's the latest?,වට්ස් ද ලේටස්ට්?,අලුත්ම තත්ත්වය මොකක්ද?,beginner
any-updates,s-everyday-conversations,Any updates?,එනි අප්ඩේට්ස්?,අලුත් විස්තර තියෙනවද?,beginner
has-anything-changed,s-asking-questions,Has anything changed?,හැස් එනිතිං චේන්ජ්ඩ්?,මොනවාහරි වෙනස් වෙලාද?,beginner
have-you-heard-anything,s-asking-questions,Have you heard anything?,හැව් යූ හර්ඩ් එනිතිං?,මොනවාහරි ආරංචියක් ලැබුණද?,beginner
did-you-find-anything-out,s-asking-questions,Did you find anything out?,ඩිඩ් යූ ෆයින්ඩ් එනිතිං අවුට්?,මොනවාහරි හොයාගත්තද?,beginner
what-did-you-find-out,s-asking-questions,What did you find out?,වට් ඩිඩ් යූ ෆයින්ඩ් අවුට්?,මොනවද හොයාගත්තේ?,beginner
keep-me-in-the-loop,s-everyday-conversations,Keep me in the loop.,කීප් මී ඉන් ද ලූප්,සිද්ධ වෙන දේවල් ගැන මාවත් දැනුවත් කරන්න.,beginner
let-me-know-how-it-turns,s-everyday-conversations,Let me know how it turns out.,ලෙට් මී නෝ හව් ඉට් ටර්න්ස් අවුට්,අන්තිමට මොකද වුණේ කියලා මට කියන්න.,intermediate
keep-me-updated,s-everyday-conversations,Keep me updated.,කීප් මී අප්ඩේටිඩ්,අලුත් විස්තර මටත් කියන්න.,beginner
send-me-the-details,s-everyday-conversations,Send me the details.,සෙන්ඩ් මී ද ඩීටේල්ස්,විස්තර ටික මට එවන්න.,beginner
send-it-when-you-can,s-everyday-conversations,Send it when you can.,සෙන්ඩ් ඉට් වෙන් යූ කැන්,පුළුවන් වෙලාවක එවන්න.,beginner
theres-no-rush,s-everyday-conversations,There's no rush.,දෙයාර්ස් නෝ රෂ්,හදිස්සියක් නෑ.,beginner
whenever-you-get-a-chance,s-everyday-conversations,Whenever you get a chance.,වෙනෙවර් යූ ගෙට් අ චාන්ස්,වෙලාවක් ලැබුණාම.,beginner
at-your-convenience,s-everyday-conversations,At your convenience.,ඇට් යෝර් කන්වීනියන්ස්,ඔයාට පහසු වෙලාවක.,beginner
could-you-send-it-over,s-making-requests,Could you send it over?,කුඩ් යූ සෙන්ඩ් ඉට් ඕවර්?,ඒක මට එවන්න පුළුවන්ද?,beginner
ill-send-it-right-away,s-everyday-conversations,I'll send it right away.,අයිල් සෙන්ඩ් ඉට් රයිට් අවේ,මම දැන්ම එවන්නම්.,beginner
ive-already-sent-it,s-everyday-conversations,I've already sent it.,අයිව් ඕල්රෙඩි සෙන්ට් ඉට්,මම දැනටමත් එවලා.,beginner
did-you-get-my-message,s-phone-conversations,Did you get my message?,ඩිඩ් යූ ගෙට් මයි මෙසේජ්?,මගේ පණිවිඩය ලැබුණද?,beginner
did-you-see-my-text,s-phone-conversations,Did you see my text?,ඩිඩ් යූ සී මයි ටෙක්ස්ට්?,මම එවපු පණිවිඩය දැක්කද?,beginner
i-just-saw-your-message,s-phone-conversations,I just saw your message.,අයි ජස්ට් සෝ යෝර් මෙසේජ්,ඔයාගේ පණිවිඩය දැන් තමයි දැක්කේ.,beginner
sorry-for-the-late-reply,s-apologizing,Sorry for the late reply.,සොරි ෆෝ ද ලේට් රිප්ලයි,පරක්කු වෙලා උත්තර දුන්නට සමාවෙන්න.,beginner
i-completely-forgot-to-reply,s-everyday-conversations,I completely forgot to reply.,අයි කම්ප්ලීට්ලි ෆගොට් ටු රිප්ලයි,උත්තර දෙන්න මට සම්පූර්ණයෙන්ම අමතක වුණා.,beginner
ive-been-meaning-to-reply,s-everyday-conversations,I've been meaning to reply.,අයිව් බීන් මීනිං ටු රිප්ලයි,උත්තර දෙන්න හිතාගෙන හිටියේ.,beginner
my-phone-was-on-silent,s-phone-conversations,My phone was on silent.,මයි ෆෝන් වස් ඔන් සයිලන්ට්,මගේ දුරකථනයේ ශබ්දය නිහඬ කරලා තිබුණේ.,beginner
my-battery-died,s-everyday-conversations,My battery died.,මයි බැටරි ඩයිඩ්,දුරකථනයේ බැටරිය ඉවර වුණා.,beginner
i-had-no-signal,s-everyday-conversations,I had no signal.,අයි හැඩ් නෝ සිග්නල්,මට දුරකථන සම්බන්ධතාව තිබුණේ නෑ.,beginner
the-connection-keeps-dropping,s-everyday-conversations,The connection keeps dropping.,ද කනෙක්ෂන් කීප්ස් ඩ්‍රොපිං,සම්බන්ධතාව දිගටම කැඩෙනවා.,beginner
can-you-hear-me-clearly,s-making-requests,Can you hear me clearly?,කැන් යූ හියර් මී ක්ලියර්ලි?,මම කියන දේ පැහැදිලිව ඇහෙනවද?,beginner
youre-breaking-up,s-everyday-conversations,You're breaking up.,යුවර් බ්‍රේකිං අප්,ඔයාගේ හඬ කඩ කඩා ඇහෙනවා.,beginner
the-line-is-bad,s-everyday-conversations,The line is bad.,ද ලයින් ඉස් බැඩ්,දුරකථන සම්බන්ධතාව හොඳ නෑ.,beginner
let-me-call-you-back,s-everyday-conversations,Let me call you back.,ලෙට් මී කෝල් යූ බැක්,මම ආයෙ කතා කරන්නම්.,beginner
can-i-call-you-in-a,s-asking-questions,Can I call you in a bit?,කැන් අයි කෝල් යූ ඉන් අ බිට්?,ටිකකින් කතා කරන්නද?,intermediate
is-now-a-good-time-to,s-asking-questions,Is now a good time to talk?,ඉස් නව් අ ගුඩ් ටයිම් ටු ටෝක්?,දැන් කතා කරන්න හොඳ වෙලාවක්ද?,intermediate
i-cant-talk-right-now,s-everyday-conversations,I can't talk right now.,අයි කෑන්ට් ටෝක් රයිට් නව්,මට දැන් කතා කරන්න බෑ.,beginner
ill-call-when-im-free,s-everyday-conversations,I'll call when I'm free.,අයිල් කෝල් වෙන් අයිම් ෆ්‍රී,මම නිදහස් වුණාම කතා කරන්නම්.,beginner
call-me-whenever-youre-available,s-phone-conversations,Call me whenever you're available.,කෝල් මී වෙනෙවර් යුවර් අවේලබල්,ඔයාට වෙලාවක් තියෙනකොට කතා කරන්න.,beginner
i-missed-your-call,s-everyday-conversations,I missed your call.,අයි මිස්ට් යෝර් කෝල්.,ඔයාගේ කෝල් එක මට ගන්න බැරි වුණා.,beginner
did-you-call-me-earlier,s-phone-conversations,Did you call me earlier?,ඩිඩ් යූ කෝල් මී අර්ලියර්?,ඔයා කලින් මට කතා කළාද?,beginner
i-was-in-the-middle-of,s-everyday-conversations,I was in the middle of something.,අයි වස් ඉන් ද මිඩ්ල් ඔෆ් සම්තිං,මම වැඩක් මැද හිටියේ.,intermediate
sorry-i-couldnt-answer,s-apologizing,"Sorry, I couldn't answer.","සොරි, අයි කුඩන්ට් ආන්සර්","සමාවෙන්න, මට ඇමතුමට උත්තර දෙන්න බැරි වුණා.",beginner
ill-ring-you-later,s-phone-conversations,I'll ring you later.,අයිල් රිං යූ ලේටර්,මම පස්සේ කතා කරන්නම්.,beginner
send-me-a-voice-message,s-phone-conversations,Send me a voice message.,සෙන්ඩ් මී අ වොයිස් මෙසේජ්,මට හඬ පණිවිඩයක් එවන්න.,beginner
just-text-me-the-details,s-phone-conversations,Just text me the details.,ජස්ට් ටෙක්ස්ට් මී ද ඩීටේල්ස්,විස්තර ටික පණිවිඩයකින් එවන්න.,beginner
ill-check-it-later,s-everyday-conversations,I'll check it later.,අයිල් චෙක් ඉට් ලේටර්.,මං ඒක පස්සේ බලන්නම්.,beginner
i-havent-had-a-chance-to,s-everyday-conversations,I haven't had a chance to look yet.,අයි හැවන්ට් හැඩ් අ චාන්ස් ටු ලුක් යෙට්,මට තාම බලන්න වෙලාවක් ලැබුණේ නෑ.,intermediate
ill-take-a-look-tonight,s-everyday-conversations,I'll take a look tonight.,අයිල් ටේක් අ ලුක් ටුනයිට්,මම අද රෑ බලන්නම්.,beginner
remind-me-later,s-everyday-conversations,Remind me later.,රිමයින්ඩ් මී ලේටර්,පස්සේ මට මතක් කරන්න.,beginner
dont-let-me-forget,s-everyday-conversations,Don't let me forget.,ඩෝන්ට් ලෙට් මී ෆගෙට්,මට අමතක වෙන්න දෙන්න එපා.,beginner
i-nearly-forgot,s-everyday-conversations,I nearly forgot.,අයි නියර්ලි ෆගොට්,මට තව පොඩ්ඩෙන් අමතක වෙනවා.,beginner
it-completely-slipped-my-mind,s-phrasal-verbs,It completely slipped my mind.,ඉට් කම්ප්ලීට්ලි ස්ලිප්ට් මයි මයින්ඩ්.,ඒක මට සම්පූර්ණයෙන්ම අමතක වෙලා ගියා.,beginner
thanks-for-reminding-me,s-thanking,Thanks for reminding me.,තෑන්ක්ස් ෆෝ රිමයින්ඩිං මී,මට මතක් කළාට ස්තුතියි.,beginner
im-glad-you-reminded-me,s-feelings-emotions,I'm glad you reminded me.,අයිම් ග්ලෑඩ් යූ රිමයින්ඩිඩ් මී,ඔයා මට මතක් කළ එක හොඳයි.,beginner
i-knew-i-was-forgetting-something,s-everyday-conversations,I knew I was forgetting something.,අයි නිව් අයි වස් ෆගෙටිං සම්තිං,මට මොකක්හරි අමතක වෙලා කියලා හිතුණා.,intermediate
ill-write-it-down,s-everyday-conversations,I'll write it down.,අයිල් රයිට් ඉට් ඩවුන්,මම ඒක ලියාගන්නම්.,beginner
let-me-make-a-note-of,s-everyday-conversations,Let me make a note of that.,ලෙට් මී මේක් අ නෝට් ඔෆ් දැට්,මම ඒක සටහන් කරගන්නම්.,intermediate
ill-remember-that,s-everyday-conversations,I'll remember that.,අයිල් රිමෙම්බර් දැට්.,මම ඒක මතක තියාගන්නම්.,beginner
thats-good-to-know,s-everyday-conversations,That's good to know.,දැට්ස් ගුඩ් ටු නෝ,ඒක දැනගත්ත එක හොඳයි.,beginner
ill-keep-that-in-mind,s-everyday-conversations,I'll keep that in mind.,අයිල් කීප් දැට් ඉන් මයින්ඩ්,මම ඒක මතකයේ තියාගන්නම්.,beginner
thanks-for-the-heads-up,s-thanking,Thanks for the heads-up.,තෑන්ක්ස් ෆෝ ද හෙඩ්ස් අප්,කලින් දැනුම් දුන්නට ස්තුතියි.,beginner
i-appreciate-the-warning,s-thanking,I appreciate the warning.,අයි අප්‍රීෂියේට් ද වෝර්නිං,කලින් අනතුරු ඇඟවීම මම අගය කරනවා.,beginner
good-thing-you-told-me,s-everyday-conversations,Good thing you told me.,ගුඩ් තිං යූ ටෝල්ඩ් මී,ඔයා කිව්ව එක හොඳයි.,beginner
i-had-no-idea-about-that,s-everyday-conversations,I had no idea about that.,අයි හැඩ් නෝ අයිඩියා අබවුට් දැට්,ඒ ගැන මම කිසි දෙයක් දැනගෙන හිටියේ නෑ.,intermediate
i-didnt-know-that,s-everyday-conversations,I didn't know that.,අයි ඩිඩ්න්ට් නෝ දැට්,මම ඒක දැනගෙන හිටියේ නෑ.,beginner
you-learn-something-new-every-day,s-school-education,You learn something new every day.,යූ ලර්න් සම්තිං නිව් එව්රි ඩේ.,හැම දවසකම අලුත් දෙයක් ඉගෙනගන්න ලැබෙනවා.,intermediate
thats-useful-information,s-everyday-conversations,That's useful information.,දැට්ස් යූස්ෆුල් ඉන්ෆමේෂන්,ඒක ප්‍රයෝජනවත් තොරතුරක්.,beginner
ill-remember-that-for-next-time,s-everyday-conversations,I'll remember that for next time.,අයිල් රිමෙම්බර් දැට් ෆෝ නෙක්ස්ට් ටයිම්,ඊළඟ වතාවට මම ඒක මතක තියාගන්නම්.,intermediate
lesson-learned,s-school-education,Lesson learned.,ලෙසන් ලර්න්ඩ්.,"හරි, මේකෙන් පාඩමක් ඉගෙනගත්තා.",beginner
at-least-now-we-know,s-everyday-conversations,At least now we know.,ඇට් ලීස්ට් නව් වී නෝ,අඩුම ගානේ දැන් අපි දන්නවා.,beginner
you-live-and-learn,s-school-education,You live and learn.,යූ ලිව් ඇන්ඩ් ලර්න්.,ජීවිතේ අත්දැකීම් වලින් ඉගෙනගන්නවා.,beginner
whats-your-take-on-it,s-asking-questions,What's your take on it?,වට්ස් යෝර් ටේක් ඔන් ඉට්?,ඒ ගැන ඔයාගේ අදහස මොකක්ද?,beginner
how-do-you-see-it,s-asking-questions,How do you see it?,හව් ඩු යූ සී ඉට්?,ඔයා ඒක දකින්නේ කොහොමද?,beginner
whats-your-view-on-this,s-asking-questions,What's your view on this?,වට්ස් යෝර් වියූ ඔන් දිස්?,මේ ගැන ඔයාගේ මතය මොකක්ද?,beginner
what-makes-you-say-that,s-asking-questions,What makes you say that?,වට් මේක්ස් යූ සේ දැට්?,ඔයාට එහෙම කියන්න හිතුණේ ඇයි?,beginner
why-do-you-think-that,s-asking-questions,Why do you think that?,වයි ඩු යූ තිංක් දැට්?,ඔයා එහෙම හිතන්නේ ඇයි?,beginner
what-makes-you-think-so,s-asking-questions,What makes you think so?,වට් මේක්ස් යූ තිංක් සෝ?,ඔයාට එහෙම හිතෙන්න හේතුව මොකක්ද?,beginner
how-did-you-come-to-that,s-asking-questions,How did you come to that conclusion?,හව් ඩිඩ් යූ කම් ටු දැට් කන්ක්ලූෂන්?,ඔයා ඒ නිගමනයට ආවේ කොහොමද?,intermediate
can-you-elaborate-on-that,s-making-requests,Can you elaborate on that?,කැන් යූ ඉලැබරේට් ඔන් දැට්?,ඒ ගැන තව ටිකක් විස්තර කරන්න පුළුවන්ද?,beginner
what-exactly-do-you-mean,s-agreeing-disagreeing,What exactly do you mean?,වට් එක්සැක්ට්ලි ඩු යූ මීන්?,හරියටම ඔයා කියන්නේ මොකක්ද?,beginner
can-you-clarify-that,s-making-requests,Can you clarify that?,කැන් යූ ක්ලැරිෆයි දැට්?,ඒක පැහැදිලි කරන්න පුළුවන්ද?,beginner
let-me-make-sure-i-understand,s-everyday-conversations,Let me make sure I understand.,ලෙට් මී මේක් ෂුවර් අයි අන්ඩර්ස්ටෑන්ඩ්,මට හරියට තේරුණාද බලන්න.,intermediate
so-what-youre-saying-is,s-everyday-conversations,So what you're saying is…,සෝ වට් යුවර් සේයිං ඉස්,එහෙනම් ඔයා කියන්නේ…,beginner
if-i-understand-you-correctly,s-everyday-conversations,If I understand you correctly…,ඉෆ් අයි අන්ඩර්ස්ටෑන්ඩ් යූ කරෙක්ට්ලි,මට හරියට තේරුණා නම්…,beginner
am-i-understanding-this-correctly,s-everyday-conversations,Am I understanding this correctly?,ඇම් අයි අන්ඩර්ස්ටෑන්ඩිං දිස් කරෙක්ට්ලි?,මම මේක හරියට තේරුම් ගන්නවද?,beginner
is-that-what-you-meant,s-asking-questions,Is that what you meant?,ඉස් දැට් වට් යූ මෙන්ට්?,ඔයා අදහස් කළේ ඒකද?,beginner
thats-not-quite-what-i-meant,s-everyday-conversations,That's not quite what I meant.,දැට්ස් නොට් ක්වයිට් වට් අයි මෙන්ට්.,මම හරියටම අදහස් කළේ ඒක නෙවෙයි.,intermediate
what-i-meant-was,s-everyday-conversations,What I meant was…,වට් අයි මෙන්ට් වස්,මම අදහස් කළේ…,beginner
i-probably-didnt-explain-it-well,s-everyday-conversations,I probably didn't explain it well.,අයි ප්‍රොබබ්ලි ඩිඩ්න්ට් එක්ස්ප්ලේන් ඉට් වෙල්,සමහරවිට මම ඒක හොඳට පැහැදිලි කළේ නෑ.,intermediate
let-me-try-again,s-everyday-conversations,Let me try again.,ලෙට් මී ට්‍රයි අගේන්,මම ආයෙ කියලා බලන්නම්.,beginner
maybe-im-not-saying-this-clearly,s-everyday-conversations,Maybe I'm not saying this clearly.,මේබි අයිම් නොට් සේයිං දිස් ක්ලියර්ලි,මම මේක පැහැදිලිව කියන්නේ නැතිව ඇති.,intermediate
im-having-trouble-putting-it-into,s-everyday-conversations,I'm having trouble putting it into words.,අයිම් හැවිං ට්‍රබල් පුටිං ඉට් ඉන්ටු වර්ඩ්ස්,මට මේක වචනවලට දාගෙන කියන්න අමාරුයි.,intermediate
its-hard-to-explain,s-everyday-conversations,It's hard to explain.,ඉට්ස් හාඩ් ටු එක්ස්ප්ලේන්,ඒක පැහැදිලි කරන්න අමාරුයි.,beginner
you-kind-of-had-to-be,s-everyday-conversations,You kind of had to be there.,යූ කයින්ඩ් ඔෆ් හැඩ් ටු බී දෙයාර්,ඒක හරියට තේරෙන්න නම් එතැන හිටියම තමා.,intermediate
its-difficult-to-put-into-words,s-everyday-conversations,It's difficult to put into words.,ඉට්ස් ඩිෆිකල්ට් ටු පුට් ඉන්ටු වර්ඩ්ස්,ඒක වචනවලින් කියන්න අමාරුයි.,intermediate
i-dont-know-how-to-explain,s-everyday-conversations,I don't know how to explain it.,අයි ඩෝන්ට් නෝ හව් ටු එක්ස්ප්ලේන් ඉට්,ඒක කොහොම පැහැදිලි කරන්නද මම දන්නේ නෑ.,intermediate
youll-understand-when-you-see-it,s-everyday-conversations,You'll understand when you see it.,යූල් අන්ඩර්ස්ටෑන්ඩ් වෙන් යූ සී ඉට්,දැක්කාම තේරෙයි.,intermediate
let-me-show-you-instead,s-everyday-conversations,Let me show you instead.,ලෙට් මී ෂෝ යූ ඉන්ස්ටෙඩ්,කියනවට වඩා මම පෙන්නන්නම්.,beginner
its-easier-to-show-than-explain,s-everyday-conversations,It's easier to show than explain.,ඉට්ස් ඊසියර් ටු ෂෝ දෑන් එක්ස්ප්ලේන්,පැහැදිලි කරනවට වඩා පෙන්නන එක ලේසියි.,intermediate
follow-my-lead,s-everyday-conversations,Follow my lead.,ෆොලෝ මයි ලීඩ්,මම කරන විදිහට කරන්න.,beginner
watch-how-i-do-it,s-everyday-conversations,Watch how I do it.,වොච් හව් අයි ඩූ ඉට්,මම කරන විදිහ බලන්න.,beginner
do-it-like-this,s-everyday-conversations,Do it like this.,ඩූ ඉට් ලයික් දිස්,මේ විදිහට කරන්න.,beginner
youre-getting-the-hang-of-it,s-everyday-conversations,You're getting the hang of it.,යුවර් ගෙටිං ද හැං ඔෆ් ඉට්,දැන් ඔයාට මේක කරන හැටි අල්ලගෙන එනවා.,intermediate
youll-get-used-to-it,s-everyday-conversations,You'll get used to it.,යූල් ගෙට් යූස්ට් ටු ඉට්,ටිකෙන් ටික පුරුදු වෙයි.,beginner
it-gets-easier-with-practice,s-everyday-conversations,It gets easier with practice.,ඉට් ගෙට්ස් ඊසියර් විත් ප්‍රැක්ටිස්,පුහුණුවත් එක්ක මේක ලේසි වෙනවා.,beginner
practice-makes-a-big-difference,s-everyday-conversations,Practice makes a big difference.,ප්‍රැක්ටිස් මේක්ස් අ බිග් ඩිෆරන්ස්,පුහුණුවෙන් ලොකු වෙනසක් වෙනවා.,beginner
youre-improving-quickly,s-everyday-conversations,You're improving quickly.,යුවර් ඉම්ප්‍රූවිං ක්වික්ලි,ඔයා ඉක්මනින් දියුණු වෙනවා.,beginner
thats-much-better,s-everyday-conversations,That's much better.,දැට්ස් මච් බෙටර්.,දැන් ගොඩක් හොඳයි.,beginner
youre-getting-better-at-this,s-everyday-conversations,You're getting better at this.,යුවර් ගෙටිං බෙටර් ඇට් දිස්,ඔයා මේකෙ හොඳ වෙමින් යනවා.,beginner
youve-come-a-long-way,s-everyday-conversations,You've come a long way.,යූව් කම් අ ලොං වේ.,ඔයා ගොඩක් දුරට දියුණු වෙලා.,beginner
theres-still-room-to-improve,s-home,There's still room to improve.,දෙයාර්ස් ස්ටිල් රූම් ටු ඉම්ප්‍රූව්,තව දියුණු වෙන්න ඉඩ තියෙනවා.,beginner
keep-working-at-it,s-everyday-conversations,Keep working at it.,කීප් වර්කිං ඇට් ඉට්,ඒක දිගටම පුහුණු කරන්න.,beginner
dont-let-one-mistake-stop-you,s-problems-complaints,Don't let one mistake stop you.,ඩෝන්ට් ලෙට් වන් මිස්ටේක් ස්ටොප් යූ,එක වැරැද්දක් නිසා නතර වෙන්න එපා.,intermediate
mistakes-are-part-of-learning,s-everyday-conversations,Mistakes are part of learning.,මිස්ටේක්ස් ආර් පාර්ට් අව් ලර්නිං.,වැරදි කරන එක ඉගෙනගැනීමේ කොටසක්.,beginner
nobody-gets-it-right-every-time,s-everyday-conversations,Nobody gets it right every time.,නෝබඩි ගෙට්ස් ඉට් රයිට් එව්රි ටයිම්,හැම වතාවෙම කාටවත් හරියටම කරන්න බෑ.,intermediate
youll-learn-as-you-go,s-school-education,You'll learn as you go.,යූල් ලර්න් ඇස් යූ ගෝ,කරගෙන යද්දිම ඉගෙනගනීවි.,beginner
experience-will-teach-you,s-job-interviews,Experience will teach you.,එක්ස්පීරියන්ස් විල් ටීච් යූ,අත්දැකීම් වලින් ඔයා ඉගෙනගනීවි.,beginner
you-can-always-try-again,s-everyday-conversations,You can always try again.,යූ කැන් ඕල්වේස් ට්‍රයි අගේන්,හැම වෙලාවකම ආයෙ උත්සාහ කරන්න පුළුවන්.,beginner
its-never-too-late-to-start,s-everyday-conversations,It's never too late to start.,ඉට්ස් නෙවර් ටූ ලේට් ටු ස්ටාර්ට්,පටන් ගන්න කවදාවත් පරක්කු වැඩි නෑ.,intermediate
start-small,s-everyday-conversations,Start small.,ස්ටාර්ට් ස්මෝල්,පොඩියෙන් පටන් ගන්න.,beginner
build-from-there,s-everyday-conversations,Build from there.,බිල්ඩ් ෆ්‍රම් දෙයාර්,එතැනින් ටිකෙන් ටික ඉස්සරහට යන්න.,beginner
focus-on-progress-not-perfection,s-everyday-conversations,"Focus on progress, not perfection.","ෆෝකස් ඔන් ප්‍රෝග්‍රෙස්, නොට් පර්ෆෙක්ෂන්",සම්පූර්ණ හොඳ වෙන්න බලනවට වඩා දියුණුව ගැන අවධානය දෙන්න.,beginner
every-little-bit-helps,s-everyday-conversations,Every little bit helps.,එව්රි ලිට්ල් බිට් හෙල්ප්ස්.,පොඩි උත්සාහයක් වුණත් ප්‍රයෝජනවත්.,beginner
consistency-matters,s-everyday-conversations,Consistency matters.,කන්සිස්ටන්සි මැටර්ස්,නිතරම කරගෙන යන එක වැදගත්.,beginner
just-keep-showing-up,s-everyday-conversations,Just keep showing up.,ජස්ට් කීප් ෂෝයිං අප්.,නතර නොවී දිගටම කරගෙන යන්න.,beginner
youre-closer-than-you-think,s-everyday-conversations,You're closer than you think.,යෝර් ක්ලෝසර් දෑන් යූ තින්ක්.,ඔයා හිතනවට වඩා goal එකට ළඟයි.,beginner
dont-stop-now,s-transportation,Don't stop now.,ඩෝන්ට් ස්ටොප් නව්,දැන් නතර වෙන්න එපා.,beginner
im-looking-forward-to-it,s-everyday-conversations,I'm looking forward to it.,අයිම් ලුකිං ෆෝවර්ඩ් ටු ඉට්.,ඒ දේ වෙනකම් මම ආසාවෙන් බලාගෙන ඉන්නේ.,beginner
i-cant-wait,s-everyday-conversations,I can't wait.,අයි කෑන්ට් වේට්.,මට ඉවසගෙන ඉන්න බෑ / මාර ආසාවෙන් ඉන්නේ.,beginner
im-really-excited-about-it,s-everyday-conversations,I'm really excited about it.,අයිම් රියලි එක්සයිටිඩ් අබවුට් ඉට්,මම ඒ ගැන ගොඩක් උනන්දුවෙන් ඉන්නේ.,beginner
im-curious-to-see-what-happens,s-everyday-conversations,I'm curious to see what happens.,අයිම් කියුරියස් ටු සී වට් හැපන්ස්.,මොකද වෙන්නේ කියලා බලන්න මට ආසයි.,intermediate
it-should-be-interesting,s-everyday-conversations,It should be interesting.,ඉට් ෂුඩ් බී ඉන්ට්‍රස්ටිං,ඒක රසවත් වෙයි.,beginner
i-have-high-hopes,s-everyday-conversations,I have high hopes.,අයි හැව් හයි හෝප්ස්,මට ලොකු බලාපොරොත්තු තියෙනවා.,beginner
im-feeling-optimistic,s-feelings-emotions,I'm feeling optimistic.,අයිම් ෆීලිං ඔප්ටිමිස්ටික්,මට හොඳ දෙයක් වෙයි කියලා හිතෙනවා.,beginner
anything-could-happen,s-everyday-conversations,Anything could happen.,එනිතිං කුඩ් හැපන්,ඕන දෙයක් වෙන්න පුළුවන්.,beginner
its-too-early-to-tell,s-everyday-conversations,It's too early to tell.,ඉට්ස් ටූ අර්ලි ටු ටෙල්,තාම කියන්න කලින් වැඩියි.,beginner
i-dont-want-to-get-my,s-everyday-conversations,I don't want to get my hopes up.,අයි ඩෝන්ට් වොන්ට් ටු ගෙට් මයි හෝප්ස් අප්,වැඩිය බලාපොරොත්තු තියාගන්න මට ඕන නෑ.,intermediate
im-keeping-my-expectations-realistic,s-everyday-conversations,I'm keeping my expectations realistic.,අයිම් කීපිං මයි එක්ස්පෙක්ටේෂන්ස් රියලිස්ටික්,මම යථාර්ථයට ගැළපෙන බලාපොරොත්තු තියාගෙන ඉන්නේ.,beginner
lets-see-how-it-plays-out,s-everyday-conversations,Let's see how it plays out.,ලෙට්ස් සී හව් ඉට් ප්ලේස් අවුට්,අන්තිමට කොහොමද වෙන්නේ බලමු.,intermediate
well-know-more-soon,s-everyday-conversations,We'll know more soon.,වීල් නෝ මෝර් සූන්,ඉක්මනට තව විස්තර දැනගන්න ලැබෙයි.,beginner
ill-believe-it-when-i-see,s-everyday-conversations,I'll believe it when I see it.,අයිල් බිලීව් ඉට් වෙන් අයි සී ඉට්.,ඇත්තටම වුණාම තමයි මම විශ්වාස කරන්නේ.,intermediate
im-not-getting-too-excited-yet,s-everyday-conversations,I'm not getting too excited yet.,අයිම් නොට් ගෙටිං ටූ එක්සයිටිඩ් යෙට්,තාම මම වැඩිය සතුටු වෙන්නේ නෑ.,intermediate
lets-not-celebrate-too-soon,s-invitations,Let's not celebrate too soon.,ලෙට්ස් නොට් සෙලිබ්‍රේට් ටූ සූන්,කලින්ම සතුටු වෙන්න එපා.,beginner
were-not-there-yet,s-everyday-conversations,We're not there yet.,වීර් නොට් දෙයාර් යෙට්,අපි තාම ඉලක්කයට ආවේ නෑ.,beginner
were-making-progress,s-everyday-conversations,We're making progress.,වීර් මේකින් ප්‍රෝග්‍රෙස්,අපි ඉස්සරහට යමින් ඉන්නවා.,beginner
everything-seems-to-be-going-smoothly,s-everyday-conversations,Everything seems to be going smoothly.,එව්රිතිං සීම්ස් ටු බී ගෝඉං ස්මූත්ලි,හැමදේම අවුලක් නැතුව යනවා වගේ.,intermediate
were-on-the-right-track,s-everyday-conversations,We're on the right track.,වීර් ඔන් ද රයිට් ට්‍රැක්,අපි හරි දිශාවට යනවා.,beginner
things-are-starting-to-come-together,s-everyday-conversations,Things are starting to come together.,තිංස් ආර් ස්ටාර්ටිං ටු කම් ටුගෙදර්,දේවල් ටික ටික හරි හැඩයට එනවා.,intermediate
its-finally-coming-together,s-everyday-conversations,It's finally coming together.,ඉට්ස් ෆයිනලි කමිං ටුගෙදර්,දැන් අන්තිමට වැඩේ හරි හැඩයට එනවා.,beginner
were-almost-done,s-everyday-conversations,We're almost done.,වීර් ඕල්මෝස්ට් ඩන්,අපි දැන් ඉවර කරන්න ලඟයි.,beginner
just-a-little-more-to-go,s-everyday-conversations,Just a little more to go.,ජස්ට් අ ලිට්ල් මෝර් ටු ගෝ,තව පොඩ්ඩයි තියෙන්නේ.,intermediate
were-nearly-there,s-everyday-conversations,We're nearly there.,වීර් නියර්ලි දෙයාර්.,අපි දැන් ඉලක්කයට ලඟයි.,beginner
the-hard-part-is-over,s-everyday-conversations,The hard part is over.,ද හාඩ් පාර්ට් ඉස් ඕවර්,අමාරුම කොටස ඉවරයි.,beginner
it-should-be-easier-from-here,s-everyday-conversations,It should be easier from here.,ඉට් ෂුඩ් බී ඊසියර් ෆ්‍රම් හියර්,මෙතැනින් පස්සේ ලේසි වෙයි.,intermediate
that-went-better-than-expected,s-everyday-conversations,That went better than expected.,දැට් වෙන්ට් බෙටර් දෑන් එක්ස්පෙක්ටිඩ්,බලාපොරොත්තු වුණාට වඩා හොඳට වැඩේ ගියා.,beginner
that-wasnt-as-bad-as-i,s-everyday-conversations,That wasn't as bad as I thought.,දැට් වොසන්ට් ඇස් බැඩ් ඇස් අයි තෝට්,මම හිතපු තරම් ඒක නරක නෑ.,intermediate
that-was-easier-than-i-expected,s-everyday-conversations,That was easier than I expected.,දැට් වස් ඊසියර් දෑන් අයි එක්ස්පෙක්ටිඩ්,මම හිතපු තරම් අමාරු නෑ.,intermediate
im-glad-thats-over,s-feelings-emotions,I'm glad that's over.,අයිම් ග්ලෑඩ් දැට්ස් ඕවර්,ඒක ඉවර වුණ එක ගැන සතුටුයි.,beginner
what-a-relief,s-everyday-conversations,What a relief!,වට් අ රිලීෆ්!,"අම්මෝ, දැන් හිතට සැහැල්ලුයි!",beginner
thats-a-weight-off-my-shoulders,s-everyday-conversations,That's a weight off my shoulders.,දැට්ස් අ වේට් ඔෆ් මයි ෂෝල්ඩර්ස්,දැන් ලොකු බරක් හිතෙන් අයින් වුණා වගේ.,intermediate
im-so-relieved,s-everyday-conversations,I'm so relieved.,අයිම් සෝ රිලීව්ඩ්,මට දැන් ගොඩක් සැහැල්ලුවක් දැනෙනවා.,beginner
i-was-worried-for-nothing,s-feelings-emotions,I was worried for nothing.,අයි වස් වරීඩ් ෆෝ නතිං.,මං නිකන් බොරුවට බය වෙලා.,beginner
everything-worked-out-in-the-end,s-everyday-conversations,Everything worked out in the end.,එව්රිතිං වර්ක්ට් අවුට් ඉන් ද එන්ඩ්,අන්තිමට හැමදේම හොඳට විසඳුණා.,intermediate
it-all-turned-out-fine,s-everyday-conversations,It all turned out fine.,ඉට් ඕල් ටර්න්ඩ් අවුට් ෆයින්,අන්තිමට හැමදේම හොඳින් වුණා.,beginner
im-glad-it-worked-out,s-feelings-emotions,I'm glad it worked out.,අයිම් ග්ලෑඩ් ඉට් වර්ක්ට් අවුට්,වැඩේ හරි ගිය එක ගැන සතුටුයි.,beginner
we-got-there-in-the-end,s-everyday-conversations,We got there in the end.,වී ගොට් දෙයාර් ඉන් ද එන්ඩ්,කොහොමහරි අන්තිමට අපි වැඩේ කළා.,intermediate
it-was-worth-the-effort,s-everyday-conversations,It was worth the effort.,ඉට් වස් වර්ත් ද එෆර්ට්,දාපු මහන්සිය වටිනාකමක් තිබුණා.,beginner
im-glad-we-didnt-give-up,s-feelings-emotions,I'm glad we didn't give up.,අයිම් ග්ලෑඩ් වී ඩිඩන්ට් ගිව් අප්,අපි අතහැරියේ නැති එක ගැන සතුටුයි.,intermediate
we-learned-a-lot-from-it,s-everyday-conversations,We learned a lot from it.,වී ලර්න්ඩ් අ ලොට් ෆ්‍රම් ඉට්,ඒකෙන් අපි ගොඩක් දේ ඉගෙනගත්තා.,intermediate
next-time-will-be-easier,s-everyday-conversations,Next time will be easier.,නෙක්ස්ට් ටයිම් විල් බී ඊසියර්,ඊළඟ වතාවේ ලේසි වෙයි.,beginner
now-we-know-what-to-expect,s-everyday-conversations,Now we know what to expect.,නව් වී නෝ වට් ටු එක්ස්පෙක්ට්,දැන් අපි දන්නවා මොනවද බලාපොරොත්තු වෙන්න ඕන කියලා.,intermediate
well-do-even-better-next-time,s-everyday-conversations,We'll do even better next time.,වීල් ඩූ ඊවන් බෙටර් නෙක්ස්ට් ටයිම්,ඊළඟ වතාවේ තවත් හොඳට කරමු.,intermediate
it-was-a-good-experience-overall,s-job-interviews,It was a good experience overall.,ඉට් වස් අ ගුඩ් එක්ස්පීරියන්ස් ඕවර්ඕල්,සමස්තයක් විදිහට ඒක හොඳ අත්දැකීමක්.,intermediate
im-glad-we-gave-it-a,s-feelings-emotions,I'm glad we gave it a chance.,අයිම් ග්ලෑඩ් වී ගේව් ඉට් අ චාන්ස්,අපි ඒකට අවස්ථාවක් දීලා බලපු එක ගැන සතුටුයි.,intermediate
im-rather-looking-forward-to-it,s-everyday-conversations,I'm rather looking forward to it.,අයිම් රාදර් ලුකිං ෆෝවඩ් ටු ඉට්.,මම ඒකට සෑහෙන්න ආසාවෙන් බලාගෙන ඉන්නවා.,intermediate
thats-exceedingly-kind-of-you,s-everyday-conversations,That's exceedingly kind of you.,දැට්ස් එක්සීඩිංලි කයින්ඩ් ඔෆ් යූ.,ඔයා හරිම කරුණාවන්තයි.,beginner
im-afraid-i-beg-to-differ,s-everyday-conversations,I'm afraid I beg to differ.,අයිම් අෆ්‍රේඩ් අයි බෙග් ටු ඩිෆර්.,"සමාවෙන්න, මට නම් ඒකට එකඟ වෙන්න බැහැ.",intermediate
i-find-the-whole-affair-rather,s-everyday-conversations,I find the whole affair rather curious.,අයි ෆයින්ඩ් ද හෝල් අෆෙයාර් රාදර් කියුරියස්.,මේ මුළු කාරණයම මට ටිකක් අමුතුයි වගේ.,intermediate
that-would-be-immensely-helpful,s-everyday-conversations,That would be immensely helpful.,දැට් වුඩ් බී ඉමෙන්ස්ලි හෙල්ප්ෆුල්.,ඒක මට ගොඩක්ම උදව්වක් වේවි.,beginner
im-perfectly-capable-of-managing,s-everyday-conversations,I'm perfectly capable of managing.,අයිම් පර්ෆෙක්ට්ලි කේපබල් ඔෆ් මැනිජිං.,මට ඒක තනියම හොඳට කරගන්න පුළුවන්.,beginner
youve-been-extraordinarily-patient,s-everyday-conversations,You've been extraordinarily patient.,යූව් බීන් එක්ස්ට්‍රෝඩිනරිලි පේෂන්ට්.,ඔයා පුදුම තරම් ඉවසීමෙන් හිටියා.,beginner
its-a-matter-best-left-alone,s-everyday-conversations,It's a matter best left alone.,ඉට්ස් අ මැටර් බෙස්ට් ලෙෆ්ට් අලෝන්.,ඒ කාරණය එහෙමම අතහැරලා තියන එක හොඳයි.,intermediate
i-should-be-most-grateful,s-thanking,I should be most grateful.,අයි ෂුඩ් බී මෝස්ට් ග්‍රේට්ෆුල්.,එහෙම කළොත් මම ගොඩක් ස්තුතිවන්ත වෙනවා.,beginner
that-is-by-no-means-certain,s-everyday-conversations,That is by no means certain.,දැට් ඉස් බයි නෝ මීන්ස් සර්ටන්.,ඒක කිසිසේත්ම ස්ථිර දෙයක් නෙවෙයි.,intermediate
im-rather-partial-to-classical-music,s-everyday-conversations,I'm rather partial to classical music.,අයිම් රාදර් පාෂල් ටු ක්ලැසිකල් මියුසික්.,මම ශාස්ත්‍රීය සංගීතයට සෑහෙන්න කැමතියි.,intermediate
thats-a-perfectly-fair-observation,s-everyday-conversations,That's a perfectly fair observation.,දැට්ස් අ පර්ෆෙක්ට්ලි ෆෙයාර් ඔබ්සවේෂන්.,ඒක හරිම සාධාරණ අදහසක්.,beginner
i-wouldnt-put-it-quite-like,s-everyday-conversations,I wouldn't put it quite like that.,අයි වුඩ්න්ට් පුට් ඉට් ක්වයිට් ලයික් දැට්.,මම නම් ඒක ඔය විදිහටම කියන්නේ නැහැ.,intermediate
it-was-a-rather-pleasant-surprise,s-everyday-conversations,It was a rather pleasant surprise.,ඉට් වොස් අ රාදර් ප්ලෙසන්ට් සප්‍රයිස්.,ඒක හරිම සතුටුදායක අනපේක්ෂිත දෙයක්.,intermediate
ive-no-desire-to-interfere,s-everyday-conversations,I've no desire to interfere.,අයිව් නෝ ඩිසයර් ටු ඉන්ටෆියර්.,මට ඒකට මැදිහත් වෙන්න කිසිම කැමැත්තක් නැහැ.,beginner
thats-most-unfortunate,s-everyday-conversations,That's most unfortunate.,දැට්ස් මෝස්ට් අන්ෆෝචුනට්.,ඒක හරිම අවාසනාවන්තයි.,beginner
im-merely-trying-to-be-helpful,s-everyday-conversations,I'm merely trying to be helpful.,අයිම් මියර්ලි ට්‍රයිං ටු බී හෙල්ප්ෆුල්.,මම නිකම් උදව් කරන්නයි උත්සාහ කරන්නේ.,intermediate
youre-quite-right-to-mention-it,s-everyday-conversations,You're quite right to mention it.,යුවර් ක්වයිට් රයිට් ටු මෙන්ෂන් ඉට්.,ඔයා ඒ ගැන කිව්ව එක හරි.,intermediate
i-should-have-thought-it-obvious,s-everyday-conversations,I should have thought it obvious.,අයි ෂුඩ් හැව් තෝට් ඉට් ඔබ්වියස්.,මට නම් හිතුණේ ඒක පැහැදිලි දෙයක් කියලා.,intermediate
it-scarcely-seems-worth-the-trouble,s-everyday-conversations,It scarcely seems worth the trouble.,ඉට් ස්කෙයස්ලි සීම්ස් වර්ත් ද ට්‍රබල්.,ඒකට ඔච්චර මහන්සි වෙන එක වටින්නේ නැහැ වගේ.,intermediate
im-not-remotely-interested,s-everyday-conversations,I'm not remotely interested.,අයිම් නොට් රිමෝට්ලි ඉන්ට්‍රස්ටිඩ්.,මට ඒ ගැන පොඩ්ඩක්වත් උනන්දුවක් නැහැ.,beginner
that-was-wonderfully-thoughtful,s-everyday-conversations,That was wonderfully thoughtful.,දැට් වොස් වන්ඩර්ෆුලි තෝට්ෆුල්.,ඒක හරිම සැලකිල්ලෙන් කරපු දෙයක්.,beginner
im-perfectly-aware-of-the-situation,s-everyday-conversations,I'm perfectly aware of the situation.,අයිම් පර්ෆෙක්ට්ලි අවෙයාර් ඔෆ් ද සිචුවේෂන්.,මම තත්ත්වය ගැන හොඳටම දන්නවා.,intermediate
id-rather-not-make-a-scene,s-everyday-conversations,I'd rather not make a scene.,අයිඩ් රාදර් නොට් මේක් අ සීන්.,මම මෙතන කලබලයක් කරන්න කැමති නැහැ.,intermediate
thats-neither-here-nor-there,s-everyday-conversations,That's neither here nor there.,දැට්ස් නයිදර් හියර් නෝර් දෙයාර්.,ඒක මේ කාරණයට අදාළ නැහැ.,beginner
im-afraid-theres-been-a-misunderstanding,s-everyday-conversations,I'm afraid there's been a misunderstanding.,අයිම් අෆ්‍රේඩ් දෙයාර්ස් බීන් අ මිස්අන්ඩර්ස්ටෑන්ඩිං.,මෙතන යම් වැරදි වැටහීමක් වෙලා තියෙනවා.,intermediate
i-wouldnt-object-in-the-slightest,s-everyday-conversations,I wouldn't object in the slightest.,අයි වුඩ්න්ට් ඔබ්ජෙක්ට් ඉන් ද ස්ලයිටිස්ට්.,මට ඒකට පොඩ්ඩක්වත් විරුද්ධත්වයක් නැහැ.,intermediate
you-make-a-compelling-argument,s-everyday-conversations,You make a compelling argument.,යූ මේක් අ කම්පෙලිං ආගියුමන්ට්.,ඔයා කියන තර්කය හරිම ඒත්තු ගන්වනසුලුයි.,beginner
its-all-rather-unfortunate,s-everyday-conversations,It's all rather unfortunate.,ඉට්ස් ඕල් රාදර් අන්ෆෝචුනට්.,මේ හැමදේම ටිකක් අවාසනාවන්තයි.,beginner
im-inclined-to-take-a-different,s-everyday-conversations,I'm inclined to take a different view.,අයිම් ඉන්ක්ලයින්ඩ් ටු ටේක් අ ඩිෆරන්ට් වීව්.,මම මේ ගැන ටිකක් වෙනස් විදිහකට හිතනවා.,intermediate
that-was-impeccably-done,s-everyday-conversations,That was impeccably done.,දැට් වොස් ඉම්පෙක්බ්ලි ඩන්.,ඒක කිසිම අඩුවක් නැතිව හරිම හොඳට කළා.,beginner
i-shouldnt-like-to-speculate,s-everyday-conversations,I shouldn't like to speculate.,අයි ෂුඩ්න්ට් ලයික් ටු ස්පෙකියුලේට්.,මම අනුමාන කරලා කතා කරන්න කැමති නැහැ.,beginner
you-have-every-reason-to-be,s-everyday-conversations,You have every reason to be proud.,යූ හැව් එව්රි රීසන් ටු බී ප්‍රවුඩ්.,ඔයාට ආඩම්බර වෙන්න සම්පූර්ණ හේතුවක් තියෙනවා.,intermediate
im-afraid-that-wont-quite-suffice,s-everyday-conversations,I'm afraid that won't quite suffice.,අයිම් අෆ්‍රේඩ් දැට් වෝන්ට් ක්වයිට් සෆයිස්.,"සමාවෙන්න, ඒක නම් ප්‍රමාණවත් වෙන්නේ නැහැ.",intermediate
that-was-remarkably-perceptive,s-everyday-conversations,That was remarkably perceptive.,දැට් වොස් රිමාකබ්ලි පසෙප්ටිව්.,ඒක හරිම ගැඹුරින් තේරුම් අරගෙන කියපු දෙයක්.,beginner
i-would-urge-caution,s-everyday-conversations,I would urge caution.,අයි වුඩ් අර්ජ් කෝෂන්.,මම කියන්නේ ටිකක් පරිස්සමින් වැඩ කරන්න කියලා.,beginner
it-would-be-prudent-to-wait,s-everyday-conversations,It would be prudent to wait.,ඉට් වුඩ් බී ප්‍රූඩන්ට් ටු වේට්.,ටිකක් බලාගෙන ඉන්න එක නුවණට හුරුයි.,intermediate
i-find-that-wholly-unacceptable,s-everyday-conversations,I find that wholly unacceptable.,අයි ෆයින්ඩ් දැට් හෝලි අනක්සෙප්ටබල්.,මට නම් ඒක කිසිසේත්ම පිළිගන්න බැහැ.,beginner
thats-really-quite-delightful,s-everyday-conversations,That's really quite delightful.,දැට්ස් රියලි ක්වයිට් ඩිලයිට්ෆුල්.,ඒක ඇත්තටම හරිම සතුටුදායකයි.,beginner
im-afraid-im-not-at-liberty,s-everyday-conversations,I'm afraid I'm not at liberty to say.,අයිම් අෆ්‍රේඩ් අයිම් නොට් ඇට් ලිබටි ටු සේ.,"සමාවෙන්න, ඒක කියන්න මට අවසර නැහැ.",intermediate
i-dare-say-it-will-be,s-everyday-conversations,I dare say it will be fine.,අයි ඩෙයර් සේ ඉට් විල් බී ෆයින්.,මට හිතෙන්නේ ඒක හොඳින් වෙයි.,intermediate
that-would-be-quite-unnecessary,s-everyday-conversations,That would be quite unnecessary.,දැට් වුඩ් බී ක්වයිට් අනනෙසසරි.,ඒක කරන්න කිසිම අවශ්‍යතාවක් නැහැ.,beginner
im-rather-impressed-by-your-composure,s-everyday-conversations,I'm rather impressed by your composure.,අයිම් රාදර් ඉම්ප්‍රෙස්ට් බයි යුවර් කම්පෝෂර්.,ඔයා සන්සුන්ව හිටපු විදිහට මට ගොඩක් පැහැදුණා.,intermediate
im-afraid-i-cannot-endorse-that,s-everyday-conversations,I'm afraid I cannot endorse that view.,අයිම් අෆ්‍රේඩ් අයි කැන්නොට් එන්ඩෝස් දැට් වීව්.,මට ඒ අදහසට සහය දෙන්න බැහැ.,intermediate
it-seems-perfectly-straightforward,s-everyday-conversations,It seems perfectly straightforward.,ඉට් සීම්ස් පර්ෆෙක්ට්ලි ස්ට්‍රේට්ෆෝවඩ්.,ඒක හරිම සරල දෙයක් වගේ පේනවා.,beginner
im-delighted-you-could-make-it,s-feelings-emotions,I'm delighted you could make it.,අයිම් ඩිලයිටිඩ් යූ කුඩ් මේක් ඉට්.,ඔයාට එන්න පුළුවන් වුණ එක ගැන මට ගොඩක් සතුටුයි.,intermediate
there-is-some-merit-in-that,s-everyday-conversations,There is some merit in that argument.,දෙයාර් ඉස් සම් මෙරිට් ඉන් දැට් ආගියුමන්ට්.,ඒ තර්කයේ යම් සාධාරණ බවක් තියෙනවා.,intermediate
i-wouldnt-be-at-all-surprised,s-everyday-conversations,I wouldn't be at all surprised.,අයි වුඩ්න්ට් බී ඇට් ඕල් සප්‍රයිස්ට්.,ඒක වුණොත් මම කොහෙත්ම පුදුම වෙන්නේ නැහැ.,intermediate
thats-a-wonderfully-diplomatic-answer,s-everyday-conversations,That's a wonderfully diplomatic answer.,දැට්ස් අ වන්ඩර්ෆුලි ඩිප්ලොමැටික් ආන්සර්.,ඒක හරිම නුවණින් දුන්න උත්තරයක්.,beginner
im-afraid-were-at-cross-purposes,s-everyday-conversations,I'm afraid we're at cross purposes.,අයිම් අෆ්‍රේඩ් වීර් ඇට් ක්‍රොස් පර්පසස්.,අපි දෙන්නා එකිනෙකා අදහස් කරන දේ වෙනස් විදිහට තේරුම් අරගෙන වගේ.,intermediate
im-entirely-sympathetic-to-your-position,s-job-interviews,I'm entirely sympathetic to your position.,අයිම් එන්ටයර්ලි සිම්පතෙටික් ටු යුවර් පොසිෂන්.,ඔයාගේ තත්ත්වය මට හොඳට තේරෙනවා.,intermediate
it-would-be-foolish-to-dismiss,s-everyday-conversations,It would be foolish to dismiss it.,ඉට් වුඩ් බී ෆූලිෂ් ටු ඩිස්මිස් ඉට්.,ඒක ගණන් නොගෙන අතහැරලා දාන එක නුවණට හුරු නැහැ.,intermediate
im-rather-hesitant-to-commit-myself,s-everyday-conversations,I'm rather hesitant to commit myself.,අයිම් රාදර් හෙසිටන්ට් ටු කමිට් මයිසෙල්ෆ්.,දැන්ම ස්ථිරව එකඟ වෙන්න මට ටිකක් අමාරුයි.,intermediate
thats-an-exceptionally-gracious-gesture,s-everyday-conversations,That's an exceptionally gracious gesture.,දැට්ස් ඇන් එක්සෙප්ෂනලි ග්‍රේෂස් ජෙස්චර්.,ඒක හරිම ගෞරවනීය සහ කරුණාවන්ත ක්‍රියාවක්.,beginner
i-see-no-reason-to-object,s-everyday-conversations,I see no reason to object.,අයි සී නෝ රීසන් ටු ඔබ්ජෙක්ට්.,මට විරුද්ධ වෙන්න කිසිම හේතුවක් පේන්නේ නැහැ.,intermediate
im-afraid-your-concerns-are-justified,s-everyday-conversations,I'm afraid your concerns are justified.,අයිම් අෆ්‍රේඩ් යුවර් කන්සර්න්ස් ආ ජස්ටිෆයිඩ්.,ඔයා බය වෙන එකට සාධාරණ හේතුවක් තියෙනවා.,intermediate
its-not-something-i-take-lightly,s-everyday-conversations,It's not something I take lightly.,ඉට්ස් නොට් සම්තිං අයි ටේක් ලයිට්ලි.,මම ඒක සුළු දෙයක් විදිහට ගන්නේ නැහැ.,intermediate
that-was-most-enlightening,s-everyday-conversations,That was most enlightening.,දැට් වොස් මෝස්ට් එන්ලයිටනිං.,ඒකෙන් මට ගොඩක් දේවල් පැහැදිලි වුණා.,beginner
im-rather-pleased-you-mentioned-it,s-everyday-conversations,I'm rather pleased you mentioned it.,අයිම් රාදර් ප්ලීස්ඩ් යූ මෙන්ෂන්ඩ් ඉට්.,ඔයා ඒ ගැන කිව්ව එක ගැන මට සතුටුයි.,intermediate
i-shouldnt-attach-too-much-significance,s-everyday-conversations,I shouldn't attach too much significance to it.,අයි ෂුඩ්න්ට් අටැච් ටූ මච් සිග්නිෆිකන්ස් ටු ඉට්.,මම නම් ඒකට ඕනවට වඩා වැදගත්කමක් දෙන්නේ නැහැ.,intermediate
im-afraid-that-rather-misses-the,s-everyday-conversations,I'm afraid that rather misses the point.,අයිම් අෆ්‍රේඩ් දැට් රාදර් මිසිස් ද පොයින්ට්.,ඒකෙන් ප්‍රධාන කාරණය ටිකක් මගහැරිලා.,intermediate
your-discretion-is-much-appreciated,s-everyday-conversations,Your discretion is much appreciated.,යුවර් ඩිස්ක්‍රෙෂන් ඉස් මච් අප්‍රීෂියේටිඩ්.,ඔයා මේක නුවණින් සහ රහසිගතව හසුරුවන එක මම ගොඩක් අගය කරනවා.,beginner
i-have-no-wish-to-offend,s-everyday-conversations,I have no wish to offend anyone.,අයි හැව් නෝ විෂ් ටු ඔෆෙන්ඩ් එනිවන්.,කාගෙවත් හිත රිද්දන්න මට අවශ්‍ය නැහැ.,intermediate
its-rather-a-complicated-business,s-business,It's rather a complicated business.,ඉට්ස් රාදර් අ කොම්ප්ලිකේටිඩ් බිස්නස්.,මේක ටිකක් සංකීර්ණ වැඩක්.,beginner
im-sure-youll-understand-my-reluctance,s-everyday-conversations,I'm sure you'll understand my reluctance.,අයිම් ෂුවර් යූල් අන්ඩර්ස්ටෑන්ඩ් මයි රිලක්ටන්ස්.,මම මේකට ටිකක් පසුබට වෙන හේතුව ඔයාට තේරෙයි කියලා හිතනවා.,intermediate
thats-an-admirable-way-to-look,s-everyday-conversations,That's an admirable way to look at it.,දැට්ස් ඇන් ඇඩ්මිරබල් වේ ටු ලුක් ඇට් ඉට්.,ඒක දිහා බලන විදිහ හරිම අගය කරන්න වටිනවා.,intermediate
im-rather-sorry-to-see-you,s-apologizing,I'm rather sorry to see you go.,අයිම් රාදර් සොරි ටු සී යූ ගෝ.,ඔයා යන එක ගැන මට සෑහෙන්න දුකයි.,intermediate
it-would-be-most-improper,s-everyday-conversations,It would be most improper.,ඉට් වුඩ් බී මෝස්ට් ඉම්ප්‍රොපර්.,ඒක කිසිසේත්ම සුදුසු දෙයක් නෙවෙයි.,beginner
i-think-we-ought-to-proceed,s-everyday-conversations,I think we ought to proceed carefully.,අයි තිංක් වී ඕට් ටු ප්‍රසීඩ් කෙයාර්ෆුලි.,අපි පරිස්සමින් ඉස්සරහට යන්න ඕනේ කියලා මට හිතෙනවා.,intermediate
youve-handled-the-matter-admirably,s-everyday-conversations,You've handled the matter admirably.,යූව් හැන්ඩල්ඩ් ද මැටර් ඇඩ්මිරබ්ලි.,ඔයා මේ කාරණය හරිම හොඳට හැසිරෙව්වා.,beginner
im-not-wholly-persuaded,s-everyday-conversations,I'm not wholly persuaded.,අයිම් නොට් හෝලි පස්වේඩිඩ්.,මට තාම සම්පූර්ණයෙන් ඒත්තු ගිහින් නැහැ.,beginner
thats-a-most-elegant-solution,s-everyday-conversations,That's a most elegant solution.,දැට්ස් අ මෝස්ට් එලිගන්ට් සලූෂන්.,ඒක හරිම ලස්සන සහ නුවණැති විසඳුමක්.,beginner
im-afraid-thats-rather-unlikely,s-everyday-conversations,I'm afraid that's rather unlikely.,අයිම් අෆ්‍රේඩ් දැට්ස් රාදර් අන්ලයික්ලි.,ඒක වෙන්න තියෙන ඉඩ ටිකක් අඩුයි.,beginner
one-might-reasonably-assume-so,s-everyday-conversations,One might reasonably assume so.,වන් මයිට් රීසනබ්ලි අසූම් සෝ.,සාධාරණව බලද්දි එහෙම හිතන්න පුළුවන්.,beginner
im-very-much-in-your-debt,s-everyday-conversations,I'm very much in your debt.,අයිම් වෙරි මච් ඉන් යුවර් ඩෙට්.,ඔයා කළ උදව්වට මම ගොඩක් කෘතඥයි.,intermediate
thats-precisely-the-difficulty,s-everyday-conversations,That's precisely the difficulty.,දැට්ස් ප්‍රිසයිස්ලි ද ඩිෆිකල්ටි.,ප්‍රශ්නය හරියටම ඒකයි.,beginner
i-wouldnt-wish-to-appear-presumptuous,s-everyday-conversations,I wouldn't wish to appear presumptuous.,අයි වුඩ්න්ට් විෂ් ටු අපියර් ප්‍රිසම්ප්චුවස්.,මම ඕනවට වඩා අයිතියක් තියෙන කෙනෙක් වගේ පේන්න කැමති නැහැ.,intermediate
it-was-all-handled-with-great,s-everyday-conversations,It was all handled with great tact.,ඉට් වොස් ඕල් හැන්ඩල්ඩ් විත් ග්‍රේට් ටැක්ට්.,හැමදේම හරිම නුවණින් හැසිරෙව්වා.,intermediate
im-not-altogether-convinced-by-that,s-everyday-conversations,I'm not altogether convinced by that.,අයිම් නොට් ඕල්ටුගෙදර් කන්වින්ස්ට් බයි දැට්.,ඒකෙන් මට සම්පූර්ණයෙන්ම ඒත්තු ගියේ නැහැ.,intermediate
i-shall-give-it-due-consideration,s-everyday-conversations,I shall give it due consideration.,අයි ෂැල් ගිව් ඉට් ඩියු කන්සිඩරේෂන්.,මම ඒ ගැන අවශ්‍ය තරම් හොඳින් හිතලා බලන්නම්.,intermediate
id-be-reluctant-to-draw-that,s-everyday-conversations,I'd be reluctant to draw that conclusion.,අයිඩ් බී රිලක්ටන්ට් ටු ඩ්‍රෝ දැට් කන්ක්ලූෂන්.,ඒ නිගමනයට දැන්ම එන්න මම කැමති නැහැ.,intermediate
that-would-be-a-considerable-improvement,s-everyday-conversations,That would be a considerable improvement.,දැට් වුඩ් බී අ කන්සිඩරබල් ඉම්ප්‍රූව්මන්ට්.,ඒකෙන් ලොකු දියුණුවක් වෙයි.,intermediate
im-pleased-we-see-eye-to,s-everyday-conversations,I'm pleased we see eye to eye.,අයිම් ප්ලීස්ඩ් වී සී අයි ටු අයි.,අපි දෙන්නා එකම අදහසක ඉන්න එක ගැන මට සතුටුයි.,intermediate
im-afraid-the-matter-is-rather,s-everyday-conversations,I'm afraid the matter is rather urgent.,අයිම් අෆ්‍රේඩ් ද මැටර් ඉස් රාදර් අර්ජන්ට්.,මේ කාරණය ටිකක් හදිසි එකක්.,intermediate
thats-an-exceptionally-thoughtful-remark,s-everyday-conversations,That's an exceptionally thoughtful remark.,දැට්ස් ඇන් එක්සෙප්ෂනලි තෝට්ෆුල් රිමාර්ක්.,ඒක හරිම හිතලා බලලා කියපු කතාවක්.,beginner
i-should-be-inclined-to-disagree,s-agreeing-disagreeing,I should be inclined to disagree.,අයි ෂුඩ් බී ඉන්ක්ලයින්ඩ් ටු ඩිසග්‍රී.,මම නම් ඒකට ටිකක් විරුද්ධ පැත්තේ ඉන්නේ.,intermediate
one-must-keep-things-in-perspective,s-giving-opinions,One must keep things in perspective.,වන් මස්ට් කීප් තිංග්ස් ඉන් පස්පෙක්ටිව්.,දේවල් ඇත්ත තරමටම බලන්න ඕනේ.,intermediate
i-wouldnt-dream-of-taking-advantage,s-everyday-conversations,I wouldn't dream of taking advantage.,අයි වුඩ්න්ට් ඩ්‍රීම් ඔෆ් ටේකිං ඇඩ්වාන්ටේජ්.,මම ඒ අවස්ථාවෙන් අයුතු ප්‍රයෝජනයක් ගන්න හිතන්නවත් නැහැ.,intermediate
thats-far-more-sensible,s-everyday-conversations,That's far more sensible.,දැට්ස් ෆාර් මෝර් සෙන්සිබල්.,ඒක ඊට වඩා ගොඩක් නුවණැති දෙයක්.,beginner
im-terribly-pleased-for-you,s-everyday-conversations,I'm terribly pleased for you.,අයිම් ටෙරිබ්ලි ප්ලීස්ඩ් ෆෝ යූ.,ඔයා ගැන මට ගොඩක් සතුටුයි.,beginner
i-fear-we-may-have-overlooked,s-everyday-conversations,I fear we may have overlooked something.,අයි ෆියර් වී මේ හැව් ඕවර්ලුක්ට් සම්තිං.,අපි මොනවහරි දෙයක් අතහැරලා වගේ මට හිතෙනවා.,intermediate
that-hardly-inspires-confidence,s-everyday-conversations,That hardly inspires confidence.,දැට් හාඩ්ලි ඉන්ස්පයර්ස් කොන්ෆිඩන්ස්.,ඒක දැක්කාම ලොකු විශ්වාසයක් ඇති වෙන්නේ නැහැ.,beginner
im-willing-to-concede-that-point,s-everyday-conversations,I'm willing to concede that point.,අයිම් විලිං ටු කන්සීඩ් දැට් පොයින්ට්.,ඒ කාරණය ගැන ඔයා හරි කියලා පිළිගන්න මම සූදානම්.,intermediate
id-be-most-obliged-if-you,s-everyday-conversations,I'd be most obliged if you kept this confidential.,අයිඩ් බී මෝස්ට් ඔබ්ලයිජ්ඩ් ඉෆ් යූ කෙප්ට් දිස් කොන්ෆිඩෙන්ෂල්.,මේක රහසිගතව තියාගත්තොත් මම ගොඩක් ස්තුතිවන්ත වෙනවා.,intermediate
im-afraid-i-find-that-rather,s-everyday-conversations,I'm afraid I find that rather troubling.,අයිම් අෆ්‍රේඩ් අයි ෆයින්ඩ් දැට් රාදර් ට්‍රබ්ලිං.,ඒක මට ටිකක් කනස්සල්ල ඇති කරන දෙයක්.,intermediate
it-would-be-remiss-of-me,s-everyday-conversations,It would be remiss of me not to mention it.,ඉට් වුඩ් බී රිමිස් ඔෆ් මී නොට් ටු මෙන්ෂන් ඉට්.,මේක නොකියා හිටියොත් මම මගේ වගකීම හරිට කළේ නැහැ වගේ වෙනවා.,intermediate
that-was-a-most-gracious-compliment,s-everyday-conversations,That was a most gracious compliment.,දැට් වොස් අ මෝස්ට් ග්‍රේෂස් කොම්ප්ලිමන්ට්.,ඒක හරිම ලස්සන ප්‍රශංසාවක්.,intermediate
im-rather-wary-of-making-promises,s-everyday-conversations,I'm rather wary of making promises.,අයිම් රාදර් වෙයරි ඔෆ් මේකිං ප්‍රොමිසිස්.,පොරොන්දු දෙන එක ගැන මම ටිකක් පරිස්සම්.,intermediate
theres-a-certain-logic-to-it,s-everyday-conversations,There's a certain logic to it.,දෙයාර්ස් අ සර්ටන් ලොජික් ටු ඉට්.,ඒකේ යම් තර්කානුකූල බවක් තියෙනවා.,intermediate
im-entirely-happy-to-proceed,s-feelings-emotions,I'm entirely happy to proceed.,අයිම් එන්ටයර්ලි හැපි ටු ප්‍රසීඩ්.,ඉස්සරහට වැඩ කරගෙන යන්න මට කිසිම ප්‍රශ්නයක් නැහැ.,beginner
thats-a-rather-refreshing-perspective,s-giving-opinions,That's a rather refreshing perspective.,දැට්ස් අ රාදර් රිෆ්‍රෙෂිං පස්පෙක්ටිව්.,ඒක හරිම අලුත් සහ ප්‍රසන්න විදිහකට බලපු අදහසක්.,beginner
i-wouldnt-be-so-quick-to,s-everyday-conversations,I wouldn't be so quick to judge.,අයි වුඩ්න්ට් බී සෝ ක්වික් ටු ජජ්.,මම නම් එච්චර ඉක්මනට තීරණයක් දෙන්නේ නැහැ.,intermediate
its-perhaps-worth-reconsidering,s-everyday-conversations,It's perhaps worth reconsidering.,ඉට්ස් පහෑප්ස් වර්ත් රීකන්සිඩරිං.,සමහරවිට ඒ ගැන ආයෙත් හිතලා බලන්න වටිනවා.,beginner
im-afraid-i-must-decline,s-everyday-conversations,I'm afraid I must decline.,අයිම් අෆ්‍රේඩ් අයි මස්ට් ඩික්ලයින්.,"සමාවෙන්න, මට ඒක ප්‍රතික්ෂේප කරන්න වෙනවා.",beginner
youve-been-unfailingly-courteous,s-everyday-conversations,You've been unfailingly courteous.,යූව් බීන් අන්ෆේලිංලි කර්ටියස්.,ඔයා හැම වෙලාවෙම හරිම ආචාරශීලීව කටයුතු කළා.,beginner
that-was-rather-tactless,s-everyday-conversations,That was rather tactless.,දැට් වොස් රාදර් ටැක්ට්ලස්.,ඒක ටිකක් නුවණක් නැති විදිහට කරපු දෙයක්.,beginner
i-dont-believe-that-would-be,s-everyday-conversations,I don't believe that would be advisable.,අයි ඩෝන්ට් බිලීව් දැට් වුඩ් බී ඇඩ්වයිසබල්.,ඒක කරන එක හොඳ අදහසක් කියලා මම හිතන්නේ නැහැ.,intermediate
im-sure-we-can-resolve-this,s-everyday-conversations,I'm sure we can resolve this amicably.,අයිම් ෂුවර් වී කැන් රිසොල්ව් දිස් ඇමිකබ්ලි.,මේක සාමකාමීව විසඳගන්න පුළුවන් කියලා මට විශ්වාසයි.,intermediate
its-not-entirely-without-merit,s-everyday-conversations,It's not entirely without merit.,ඉට්ස් නොට් එන්ටයර්ලි විදවුට් මෙරිට්.,ඒක සම්පූර්ණයෙන්ම වැරදි හෝ වටිනාකමක් නැති දෙයක් නෙවෙයි.,beginner
im-afraid-i-remain-unconvinced,s-everyday-conversations,I'm afraid I remain unconvinced.,අයිම් අෆ්‍රේඩ් අයි රිමේන් අන්කන්වින්ස්ට්.,මට තාමත් ඒක ගැන ඒත්තු ගිහින් නැහැ.,beginner
thats-a-commendable-attitude,s-everyday-conversations,That's a commendable attitude.,දැට්ස් අ කමෙන්ඩබල් ඇටිටියුඩ්.,ඒක අගය කරන්න වටින ආකල්පයක්.,beginner
i-have-no-intention-of-rushing,s-everyday-conversations,I have no intention of rushing you.,අයි හැව් නෝ ඉන්ටෙන්ෂන් ඔෆ් රෂිං යූ.,ඔයාව ඉක්මන් කරන්න මට කිසිම අදහසක් නැහැ.,intermediate
it-may-be-wiser-to-say,s-everyday-conversations,It may be wiser to say nothing.,ඉට් මේ බී වයිසර් ටු සේ නතිං.,කිසි දෙයක් නොකියා ඉන්න එක වඩා නුවණැති වෙන්න පුළුවන්.,intermediate
im-immensely-grateful-for-your-patience,s-thanking,I'm immensely grateful for your patience.,අයිම් ඉමෙන්ස්ලි ග්‍රේට්ෆුල් ෆෝ යුවර් පේෂන්ස්.,ඔයාගේ ඉවසීමට මම ගොඩක්ම ස්තුතිවන්තයි.,intermediate
thats-a-distinctly-unusual-approach,s-everyday-conversations,That's a distinctly unusual approach.,දැට්ස් අ ඩිස්ටිංක්ට්ලි අන්යූෂුවල් අප්‍රෝච්.,ඒක පැහැදිලිවම ටිකක් අසාමාන්‍ය ක්‍රමයක්.,beginner
im-not-entirely-averse-to-the,s-everyday-conversations,I'm not entirely averse to the idea.,අයිම් නොට් එන්ටයර්ලි අවර්ස් ටු දි අයිඩියා.,මම ඒ අදහසට සම්පූර්ණයෙන්ම විරුද්ධ නැහැ.,intermediate
i-must-admit-youve-surprised-me,s-everyday-conversations,"I must admit, you've surprised me.","අයි මස්ට් ඇඩ්මිට්, යූව් සප්‍රයිස්ට් මී.","කියන්නම ඕනේ, ඔයා මාව පුදුම කළා.",intermediate
theres-little-point-in-arguing,s-everyday-conversations,There's little point in arguing.,දෙයාර්ස් ලිට්ල් පොයින්ට් ඉන් ආගියුඉං.,මේ ගැන තර්ක කරන එකෙන් ලොකු ප්‍රයෝජනයක් නැහැ.,beginner
i-wouldnt-venture-an-opinion-just,s-everyday-conversations,I wouldn't venture an opinion just yet.,අයි වුඩ්න්ට් වෙන්චර් ඇන් ඔපිනියන් ජස්ට් යෙට්.,මම දැන්ම අදහසක් දෙන්න ඉක්මන් වෙන්නේ නැහැ.,intermediate
thats-a-particularly-astute-observation,s-everyday-conversations,That's a particularly astute observation.,දැට්ස් අ පටිකියුලර්ලි අස්ටියුට් ඔබ්සවේෂන්.,ඒක හරිම තීක්ෂ්ණව තේරුම් අරගෙන කියපු අදහසක්.,beginner
im-rather-relieved-to-hear-that,s-everyday-conversations,I'm rather relieved to hear that.,අයිම් රාදර් රිලීව්ඩ් ටු හියර් දැට්.,ඒක අහලා මගේ හිත ටිකක් සැහැල්ලු වුණා.,intermediate
its-hardly-a-trivial-matter,s-everyday-conversations,It's hardly a trivial matter.,ඉට්ස් හාඩ්ලි අ ට්‍රිවියල් මැටර්.,ඒක සුළු කාරණයක් නම් නෙවෙයි.,beginner
im-afraid-weve-reached-an-impasse,s-everyday-conversations,I'm afraid we've reached an impasse.,අයිම් අෆ්‍රේඩ් වීව් රීච්ට් ඇන් ඉම්පාස්.,අපි දැන් ඉස්සරහට යන්න අමාරු තැනකට ඇවිත්.,intermediate
i-wouldnt-underestimate-her,s-everyday-conversations,I wouldn't underestimate her.,අයි වුඩ්න්ට් අන්ඩරෙස්ටිමේට් හර්.,මම නම් ඇයව අඩුවෙන් තක්සේරු කරන්නේ නැහැ.,beginner
that-was-exceedingly-well-expressed,s-everyday-conversations,That was exceedingly well expressed.,දැට් වොස් එක්සීඩිංලි වෙල් එක්ස්ප්‍රෙස්ට්.,ඒක ඉතාම ලස්සනට ප්‍රකාශ කළා.,beginner
im-sure-you-acted-with-the,s-everyday-conversations,I'm sure you acted with the best intentions.,අයිම් ෂුවර් යූ ඇක්ටිඩ් විත් ද බෙස්ට් ඉන්ටෙන්ෂන්ස්.,ඔයා හොඳම අදහසින් ඒක කළා කියලා මට විශ්වාසයි.,intermediate
im-rather-reluctant-to-interfere,s-everyday-conversations,I'm rather reluctant to interfere.,අයිම් රාදර් රිලක්ටන්ට් ටු ඉන්ටෆියර්.,මේකට මැදිහත් වෙන්න මම ටිකක් අකමැතියි.,beginner
thats-an-entirely-reasonable-request,s-everyday-conversations,That's an entirely reasonable request.,දැට්ස් ඇන් එන්ටයර්ලි රීසනබල් රික්වෙස්ට්.,ඒක සම්පූර්ණයෙන්ම සාධාරණ ඉල්ලීමක්.,beginner
i-should-be-very-sorry-to,s-apologizing,I should be very sorry to disappoint you.,අයි ෂුඩ් බී වෙරි සොරි ටු ඩිසපොයින්ට් යූ.,ඔයාව බලාපොරොත්තු කඩ කරන්න වුණොත් මට ගොඩක් දුකයි.,intermediate
it-would-be-rash-to-decide,s-everyday-conversations,It would be rash to decide now.,ඉට් වුඩ් බී රැෂ් ටු ඩිසයිඩ් නව්.,දැන්ම තීරණයක් ගන්න එක ඉක්මන් වැඩියි.,intermediate
im-afraid-you-may-be-mistaken,s-everyday-conversations,I'm afraid you may be mistaken.,අයිම් අෆ්‍රේඩ් යූ මේ බී මිස්ටේකන්.,සමහරවිට ඔයා වැරදි වෙන්න පුළුවන්.,intermediate
theres-no-denying-his-talent,s-everyday-conversations,There's no denying his talent.,දෙයාර්ස් නෝ ඩිනයිං හිස් ටැලන්ට්.,එයාගේ දක්ෂතාවය නම් ප්‍රතික්ෂේප කරන්න බැහැ.,beginner
im-perfectly-willing-to-hear-you,s-everyday-conversations,I'm perfectly willing to hear you out.,අයිම් පර්ෆෙක්ට්ලි විලිං ටු හියර් යූ අවුට්.,ඔයා කියන හැමදේම අහගෙන ඉන්න මම සූදානම්.,intermediate
thats-a-rather-generous-interpretation,s-everyday-conversations,That's a rather generous interpretation.,දැට්ස් අ රාදර් ජෙනරස් ඉන්ටප්‍රිටේෂන්.,ඒක ටිකක් හොඳ පැත්තට වැඩියෙන් අර්ථ දක්වපු විදිහක්.,beginner
i-have-every-intention-of-keeping,s-everyday-conversations,I have every intention of keeping my word.,අයි හැව් එව්රි ඉන්ටෙන්ෂන් ඔෆ් කීපිං මයි වර්ඩ්.,මම දුන්න පොරොන්දුව අනිවාර්යයෙන්ම රකින්නයි හිතාගෙන ඉන්නේ.,intermediate
im-afraid-i-find-that-difficult,s-everyday-conversations,I'm afraid I find that difficult to accept.,අයිම් අෆ්‍රේඩ් අයි ෆයින්ඩ් දැට් ඩිෆිකල්ට් ටු ඇක්සෙප්ට්.,මට ඒක පිළිගන්න ටිකක් අමාරුයි.,intermediate
one-ought-not-to-be-too,s-everyday-conversations,One ought not to be too hasty.,වන් ඕට් නොට් ටු බී ටූ හේස්ටි.,ඕනවට වඩා ඉක්මන් වෙන්න හොඳ නැහැ.,intermediate
thats-a-most-persuasive-argument,s-everyday-conversations,That's a most persuasive argument.,දැට්ස් අ මෝස්ට් පස්වේසිව් ආගියුමන්ට්.,ඒක හරිම ඒත්තු ගන්වන තර්කයක්.,beginner
im-genuinely-delighted-for-you,s-feelings-emotions,I'm genuinely delighted for you.,අයිම් ජෙනියුන්ලි ඩිලයිටිඩ් ෆෝ යූ.,ඔයා ගැන මට ඇත්තටම ගොඩක් සතුටුයි.,beginner
i-wouldnt-presume-to-speak-for,s-everyday-conversations,I wouldn't presume to speak for everyone.,අයි වුඩ්න්ට් ප්‍රිසූම් ටු ස්පීක් ෆෝ එව්රිවන්.,හැමෝම වෙනුවෙන් අදහස් කියන්න මම ඉස්සර වෙන්නේ නැහැ.,intermediate
thats-not-something-id-dismiss-lightly,s-everyday-conversations,That's not something I'd dismiss lightly.,දැට්ස් නොට් සම්තිං අයිඩ් ඩිස්මිස් ලයිට්ලි.,මම ඒක ලේසියෙන් අතහැරලා දාන්නේ නැහැ.,intermediate
im-sure-the-matter-can-be,s-everyday-conversations,I'm sure the matter can be settled.,අයිම් ෂුවර් ද මැටර් කැන් බී සෙට්ල්ඩ්.,මේ කාරණය විසඳගන්න පුළුවන් කියලා මට විශ්වාසයි.,intermediate
im-afraid-youve-caught-me-at,s-everyday-conversations,I'm afraid you've caught me at a bad moment.,අයිම් අෆ්‍රේඩ් යූව් කෝට් මී ඇට් අ බැඩ් මෝමන්ට්.,ඔයා කතා කළේ මට ටිකක් අමාරු වෙලාවක.,intermediate
that-strikes-me-as-entirely-reasonable,s-everyday-conversations,That strikes me as entirely reasonable.,දැට් ස්ට්‍රයික්ස් මී ඇස් එන්ටයර්ලි රීසනබල්.,මට නම් ඒක සම්පූර්ණයෙන්ම සාධාරණයි වගේ.,intermediate
i-should-hate-to-be-misunderstood,s-everyday-conversations,I should hate to be misunderstood.,අයි ෂුඩ් හේට් ටු බී මිස්අන්ඩර්ස්ටුඩ්.,මාව වැරදියට තේරුම් ගන්නවාට මම කැමති නැහැ.,intermediate
there-is-no-need-for-undue,s-everyday-conversations,There is no need for undue concern.,දෙයාර් ඉස් නෝ නීඩ් ෆෝ අන්ඩියු කන්සර්න්.,අනවශ්‍ය විදිහට කලබල වෙන්න ඕනේ නැහැ.,intermediate
im-afraid-the-evidence-suggests-otherwise,s-everyday-conversations,I'm afraid the evidence suggests otherwise.,අයිම් අෆ්‍රේඩ් දි එවිඩන්ස් සජෙස්ට්ස් අදර්වයිස්.,සාක්ෂි අනුව නම් වෙන දෙයක් පේනවා.,intermediate
thats-a-remarkably-mature-attitude,s-everyday-conversations,That's a remarkably mature attitude.,දැට්ස් අ රිමාකබ්ලි මැචුවර් ඇටිටියුඩ්.,ඒක හරිම පරිණත ආකල්පයක්.,beginner
id-prefer-to-remain-neutral,s-everyday-conversations,I'd prefer to remain neutral.,අයිඩ් ප්‍රිෆර් ටු රිමේන් නියුට්‍රල්.,මම මධ්‍යස්ථව ඉන්න කැමතියි.,beginner
im-somewhat-taken-aback,s-everyday-conversations,I'm somewhat taken aback.,අයිම් සම්වොට් ටේකන් අබැක්.,මම ටිකක් පුදුමයටත් අසරණ බවකටත් පත් වුණා.,beginner
that-would-certainly-be-preferable,s-everyday-conversations,That would certainly be preferable.,දැට් වුඩ් සර්ටන්ලි බී ප්‍රෙෆරබල්.,ඒක අනිවාර්යයෙන්ම වඩා හොඳ තේරීමක්.,beginner
im-not-entirely-without-sympathy,s-everyday-conversations,I'm not entirely without sympathy.,අයිම් නොට් එන්ටයර්ලි විදවුට් සිම්පති.,මට ඒ ගැන කිසිම අනුකම්පාවක් නැත්තේ නෑ.,beginner
id-rather-avoid-unnecessary-confrontation,s-everyday-conversations,I'd rather avoid unnecessary confrontation.,අයිඩ් රාදර් අවොයිඩ් අනනෙසසරි කොන්ෆ්‍රන්ටේෂන්.,අනවශ්‍ය ගැටුම්වලට යන්න මම කැමති නැහැ.,beginner
thats-a-wonderfully-succinct-explanation,s-everyday-conversations,That's a wonderfully succinct explanation.,දැට්ස් අ වන්ඩර්ෆුලි සක්සිංක්ට් එක්ස්ප්ලනේෂන්.,ඒක හරිම කෙටියෙන් පැහැදිලිව කියපු විස්තරයක්.,beginner
im-afraid-the-timing-is-rather,s-everyday-conversations,I'm afraid the timing is rather unfortunate.,අයිම් අෆ්‍රේඩ් ද ටයිමිං ඉස් රාදර් අන්ෆෝචුනට්.,මේකට වෙලාව ටිකක් නරකයි.,intermediate
i-wouldnt-take-that-as-a,s-everyday-conversations,I wouldn't take that as a certainty.,අයි වුඩ්න්ට් ටේක් දැට් ඇස් අ සර්ටන්ටි.,මම ඒක ස්ථිර දෙයක් කියලා ගන්නේ නැහැ.,intermediate
it-seems-a-touch-excessive,s-everyday-conversations,It seems a touch excessive.,ඉට් සීම්ස් අ ටච් එක්සෙසිව්.,ඒක ටිකක් වැඩියි වගේ.,beginner
im-most-appreciative-of-your-efforts,s-everyday-conversations,I'm most appreciative of your efforts.,අයිම් මෝස්ට් අප්‍රීෂියේටිව් ඔෆ් යුවර් එෆට්ස්.,ඔයා දාපු මහන්සිය මම ගොඩක් අගය කරනවා.,intermediate
that-would-be-rather-difficult-to,s-everyday-conversations,That would be rather difficult to justify.,දැට් වුඩ් බී රාදර් ඩිෆිකල්ට් ටු ජස්ටිෆයි.,ඒක සාධාරණයි කියලා පැහැදිලි කරන්න ටිකක් අමාරුයි.,intermediate
im-afraid-that-is-quite-out,s-everyday-conversations,I'm afraid that is quite out of the question.,අයිම් අෆ්‍රේඩ් දැට් ඉස් ක්වයිට් අවුට් ඔෆ් ද ක්වෙස්චන්.,"සමාවෙන්න, ඒක නම් කරන්න කිසිම විදිහක් නැහැ.",intermediate
theres-something-to-be-said-for,s-everyday-conversations,There's something to be said for simplicity.,දෙයාර්ස් සම්තිං ටු බී සෙඩ් ෆෝ සිම්ප්ලිසිටි.,සරලව කරන එකේත් හොඳ පැත්තක් තියෙනවා.,intermediate
i-should-think-twice-before-doing,s-everyday-conversations,I should think twice before doing that.,අයි ෂුඩ් තිංක් ට්වයිස් බිෆෝ ඩූඉං දැට්.,මම නම් ඒක කරන්න කලින් දෙපාරක් හිතනවා.,intermediate
that-was-exceedingly-gracious,s-everyday-conversations,That was exceedingly gracious.,දැට් වොස් එක්සීඩිංලි ග්‍රේෂස්.,ඒක හරිම ගෞරවාන්විත සහ කරුණාවන්ත දෙයක්.,beginner
im-not-particularly-enamoured-with-the,s-everyday-conversations,I'm not particularly enamoured with the idea.,අයිම් නොට් පටිකියුලර්ලි ඉනැමඩ් විත් දි අයිඩියා.,මට ඒ අදහසට එච්චර කැමැත්තක් නැහැ.,intermediate
i-rather-admire-your-confidence,s-everyday-conversations,I rather admire your confidence.,අයි රාදර් ඇඩ්මයර් යුවර් කොන්ෆිඩන්ස්.,ඔයාගේ විශ්වාසය මම සෑහෙන්න අගය කරනවා.,beginner
its-certainly-worthy-of-consideration,s-everyday-conversations,It's certainly worthy of consideration.,ඉට්ස් සර්ටන්ලි වර්දි ඔෆ් කන්සිඩරේෂන්.,ඒක අනිවාර්යයෙන්ම හිතලා බලන්න වටිනවා.,beginner
im-afraid-thats-not-terribly-convincing,s-everyday-conversations,I'm afraid that's not terribly convincing.,අයිම් අෆ්‍රේඩ් දැට්ස් නොට් ටෙරිබ්ලි කන්වින්සිං.,ඒක නම් එච්චර ඒත්තු ගන්වනසුලු නැහැ.,intermediate
youve-been-remarkably-understanding,s-everyday-conversations,You've been remarkably understanding.,යූව් බීන් රිමාකබ්ලි අන්ඩර්ස්ටෑන්ඩිං.,ඔයා හරිම තේරුම් ගන්නා විදිහට කටයුතු කළා.,beginner
id-sooner-not-discuss-it-publicly,s-meetings,I'd sooner not discuss it publicly.,අයිඩ් සූනර් නොට් ඩිස්කස් ඉට් පබ්ලික්ලි.,මම ඒ ගැන හැමෝම ඉස්සරහා කතා නොකර ඉන්න කැමතියි.,intermediate
thats-a-rather-subtle-distinction,s-everyday-conversations,That's a rather subtle distinction.,දැට්ස් අ රාදර් සටල් ඩිස්ටිංක්ෂන්.,ඒක ටිකක් සියුම් වෙනසක්.,beginner
im-afraid-i-cannot-agree-unreservedly,s-agreeing-disagreeing,I'm afraid I cannot agree unreservedly.,අයිම් අෆ්‍රේඩ් අයි කැන්නොට් අග්‍රී අන්රිසර්විඩ්ලි.,මට කිසිම කොන්දේසියක් නැතිව සම්පූර්ණයෙන් එකඟ වෙන්න බැහැ.,intermediate
i-should-be-delighted-to-hear,s-feelings-emotions,I should be delighted to hear more.,අයි ෂුඩ් බී ඩිලයිටිඩ් ටු හියර් මෝර්.,තවත් අහන්න මම හරිම කැමතියි.,intermediate
that-certainly-puts-matters-in-perspective,s-giving-opinions,That certainly puts matters in perspective.,දැට් සර්ටන්ලි පුට්ස් මැටර්ස් ඉන් පස්පෙක්ටිව්.,ඒකෙන් දේවල් ඇත්ත තරමට තේරුම් ගන්න ලේසි වෙනවා.,intermediate
id-rather-err-on-the-side,s-everyday-conversations,I'd rather err on the side of caution.,අයිඩ් රාදර් අර් ඔන් ද සයිඩ් ඔෆ් කෝෂන්.,මම නම් ටිකක් වැඩියෙන් පරිස්සම් වෙන පැත්තට යනවා.,intermediate
thats-a-particularly-refined-approach,s-everyday-conversations,That's a particularly refined approach.,දැට්ස් අ පටිකියුලර්ලි රිෆයින්ඩ් අප්‍රෝච්.,ඒක හරිම උසස් සහ පිළිවෙළට කරපු ක්‍රමයක්.,beginner
im-afraid-ive-been-rather-remiss,s-everyday-conversations,I'm afraid I've been rather remiss.,අයිම් අෆ්‍රේඩ් අයිව් බීන් රාදර් රිමිස්.,මගෙන් මගේ වගකීම ටිකක් අතපසු වෙලා.,intermediate
i-wouldnt-wish-to-overstate-the,s-everyday-conversations,I wouldn't wish to overstate the case.,අයි වුඩ්න්ට් විෂ් ටු ඕවර්ස්ටේට් ද කේස්.,මම මේ කාරණය ඕනවට වඩා ලොකු කරලා කියන්න කැමති නැහැ.,intermediate
its-a-perfectly-respectable-opinion,s-everyday-conversations,It's a perfectly respectable opinion.,ඉට්ස් අ පර්ෆෙක්ට්ලි රිස්පෙක්ටබල් ඔපිනියන්.,ඒක සම්පූර්ණයෙන්ම පිළිගන්න පුළුවන් අදහසක්.,beginner
im-rather-intrigued-by-the-possibility,s-everyday-conversations,I'm rather intrigued by the possibility.,අයිම් රාදර් ඉන්ට්‍රීග්ඩ් බයි ද පොසිබිලිටි.,ඒ හැකියාව ගැන මට සෑහෙන්න කුතුහලයක් තියෙනවා.,intermediate
that-was-a-decidedly-wise-choice,s-everyday-conversations,That was a decidedly wise choice.,දැට් වොස් අ ඩිසයිඩිඩ්ලි වයිස් චොයිස්.,ඒක පැහැදිලිවම හරිම නුවණැති තේරීමක්.,intermediate
im-perfectly-prepared-to-reconsider,s-everyday-conversations,I'm perfectly prepared to reconsider.,අයිම් පර්ෆෙක්ට්ලි ප්‍රිපෙයාර්ඩ් ටු රීකන්සිඩර්.,ආයෙත් හිතලා බලන්න මම සම්පූර්ණයෙන්ම සූදානම්.,beginner
theres-every-chance-it-will-succeed,s-everyday-conversations,There's every chance it will succeed.,දෙයාර්ස් එව්රි චාන්ස් ඉට් විල් සක්සීඩ්.,ඒක සාර්ථක වෙන්න හොඳ ඉඩක් තියෙනවා.,intermediate
im-afraid-that-rather-complicates-things,s-everyday-conversations,I'm afraid that rather complicates things.,අයිම් අෆ්‍රේඩ් දැට් රාදර් කොම්ප්ලිකේට්ස් තිංග්ස්.,ඒකෙන් වැඩේ ටිකක් සංකීර්ණ වෙනවා.,intermediate
id-be-loath-to-cause-any,s-everyday-conversations,I'd be loath to cause any inconvenience.,අයිඩ් බී ලෝත් ටු කෝස් එනි ඉන්කන්වීනියන්ස්.,කාටවත් කරදරයක් කරන්න මම කැමති නැහැ.,intermediate
that-is-perhaps-the-wisest-course,s-school-education,That is perhaps the wisest course.,දැට් ඉස් පහෑප්ස් ද වයිසස්ට් කෝස්.,සමහරවිට ඒක තමයි නුවණැතිම ක්‍රමය.,intermediate
im-afraid-i-cannot-be-more,s-everyday-conversations,I'm afraid I cannot be more specific.,අයිම් අෆ්‍රේඩ් අයි කැන්නොට් බී මෝර් ස්පෙසිෆික්.,මට මීට වඩා විස්තරාත්මකව කියන්න බැහැ.,intermediate
i-find-your-reasoning-rather-compelling,s-everyday-conversations,I find your reasoning rather compelling.,අයි ෆයින්ඩ් යුවර් රීසනිං රාදර් කම්පෙලිං.,ඔයා හිතන විදිහ මට සෑහෙන්න ඒත්තු ගන්වනසුලුයි.,intermediate
thats-an-admirably-balanced-view,s-everyday-conversations,That's an admirably balanced view.,දැට්ස් ඇන් ඇඩ්මිරබ්ලි බැලන්ස්ට් වීව්.,ඒක හරිම සමබර සහ අගය කරන්න වටින අදහසක්.,beginner
i-would-hesitate-before-making-such,s-everyday-conversations,I would hesitate before making such a claim.,අයි වුඩ් හෙසිටේට් බිෆෝ මේකිං සච් අ ක්ලේම්.,මම නම් එහෙම ප්‍රකාශයක් කරන්න කලින් ටිකක් හිතනවා.,intermediate
im-immensely-pleased-with-the-outcome,s-everyday-conversations,I'm immensely pleased with the outcome.,අයිම් ඉමෙන්ස්ලි ප්ලීස්ඩ් විත් දි අවුට්කම්.,ලැබුණු ප්‍රතිඵලය ගැන මට ගොඩක් සතුටුයි.,intermediate
its-all-rather-more-nuanced-than,s-everyday-conversations,It's all rather more nuanced than that.,ඉට්ස් ඕල් රාදර් මෝර් නියූආන්ස්ට් දෑන් දැට්.,මේක ඔච්චර සරල දෙයක් නෙවෙයි; තවත් සියුම් පැති ගොඩක් තියෙනවා.,intermediate
im-afraid-i-cannot-overlook-that,s-everyday-conversations,I'm afraid I cannot overlook that.,අයිම් අෆ්‍රේඩ් අයි කැන්නොට් ඕවර්ලුක් දැට්.,මට ඒක නොදැක්කා වගේ අතහැරලා දාන්න බැහැ.,intermediate
youve-put-the-matter-very-delicately,s-everyday-conversations,You've put the matter very delicately.,යූව් පුට් ද මැටර් වෙරි ඩෙලිකට්ලි.,ඔයා මේ කාරණය හරිම සංවේදීව කිව්වා.,intermediate
im-not-disposed-to-argue,s-everyday-conversations,I'm not disposed to argue.,අයිම් නොට් ඩිස්පෝස්ඩ් ටු ආගියු.,මට මේ ගැන තර්ක කරන්න කැමැත්තක් නැහැ.,beginner
thats-a-surprisingly-compelling-proposition,s-everyday-conversations,That's a surprisingly compelling proposition.,දැට්ස් අ සප්‍රයිසිංලි කම්පෙලිං ප්‍රොපසිෂන්.,ඒ යෝජනාව බලාපොරොත්තු නොවුණු තරම් ඒත්තු ගන්වනසුලුයි.,beginner
id-rather-leave-well-enough-alone,s-everyday-conversations,I'd rather leave well enough alone.,අයිඩ් රාදර් ලීව් වෙල් ඉනෆ් අලෝන්.,හොඳට තියෙන දෙයක් අනවශ්‍යව වෙනස් නොකර ඉන්න මම කැමතියි.,intermediate
im-afraid-that-remains-to-be,s-everyday-conversations,I'm afraid that remains to be seen.,අයිම් අෆ්‍රේඩ් දැට් රිමේන්ස් ටු බී සීන්.,ඒක ඇත්තටම එහෙම වෙයිද කියලා තව බලන්න ඕනේ.,intermediate
that-was-handled-with-admirable-restraint,s-everyday-conversations,That was handled with admirable restraint.,දැට් වොස් හැන්ඩල්ඩ් විත් ඇඩ්මිරබල් රිස්ට්‍රේන්ට්.,ඒක හරිම ඉවසීමෙන් සහ පාලනයෙන් හැසිරෙව්වා.,intermediate
im-thoroughly-delighted-with-how-things,s-feelings-emotions,I'm thoroughly delighted with how things have turned out.,අයිම් තරලි ඩිලයිටිඩ් විත් හව් තිංග්ස් හැව් ටර්න්ඩ් අවුට්.,අන්තිමේ දේවල් සිද්ධ වුණු විදිහ ගැන මම හරිම සතුටුයි.,intermediate
ill-come-back-after-lunch,s-restaurants-food,I'll come back after lunch.,අයිල් කම් බැක් ආෆ්ටර් ලන්ච්.,මං දවල් කෑමෙන් පස්සේ ආපහු එන්නම්.,beginner
please-leave-the-door-open,s-home,Please leave the door open.,ප්ලීස් ලීව් ද ඩෝර් ඕපන්.,කරුණාකර දොර ඇරලා තියන්න.,beginner
i-need-to-wash-this-cup,s-home,I need to wash this cup.,අයි නීඩ් ට වොෂ් දිස් කප්.,මට මේ කෝප්පය හෝදන්න ඕන.,intermediate
theres-no-clean-spoon,s-home,There's no clean spoon.,දෙයාස් නෝ ක්ලීන් ස්පූන්.,පිරිසිදු හැන්දක් නෑ.,beginner
ill-get-one-from-the-kitchen,s-home,I'll get one from the kitchen.,අයිල් ගෙට් වන් ෆ්‍රම් ද කිචන්.,මං කුස්සියෙන් එකක් ගේන්නම්.,intermediate
the-rice-is-still-warm,s-everyday-conversations,The rice is still warm.,ද රයිස් ඉස් ස්ටිල් වෝම්.,බත් තාම උණුසුම්.,beginner
put-some-on-my-plate,s-everyday-conversations,Put some on my plate.,පුට් සම් ඔන් මයි ප්ලේට්.,මගේ පිඟානට ටිකක් දාන්න.,beginner
thats-enough-for-me,s-everyday-conversations,That's enough for me.,දැට්ස් ඉනෆ් ෆෝ මී.,මට ඒ ටික ඇති.,beginner
i-dont-want-any-more,s-everyday-conversations,I don't want any more.,අයි ඩෝන්ට් වොන්ට් එනි මෝර්.,මට තව ඕන නෑ.,beginner
save-the-rest-for-later,s-everyday-conversations,Save the rest for later.,සේව් ද රෙස්ට් ෆෝ ලේටර්.,ඉතුරු ටික පස්සේට තියාගන්න.,beginner
the-fridge-door-is-open,s-home,The fridge door is open.,ද ෆ්‍රිජ් ඩෝර් ඉස් ඕපන්.,ශීතකරණයේ දොර ඇරලා.,beginner
close-it-properly,s-everyday-conversations,Close it properly.,ක්ලෝස් ඉට් ප්‍රොපර්ලි.,ඒක හරියට වහන්න.,beginner
this-milk-smells-strange,s-everyday-conversations,This milk smells strange.,දිස් මිල්ක් ස්මෙල්ස් ස්ට්‍රේන්ජ්.,මේ කිරිවල අමුතු සුවඳක් එනවා.,beginner
check-the-date-on-it,s-everyday-conversations,Check the date on it.,චෙක් ද ඩේට් ඔන් ඉට්.,ඒකේ දිනය බලන්න.,beginner
it-expired-yesterday,s-everyday-conversations,It expired yesterday.,ඉට් එක්ස්පයර්ඩ් යෙස්ටර්ඩේ.,ඒකේ කල් ඉකුත් වුණේ ඊයේ.,beginner
dont-drink-it,s-restaurants-food,Don't drink it.,ඩෝන්ට් ඩ්‍රිංක් ඉට්.,ඒක බොන්න එපා.,beginner
throw-it-away,s-everyday-conversations,Throw it away.,ත්‍රෝ ඉට් අවේ.,ඒක විසි කරන්න.,beginner
we-need-fresh-milk,s-everyday-conversations,We need fresh milk.,වී නීඩ් ෆ්‍රෙෂ් මිල්ක්.,අපිට අලුත් කිරි ඕන.,beginner
ill-buy-some-this-evening,s-shopping,I'll buy some this evening.,අයිල් බයි සම් දිස් ඊවනිං.,මං අද හවස ටිකක් ගන්නම්.,beginner
write-it-on-the-list,s-everyday-conversations,Write it on the list.,රයිට් ඉට් ඔන් ද ලිස්ට්.,ඒක ලැයිස්තුවට ලියන්න.,beginner
i-need-a-new-toothbrush,s-everyday-conversations,I need a new toothbrush.,අයි නීඩ් අ නිව් ටූත්බ්‍රෂ්.,මට අලුත් දත් බුරුසුවක් ඕන.,beginner
this-one-is-worn-out,s-everyday-conversations,This one is worn out.,දිස් වන් ඉස් වෝර්න් අවුට්.,මේක පරණ වෙලා වැඩක් නැති තත්ත්වයට ගිහින්.,beginner
get-a-soft-one,s-everyday-conversations,Get a soft one.,ගෙට් අ සොෆ්ට් වන්.,මෘදු එකක් ගන්න.,beginner
which-color-do-you-want,s-everyday-conversations,Which color do you want?,විච් කලර් ඩු යූ වොන්ට්?,ඔයාට මොන පාට එකද ඕන?,beginner
any-color-is-fine,s-everyday-conversations,Any color is fine.,එනි කලර් ඉස් ෆයින්.,ඕන පාටක් හොඳයි.,beginner
ill-take-the-blue-one,s-everyday-conversations,I'll take the blue one.,අයිල් ටේක් ද බ්ලූ වන්.,මං නිල් එක ගන්නම්.,beginner
this-shampoo-is-almost-empty,s-everyday-conversations,This shampoo is almost empty.,දිස් ෂැම්පූ ඉස් ඕල්මෝස්ට් එම්ප්ටි.,මේ ෂැම්පූ බෝතලය ඉවර වෙන්න ළඟයි.,beginner
theres-another-bottle-in-the-bathroom,s-everyday-conversations,There's another bottle in the bathroom.,දෙයාස් අනදර් බොටල් ඉන් ද බාත්රූම්.,නාන කාමරේ තව බෝතලයක් තියෙනවා.,intermediate
bring-it-when-you-come,s-everyday-conversations,Bring it when you come.,බ්‍රිං ඉට් වෙන් යූ කම්.,එනකොට ඒකත් ගේන්න.,beginner
ill-bring-it-now,s-everyday-conversations,I'll bring it now.,අයිල් බ්‍රිං ඉට් නව්.,මං දැන්ම ඒක ගේන්නම්.,beginner
the-mirror-needs-cleaning,s-everyday-conversations,The mirror needs cleaning.,ද මිරර් නීඩ්ස් ක්ලීනිං.,කණ්ණාඩිය පිරිසිදු කරන්න ඕන.,beginner
there-are-marks-all-over-it,s-everyday-conversations,There are marks all over it.,දෙයා ආර් මාර්ක්ස් ඕල් ඕවර් ඉට්.,ඒක පුරාම පැල්ලම් තියෙනවා.,intermediate
use-a-clean-cloth,s-home,Use a clean cloth.,යූස් අ ක්ලීන් ක්ලෝත්.,පිරිසිදු රෙදි කැබැල්ලක් භාවිත කරන්න.,beginner
spray-a-little-water-on-it,s-everyday-conversations,Spray a little water on it.,ස්ප්‍රේ අ ලිට්ල් වෝටර් ඔන් ඉට්.,ඒකට වතුර ටිකක් ඉසින්න.,intermediate
now-it-looks-much-cleaner,s-everyday-conversations,Now it looks much cleaner.,නව් ඉට් ලුක්ස් මච් ක්ලීනර්.,දැන් ඒක ගොඩක් පිරිසිදුයි වගේ.,beginner
my-room-feels-stuffy,s-home,My room feels stuffy.,මයි රූම් ෆීල්ස් ස්ටෆි.,මගේ කාමරේ හුළඟ නැතුව වගේ.,beginner
open-both-windows,s-everyday-conversations,Open both windows.,ඕපන් බෝත් වින්ඩෝස්.,ජනේල දෙකම අරින්න.,beginner
let-some-air-come-in,s-everyday-conversations,Let some air come in.,ලෙට් සම් එයා කම් ඉන්.,හුළඟ ටිකක් ඇතුළට එන්න දෙන්න.,beginner
that-feels-much-better,s-everyday-conversations,That feels much better.,දැට් ෆීල්ස් මච් බෙටර්.,දැන් ගොඩක් හොඳයි.,beginner
close-them-before-you-sleep,s-home,Close them before you sleep.,ක්ලෝස් දෙම් බිෆෝර් යූ ස්ලීප්.,නිදාගන්න කලින් ඒවා වහන්න.,beginner
i-need-to-water-the-plants,s-everyday-conversations,I need to water the plants.,අයි නීඩ් ට වෝටර් ද ප්ලාන්ට්ස්.,මට පැළ ටිකට වතුර දාන්න ඕන.,intermediate
the-soil-looks-dry,s-everyday-conversations,The soil looks dry.,ද සොයිල් ලුක්ස් ඩ්‍රයි.,පස් වියළි වගේ පේනවා.,beginner
dont-give-them-too-much-water,s-everyday-conversations,Don't give them too much water.,ඩෝන්ට් ගිව් දෙම් ටූ මච් වෝටර්.,ඒවාට වැඩියෙන් වතුර දාන්න එපා.,intermediate
this-plant-needs-more-sunlight,s-everyday-conversations,This plant needs more sunlight.,දිස් ප්ලාන්ට් නීඩ්ස් මෝර් සන්ලයිට්.,මේ පැළයට තව හිරු එළිය ඕන.,beginner
move-it-near-the-window,s-home,Move it near the window.,මූව් ඉට් නියර් ද වින්ඩෝ.,ඒක ජනේලය ළඟට ගෙනියන්න.,beginner
that-should-help,s-everyday-conversations,That should help.,දැට් ෂුඩ් හෙල්ප්.,ඒකෙන් උදව් වෙයි.,beginner
a-new-leaf-is-coming-out,s-everyday-conversations,A new leaf is coming out.,අ නිව් ලීෆ් ඉස් කමින් අවුට්.,අලුත් කොළයක් එනවා.,intermediate
its-growing-well,s-everyday-conversations,It's growing well.,ඉට්ස් ග්‍රෝයිං වෙල්.,ඒක හොඳට වැවෙනවා.,beginner
this-one-needs-a-bigger-pot,s-everyday-conversations,This one needs a bigger pot.,දිස් වන් නීඩ්ස් අ බිගර් පොට්.,මේ පැළයට තව ලොකු මල් පෝච්චියක් ඕන.,intermediate
ill-change-it-this-weekend,s-banking-money,I'll change it this weekend.,අයිල් චේන්ජ් ඉට් දිස් වීක්එන්ඩ්.,මේ සති අන්තයේ මං ඒක මාරු කරන්නම්.,beginner
the-front-yard-is-messy,s-everyday-conversations,The front yard is messy.,ද ෆ්‍රන්ට් යාර්ඩ් ඉස් මෙසි.,ගෙදර ඉස්සරහ මිදුල අවුල් වෙලා.,beginner
there-are-leaves-everywhere,s-everyday-conversations,There are leaves everywhere.,දෙයා ආර් ලීව්ස් එව්රිවෙයා.,හැම තැනම කොළ වැටිලා.,beginner
ill-sweep-them-up,s-everyday-conversations,I'll sweep them up.,අයිල් ස්වීප් දෙම් අප්.,මං ඒවා අතුගාලා එකතු කරන්නම්.,beginner
put-them-in-this-bag,s-everyday-conversations,Put them in this bag.,පුට් දෙම් ඉන් දිස් බැග්.,ඒවා මේ බෑග් එකට දාන්න.,beginner
the-bag-is-already-full,s-everyday-conversations,The bag is already full.,ද බැග් ඉස් ඕල්රෙඩි ෆුල්.,බෑග් එක දැනටමත් පිරිලා.,beginner
get-another-one,s-everyday-conversations,Get another one.,ගෙට් අනදර් වන්.,තව එකක් ගන්න.,beginner
ill-tie-this-one-first,s-everyday-conversations,I'll tie this one first.,අයිල් ටයි දිස් වන් ෆර්ස්ට්.,මං මුලින් මේක ගැටගහන්නම්.,beginner
leave-it-by-the-gate,s-airport,Leave it by the gate.,ලීව් ඉට් බයි ද ගේට්.,ඒක ගේට් එක ළඟ තියන්න.,beginner
ill-take-it-out-later,s-everyday-conversations,I'll take it out later.,අයිල් ටේක් ඉට් අවුට් ලේටර්.,මං ඒක පස්සේ එළියට ගෙනියන්නම්.,beginner
the-yard-looks-better-now,s-everyday-conversations,The yard looks better now.,ද යාර්ඩ් ලුක්ස් බෙටර් නව්.,දැන් මිදුල වඩා හොඳට පේනවා.,beginner
i-need-to-buy-a-notebook,s-shopping,I need to buy a notebook.,අයි නීඩ් ට බයි අ නෝට්බුක්.,මට සටහන් පොතක් ගන්න ඕන.,intermediate
a-small-one-will-do,s-everyday-conversations,A small one will do.,අ ස්මෝල් වන් විල් ඩූ.,පොඩි එකක් ඇති.,beginner
i-need-ruled-pages,s-everyday-conversations,I need ruled pages.,අයි නීඩ් රූල්ඩ් පේජස්.,මට ඉරි තියෙන පිටු ඕන.,beginner
this-one-has-blank-pages,s-everyday-conversations,This one has blank pages.,දිස් වන් හැස් බ්ලෑන්ක් පේජස්.,මේකේ හිස් පිටු තියෙන්නේ.,beginner
look-at-the-one-beside-it,s-everyday-conversations,Look at the one beside it.,ලුක් ඇට් ද වන් බිසයිඩ් ඉට්.,ඒක ළඟ තියෙන එක බලන්න.,intermediate
that-one-is-perfect,s-everyday-conversations,That one is perfect.,දැට් වන් ඉස් පර්ෆෙක්ට්.,අර එක හොඳටම හරි.,beginner
i-also-need-a-pencil,s-everyday-conversations,I also need a pencil.,අයි ඕල්සෝ නීඩ් අ පෙන්සල්.,මට පැන්සලක්ත් ඕන.,beginner
get-an-eraser-too,s-everyday-conversations,Get an eraser too.,ගෙට් ඇන් ඉරේසර් ටූ.,මකනයක්ත් ගන්න.,beginner
do-you-need-a-ruler,s-asking-questions,Do you need a ruler?,ඩු යූ නීඩ් අ රූලර්?,ඔයාට රූලක් ඕනද?,beginner
no-i-already-have-one,s-everyday-conversations,"No, I already have one.","නෝ, අයි ඕල්රෙඩි හැව් වන්.","නෑ, මං ළඟ දැනටමත් එකක් තියෙනවා.",beginner
this-pen-has-no-ink,s-everyday-conversations,This pen has no ink.,දිස් පෙන් හැස් නෝ ඉංක්.,මේ පෑනේ තීන්ත නෑ.,beginner
try-this-one-instead,s-everyday-conversations,Try this one instead.,ට්‍රයි දිස් වන් ඉන්ස්ටෙඩ්.,ඒ වෙනුවට මේකෙන් බලන්න.,beginner
this-one-writes-smoothly,s-everyday-conversations,This one writes smoothly.,දිස් වන් රයිට්ස් ස්මූත්ලි.,මේ පෑනෙන් හොඳට ලියවෙනවා.,beginner
ill-take-three-of-them,s-everyday-conversations,I'll take three of them.,අයිල් ටේක් ත්‍රී ඔෆ් දෙම්.,මං මේවයින් තුනක් ගන්නම්.,beginner
keep-one-in-your-bag,s-everyday-conversations,Keep one in your bag.,කීප් වන් ඉන් යෝර් බැග්.,එකක් බෑග් එකේ තියාගන්න.,beginner
you-might-need-it-later,s-everyday-conversations,You might need it later.,යූ මයිට් නීඩ් ඉට් ලේටර්.,පස්සේ ඒක ඕන වෙන්න පුළුවන්.,beginner
i-need-to-sharpen-this-pencil,s-everyday-conversations,I need to sharpen this pencil.,අයි නීඩ් ට ෂාපන් දිස් පෙන්සල්.,මට මේ පැන්සල උල් කරගන්න ඕන.,intermediate
the-sharpener-is-on-the-desk,s-everyday-conversations,The sharpener is on the desk.,ද ෂාපනර් ඉස් ඔන් ද ඩෙස්ක්.,උල් කරන එක මේසෙ උඩ තියෙනවා.,intermediate
be-careful-with-the-blade,s-everyday-conversations,Be careful with the blade.,බී කෙයාෆුල් විත් ද බ්ලේඩ්.,තලය එක්ක පරිස්සම් වෙන්න.,beginner
its-very-sharp,s-everyday-conversations,It's very sharp.,ඉට්ස් වෙරි ෂාප්.,ඒක ගොඩක් තියුණුයි.,beginner
i-need-to-write-this-down,s-everyday-conversations,I need to write this down.,අයි නීඩ් ට රයිට් දිස් ඩවුන්.,මට මේක ලියාගන්න ඕන.,intermediate
say-it-one-more-time,s-everyday-conversations,Say it one more time.,සේ ඉට් වන් මෝර් ටයිම්.,තව එක පාරක් කියන්න.,beginner
speak-a-little-slower,s-everyday-conversations,Speak a little slower.,ස්පීක් අ ලිට්ල් ස්ලෝවර්.,ටිකක් හෙමින් කතා කරන්න.,beginner
i-didnt-catch-the-last-word,s-everyday-conversations,I didn't catch the last word.,අයි ඩිඩන්ට් කැච් ද ලාස්ට් වර්ඩ්.,අන්තිම වචනය මට හරියට ඇහුණේ නෑ.,intermediate
how-do-you-spell-that,s-asking-questions,How do you spell that?,හව් ඩු යූ ස්පෙල් දැට්?,ඒක අකුරු කරන්නෙ කොහොමද?,beginner
let-me-spell-it-for-you,s-everyday-conversations,Let me spell it for you.,ලෙට් මී ස්පෙල් ඉට් ෆෝ යූ.,මං ඒක ඔයාට අකුරු කරලා කියන්නම්.,intermediate
i-wrote-it-down,s-everyday-conversations,I wrote it down.,අයි රෝට් ඉට් ඩවුන්.,මං ඒක ලියාගත්තා.,beginner
check-if-its-correct,s-everyday-conversations,Check if it's correct.,චෙක් ඉෆ් ඉට්ස් කරෙක්ට්.,ඒක හරිද බලන්න.,beginner
you-missed-one-letter,s-everyday-conversations,You missed one letter.,යූ මිස්ට් වන් ලෙටර්.,ඔයාට එක අකුරක් මඟහැරිලා.,beginner
ill-correct-it,s-everyday-conversations,I'll correct it.,අයිල් කරෙක්ට් ඉට්.,මං ඒක හදන්නම්.,beginner
i-need-to-ask-you-something,s-everyday-conversations,I need to ask you something.,අයි නීඩ් ට ආස්ක් යූ සම්තිං.,මට ඔයාගෙන් දෙයක් අහන්න ඕන.,intermediate
go-ahead,s-everyday-conversations,Go ahead.,ගෝ අහෙඩ්.,අහන්න.,beginner
do-you-know-this-person,s-asking-questions,Do you know this person?,ඩු යූ නෝ දිස් පර්සන්?,ඔයා මේ කෙනාව දන්නවද?,beginner
ive-seen-him-before,s-everyday-conversations,I've seen him before.,අයිව් සීන් හිම් බිෆෝර්.,මං එයාව කලින් දැකලා තියෙනවා.,beginner
i-dont-know-him-personally,s-everyday-conversations,I don't know him personally.,අයි ඩෝන්ට් නෝ හිම් පර්සනලි.,මං එයාව පෞද්ගලිකව දන්නේ නෑ.,beginner
maybe-you-can-ask-someone-else,s-everyday-conversations,Maybe you can ask someone else.,මේබි යූ කැන් ආස්ක් සම්වන් එල්ස්.,සමහරවිට ඔයාට වෙන කෙනෙක්ගෙන් අහන්න පුළුවන්.,intermediate
ill-ask-around,s-everyday-conversations,I'll ask around.,අයිල් ආස්ක් අරවුන්ඩ්.,මං කිහිප දෙනෙක්ගෙන් අහලා බලන්නම්.,beginner
someone-might-know,s-everyday-conversations,Someone might know.,සම්වන් මයිට් නෝ.,කවුරුහරි දන්නවා ඇති.,beginner
let-me-know-what-you-find,s-everyday-conversations,Let me know what you find out.,ලෙට් මී නෝ වොට් යූ ෆයින්ඩ් අවුට්.,ඔයාට දැනගන්න ලැබෙන දේ මටත් කියන්න.,intermediate
sure-i-will,s-everyday-conversations,"Sure, I will.","ෂුවර්, අයි විල්.","හරි, මං කියන්නම්.",beginner
im-going-to-make-a-quick,s-everyday-conversations,I'm going to make a quick call.,අයිම් ගෝයිං ට මේක් අ ක්වික් කෝල්.,මං පොඩි කෝල් එකක් ගන්න යනවා.,intermediate
ill-be-right-outside,s-everyday-conversations,I'll be right outside.,අයිල් බී රයිට් අවුට්සයිඩ්.,මං එළියෙම ඉන්නම්.,beginner
take-as-long-as-you-need,s-everyday-conversations,Take as long as you need.,ටේක් ඇස් ලෝං ඇස් යූ නීඩ්.,ඔයාට ඕන තරම් වෙලාව ගන්න.,intermediate
it-shouldnt-take-more-than-five,s-meetings,It shouldn't take more than five minutes.,ඉට් ෂුඩන්ට් ටේක් මෝර් දෑන් ෆයිව් මිනිට්ස්.,විනාඩි පහකට වඩා යන්නේ නැති වෙයි.,intermediate
ill-wait-here-for-you,s-everyday-conversations,I'll wait here for you.,අයිල් වේට් හියර් ෆෝ යූ.,මං මෙතන ඔයා වෙනුවෙන් බලාගෙන ඉන්නම්.,beginner
thanks-for-waiting,s-thanking,Thanks for waiting.,තෑන්ක්ස් ෆෝ වේටිං.,බලාගෙන හිටියට ස්තුතියි.,beginner
the-call-took-longer-than-expected,s-everyday-conversations,The call took longer than expected.,ද කෝල් ටුක් ලොන්ගර් දෑන් එක්ස්පෙක්ටිඩ්.,හිතුවට වඩා කෝල් එක දිග ගියා.,intermediate
thats-okay,s-everyday-conversations,That's okay.,දැට්ස් ඕකේ.,ඒකට කමක් නෑ.,beginner
are-you-ready-to-go,s-asking-questions,Are you ready to go?,ආර් යූ රෙඩි ට ගෝ?,ඔයා යන්න ලෑස්තිද?,beginner
yes-lets-head-out,s-everyday-conversations,"Yes, let's head out.","යෙස්, ලෙට්ස් හෙඩ් අවුට්.","ඔව්, අපි යමු.",beginner
i-need-to-stop-by-the,s-transportation,I need to stop by the bank.,අයි නීඩ් ට ස්ටොප් බයි ද බැංක.,මට බැංකුවට පොඩ්ඩක් යන්න ඕන.,intermediate
it-wont-take-long,s-everyday-conversations,It won't take long.,ඉට් වෝන්ට් ටේක් ලෝං.,වැඩි වෙලාවක් යන්නේ නෑ.,beginner
i-just-need-to-check-something,s-everyday-conversations,I just need to check something.,අයි ජස්ට් නීඩ් ට චෙක් සම්තිං.,මට දෙයක් බලන්න විතරයි ඕන.,intermediate
ill-come-with-you,s-everyday-conversations,I'll come with you.,අයිල් කම් විත් යූ.,මං ඔයාත් එක්ක එන්නම්.,beginner
you-can-wait-in-the-car,s-everyday-conversations,You can wait in the car.,යූ කැන් වේට් ඉන් ද කාර්.,ඔයාට කාර් එකේ බලාගෙන ඉන්න පුළුවන්.,intermediate
id-rather-come-inside,s-everyday-conversations,I'd rather come inside.,අයිඩ් රාදර් කම් ඉන්සයිඩ්.,මං ඇතුළට එන එක කැමතියි.,beginner
theres-a-line-at-the-counter,s-everyday-conversations,There's a line at the counter.,දෙයාස් අ ලයින් ඇට් ද කවුන්ටර්.,කවුන්ටරය ළඟ පෝලිමක් තියෙනවා.,intermediate
we-might-have-to-wait,s-everyday-conversations,We might have to wait.,වී මයිට් හැව් ට වේට්.,අපිට ටිකක් බලාගෙන ඉන්න වෙයි.,beginner
the-line-is-moving-quickly,s-everyday-conversations,The line is moving quickly.,ද ලයින් ඉස් මූවිං ක්වික්ලි.,පෝලිම ඉක්මනට ඉස්සරහට යනවා.,beginner
its-almost-our-turn,s-everyday-conversations,It's almost our turn.,ඉට්ස් ඕල්මෝස්ට් අවර් ටර්න්.,අපේ වාරය එන්න ළඟයි.,beginner
i-need-to-check-my-balance,s-everyday-conversations,I need to check my balance.,අයි නීඩ් ට චෙක් මයි බැලන්ස්.,මට ගිණුමේ ඉතිරි මුදල බලන්න ඕන.,intermediate
use-the-machine-over-there,s-everyday-conversations,Use the machine over there.,යූස් ද මෂීන් ඕවර් දෙයා.,අතන තියෙන යන්ත්‍රය භාවිත කරන්න.,beginner
insert-your-card-here,s-banking-money,Insert your card here.,ඉන්සර්ට් යෝර් කාඩ් හියර්.,ඔයාගේ කාඩ් එක මෙතනට දාන්න.,beginner
enter-your-number-carefully,s-everyday-conversations,Enter your number carefully.,එන්ටර් යෝර් නම්බර් කෙයාෆුලි.,ඔයාගේ අංකය පරිස්සමින් ඇතුළත් කරන්න.,beginner
cover-the-keypad-with-your-hand,s-everyday-conversations,Cover the keypad with your hand.,කවර් ද කීපෑඩ් විත් යෝර් හෑන්ඩ්.,අංක ඔබන තැන අතින් වහගෙන කරන්න.,intermediate
the-screen-is-asking-for-confirmation,s-technology,The screen is asking for confirmation.,ද ස්ක්‍රීන් ඉස් ආස්කිං ෆෝ කන්ෆමේෂන්.,තිරයෙන් තහවුරු කිරීමක් ඉල්ලනවා.,intermediate
press-the-green-button,s-everyday-conversations,Press the green button.,ප්‍රෙස් ද ග්‍රීන් බටන්.,කොළ බොත්තම ඔබන්න.,beginner
your-transaction-is-complete,s-everyday-conversations,Your transaction is complete.,යෝර් ට්‍රැන්සැක්ෂන් ඉස් කම්ප්ලීට්.,ඔයාගේ ගනුදෙනුව ඉවරයි.,beginner
dont-forget-your-card,s-banking-money,Don't forget your card.,ඩෝන්ට් ෆගෙට් යෝර් කාඩ්.,කාඩ් එක අමතක කරන්න එපා.,beginner
put-it-back-in-your-wallet,s-everyday-conversations,Put it back in your wallet.,පුට් ඉට් බැක් ඉන් යෝර් වොලට්.,ඒක ආපහු පසුම්බියට දාගන්න.,intermediate
i-need-to-buy-a-phone,s-shopping,I need to buy a phone cover.,අයි නීඩ් ට බයි අ ෆෝන් කවර්.,මට ෆෝන් ආවරණයක් ගන්න ඕන.,intermediate
do-you-have-one-for-this,s-asking-questions,Do you have one for this model?,ඩු යූ හැව් වන් ෆෝ දිස් මොඩල්?,මේ ෆෝන් වර්ගයට ගැළපෙන එකක් තියෙනවද?,intermediate
can-i-see-a-few-options,s-asking-questions,Can I see a few options?,කැන් අයි සී අ ෆියු ඔප්ෂන්ස්?,මට වර්ග කිහිපයක් බලන්න පුළුවන්ද?,intermediate
i-want-something-simple,s-everyday-conversations,I want something simple.,අයි වොන්ට් සම්තිං සිම්පල්.,මට සරල එකක් ඕන.,beginner
this-one-feels-too-thick,s-everyday-conversations,This one feels too thick.,දිස් වන් ෆීල්ස් ටූ තික්.,මේක වැඩියෙන් ඝනයි.,beginner
do-you-have-a-thinner-one,s-asking-questions,Do you have a thinner one?,ඩු යූ හැව් අ තිනර් වන්?,තව සිහින් එකක් තියෙනවද?,intermediate
this-one-fits-nicely,s-everyday-conversations,This one fits nicely.,දිස් වන් ෆිට්ස් නයිස්ලි.,මේක හොඳට ගැළපෙනවා.,beginner
ill-take-this-one,s-everyday-conversations,I'll take this one.,අයිල් ටේක් දිස් වන්.,මං මේක ගන්නම්.,beginner
can-you-put-it-on-for,s-making-requests,Can you put it on for me?,කැන් යූ පුට් ඉට් ඔන් ෆෝ මී?,මට ඒක දාලා දෙන්න පුළුවන්ද?,intermediate
it-looks-good-on-the-phone,s-phone-conversations,It looks good on the phone.,ඉට් ලුක්ස් ගුඩ් ඔන් ද ෆෝන්.,ඒක ෆෝන් එකට හොඳට ගැළපෙනවා.,intermediate
the-screen-protector-is-cracked,s-technology,The screen protector is cracked.,ද ස්ක්‍රීන් ප්‍රොටෙක්ටර් ඉස් ක්‍රැක්ට්.,තිර ආරක්ෂකය කැඩිලා.,beginner
i-need-to-replace-it,s-everyday-conversations,I need to replace it.,අයි නීඩ් ට රිප්ලේස් ඉට්.,මට ඒක මාරු කරන්න ඕන.,beginner
can-you-remove-the-old-one,s-making-requests,Can you remove the old one?,කැන් යූ රිමූව් දි ඕල්ඩ් වන්?,පරණ එක ගලවන්න පුළුවන්ද?,intermediate
be-careful-not-to-scratch-the,s-technology,Be careful not to scratch the screen.,බී කෙයාෆුල් නොට් ට ස්ක්‍රැච් ද ස්ක්‍රීන්.,තිරය සීරෙන්නේ නැතිව පරිස්සම් වෙන්න.,intermediate
clean-the-screen-first,s-technology,Clean the screen first.,ක්ලීන් ද ස්ක්‍රීන් ෆර්ස්ට්.,මුලින් තිරය පිරිසිදු කරන්න.,beginner
theres-some-dust-underneath,s-everyday-conversations,There's some dust underneath.,දෙයාස් සම් ඩස්ට් අන්ඩර්නීත්.,යටින් දූවිලි ටිකක් තියෙනවා.,beginner
now-it-looks-clear,s-everyday-conversations,Now it looks clear.,නව් ඉට් ලුක්ස් ක්ලියර්.,දැන් ඒක පැහැදිලියි.,beginner
the-new-one-looks-much-better,s-everyday-conversations,The new one looks much better.,ද නිව් වන් ලුක්ස් මච් බෙටර්.,අලුත් එක ගොඩක් හොඳයි.,intermediate
how-much-do-i-need-to,s-banking-money,How much do I need to pay?,හව් මච් ඩු අයි නීඩ් ට පේ?,මං කීයක් ගෙවන්න ඕනද?,intermediate
ill-pay-by-card,s-banking-money,I'll pay by card.,අයිල් පේ බයි කාඩ්.,මං කාඩ් එකෙන් ගෙවන්නම්.,beginner
i-need-to-book-a-haircut,s-everyday-conversations,I need to book a haircut.,අයි නීඩ් ට බුක් අ හෙයාකට්.,මට කොණ්ඩය කපන්න වෙලාවක් වෙන් කරගන්න ඕන.,intermediate
do-you-have-time-this-afternoon,s-asking-questions,Do you have time this afternoon?,ඩු යූ හැව් ටයිම් දිස් ආෆ්ටර්නූන්?,අද දවල් පස්සේ වෙලාවක් තියෙනවද?,intermediate
three-oclock-would-be-good,s-everyday-conversations,Three o'clock would be good.,ත්‍රී ඔක්ලොක් වුඩ් බී ගුඩ්.,තුනට හොඳයි.,beginner
please-dont-cut-it-too-short,s-making-requests,Please don't cut it too short.,ප්ලීස් ඩෝන්ට් කට් ඉට් ටූ ෂෝට්.,කරුණාකර වැඩියෙන් කොට කරන්න එපා.,intermediate
just-trim-the-sides,s-everyday-conversations,Just trim the sides.,ජස්ට් ට්‍රිම් ද සයිඩ්ස්.,පැති ටික විතරක් ටිකක් කපන්න.,beginner
leave-the-top-a-little-longer,s-everyday-conversations,Leave the top a little longer.,ලීව් ද ටොප් අ ලිට්ල් ලොන්ගර්.,උඩ කොටස ටිකක් දිගට තියන්න.,intermediate
that-length-is-fine,s-everyday-conversations,That length is fine.,දැට් ලෙන්ත් ඉස් ෆයින්.,ඒ දිග හොඳයි.,beginner
can-you-make-it-a-little,s-making-requests,Can you make it a little shorter here?,කැන් යූ මේක් ඉට් අ ලිට්ල් ෂෝටර් හියර්?,මෙතන ටිකක් තව කොට කරන්න පුළුවන්ද?,intermediate
that-looks-good-now,s-everyday-conversations,That looks good now.,දැට් ලුක්ස් ගුඩ් නව්.,දැන් හොඳට පේනවා.,beginner
thanks-i-like-it,s-thanking,"Thanks, I like it.","තෑන්ක්ස්, අයි ලයික් ඉට්.","ස්තුතියි, මට මේක කැමතියි.",beginner
i-need-to-buy-new-sandals,s-shopping,I need to buy new sandals.,අයි නීඩ් ට බයි නිව් සැන්ඩල්ස්.,මට අලුත් සෙරෙප්පු යුගලයක් ගන්න ඕන.,intermediate
my-old-pair-is-broken,s-problems-complaints,My old pair is broken.,මයි ඕල්ඩ් පෙයාර් ඉස් බ්‍රෝකන්.,මගේ පරණ යුගලය කැඩිලා.,beginner
i-want-something-comfortable,s-everyday-conversations,I want something comfortable.,අයි වොන්ට් සම්තිං කම්ෆටබල්.,මට පහසු එකක් ඕන.,beginner
these-feel-too-hard,s-feelings-emotions,These feel too hard.,දීස් ෆීල් ටූ හාඩ්.,මේවා ටිකක් තද වැඩියි.,beginner
try-the-softer-pair,s-everyday-conversations,Try the softer pair.,ට්‍රයි ද සොෆ්ටර් පෙයාර්.,මෘදු යුගලය දාලා බලන්න.,beginner
these-feel-much-better,s-feelings-emotions,These feel much better.,දීස් ෆීල් මච් බෙටර්.,මේවා ගොඩක් පහසුයි.,beginner
walk-around-in-them,s-everyday-conversations,Walk around in them.,වෝක් අරවුන්ඩ් ඉන් දෙම්.,ඒවා දාගෙන ටිකක් ඇවිදින්න.,beginner
they-fit-well,s-shopping,They fit well.,දේ ෆිට් වෙල්.,ඒවා හොඳට ගැළපෙනවා.,beginner
i-think-ill-buy-them,s-shopping,I think I'll buy them.,අයි තිංක් අයිල් බයි දෙම්.,මං හිතන්නේ මේවා ගන්නවා.,beginner
keep-the-box-please,s-making-requests,"Keep the box, please.","කීප් ද බොක්ස්, ප්ලීස්.",පෙට්ටිය ඔයා තියාගන්න.,beginner
i-need-to-buy-a-gift,s-shopping,I need to buy a gift.,අයි නීඩ් ට බයි අ ගිෆ්ට්.,මට තෑග්ගක් ගන්න ඕන.,intermediate
its-for-a-friend,s-family-friends,It's for a friend.,ඉට්ස් ෆෝ අ ෆ්‍රෙන්ඩ්.,ඒක යාළුවෙක්ට.,beginner
im-not-sure-what-to-get,s-everyday-conversations,I'm not sure what to get.,අයිම් නොට් ෂුවර් වොට් ට ගෙට්.,මොනවා ගන්නද කියලා මට හිතාගන්න බෑ.,intermediate
maybe-something-useful,s-everyday-conversations,Maybe something useful.,මේබි සම්තිං යූස්ෆුල්.,ප්‍රයෝජනවත් දෙයක් හොඳයි වගේ.,beginner
how-about-this-mug,s-asking-questions,How about this mug?,හව් අබවුට් දිස් මග්?,මේ කෝප්පය කොහොමද?,beginner
thats-a-nice-idea,s-everyday-conversations,That's a nice idea.,දැට්ස් අ නයිස් අයිඩියා.,ඒක හොඳ අදහසක්.,beginner
does-it-come-in-a-box,s-asking-questions,Does it come in a box?,ඩස් ඉට් කම් ඉන් අ බොක්ස්?,මේක පෙට්ටියක් එක්කද එන්නේ?,intermediate
can-you-wrap-it-for-me,s-making-requests,Can you wrap it for me?,කැන් යූ රැප් ඉට් ෆෝ මී?,මට මේක තෑගි විදිහට අසුරලා දෙන්න පුළුවන්ද?,intermediate
use-simple-paper-please,s-making-requests,"Use simple paper, please.","යූස් සිම්පල් පේපර්, ප්ලීස්.",සරල කඩදාසියක් භාවිත කරන්න.,beginner
that-looks-perfect,s-everyday-conversations,That looks perfect.,දැට් ලුක්ස් පර්ෆෙක්ට්.,ඒක හොඳටම ලස්සනයි.,beginner
i-need-to-send-this-package,s-everyday-conversations,I need to send this package.,අයි නීඩ් ට සෙන්ඩ් දිස් පැකේජ්.,මට මේ පාර්සලය යවන්න ඕන.,intermediate
is-it-fragile,s-asking-questions,Is it fragile?,ඉස් ඉට් ෆ්‍රැජයිල්?,ඇතුළේ ලේසියෙන් කැඩෙන දෙයක් තියෙනවද?,beginner
yes-please-handle-it-carefully,s-making-requests,"Yes, please handle it carefully.","යෙස්, ප්ලීස් හැන්ඩ්ල් ඉට් කෙයාෆුලි.","ඔව්, කරුණාකර පරිස්සමින් අල්ලන්න.",beginner
write-fragile-on-the-box,s-everyday-conversations,"Write ""fragile"" on the box.",රයිට් ෆ්‍රැජයිල් ඔන් ද බොක්ස්.,පෙට්ටියේ “ලේසියෙන් කැඩෙනවා” කියලා ලියන්න.,beginner
make-sure-its-sealed-well,s-everyday-conversations,Make sure it's sealed well.,මේක් ෂුවර් ඉට්ස් සීල්ඩ් වෙල්.,ඒක හොඳට වහලාද කියලා බලන්න.,beginner
add-some-extra-tape,s-everyday-conversations,Add some extra tape.,ඇඩ් සම් එක්ස්ට්‍රා ටේප්.,තව ටේප් ටිකක් දාන්න.,beginner
that-should-keep-it-safe,s-everyday-conversations,That should keep it safe.,දැට් ෂුඩ් කීප් ඉට් සේෆ්.,එතකොට ඒක ආරක්ෂිතව තියෙයි.,beginner
how-long-will-delivery-take,s-asking-questions,How long will delivery take?,හව් ලෝං විල් ඩිලිවරි ටේක්?,මේක යවන්න කොච්චර කාලයක් යයිද?,beginner
it-should-arrive-in-two-days,s-everyday-conversations,It should arrive in two days.,ඉට් ෂුඩ් අරයිව් ඉන් ටූ ඩේස්.,දවස් දෙකකින් ලැබෙන්න ඕන.,intermediate
please-give-me-the-tracking-number,s-making-requests,Please give me the tracking number.,ප්ලීස් ගිව් මී ද ට්‍රැකිං නම්බර්.,කරුණාකර පාර්සලය හඹා බලන්න පුළුවන් අංකය දෙන්න.,intermediate
i-need-to-get-some-vegetables,s-everyday-conversations,I need to get some vegetables.,අයි නීඩ් ට ගෙට් සම් වෙජිටබල්ස්.,මට එළවළු ටිකක් ගන්න ඕන.,intermediate
these-tomatoes-look-fresh,s-everyday-conversations,These tomatoes look fresh.,දීස් ටමාටෝස් ලුක් ෆ්‍රෙෂ්.,මේ තක්කාලි අලුත් වගේ පේනවා.,beginner
pick-the-firm-ones,s-everyday-conversations,Pick the firm ones.,පික් ද ෆර්ම් වන්ස්.,තද ඒවා තෝරන්න.,beginner
these-bananas-are-too-ripe,s-everyday-conversations,These bananas are too ripe.,දීස් බනානාස් ආර් ටූ රයිප්.,මේ කෙසෙල් ගොඩක් ඉදිලා.,beginner
get-the-greener-ones,s-everyday-conversations,Get the greener ones.,ගෙට් ද ග්‍රීනර් වන්ස්.,තව ටිකක් කොළ පාට ඒවා ගන්න.,beginner
i-need-half-a-kilo,s-everyday-conversations,I need half a kilo.,අයි නීඩ් හාෆ් අ කිලෝ.,මට කිලෝ භාගයක් ඕන.,beginner
thats-a-little-too-much,s-everyday-conversations,That's a little too much.,දැට්ස් අ ලිට්ල් ටූ මච්.,ඒක ටිකක් වැඩියි.,beginner
take-a-few-out,s-everyday-conversations,Take a few out.,ටේක් අ ෆියු අවුට්.,කිහිපයක් අයින් කරන්න.,beginner
that-amount-is-fine,s-everyday-conversations,That amount is fine.,දැට් අමවුන්ට් ඉස් ෆයින්.,ඒ ප්‍රමාණය හොඳයි.,beginner
put-them-in-a-separate-bag,s-everyday-conversations,Put them in a separate bag.,පුට් දෙම් ඉන් අ සෙපරේට් බැග්.,ඒවා වෙනම බෑග් එකකට දාන්න.,intermediate
i-need-some-fruit-too,s-everyday-conversations,I need some fruit too.,අයි නීඩ් සම් ෆ්‍රූට් ටූ.,මට පලතුරු ටිකක්ත් ඕන.,beginner
these-apples-look-good,s-everyday-conversations,These apples look good.,දීස් ඇපල්ස් ලුක් ගුඩ්.,මේ ඇපල් හොඳයි වගේ.,beginner
check-if-any-are-damaged,s-problems-complaints,Check if any are damaged.,චෙක් ඉෆ් එනි ආර් ඩැමේජ්ඩ්.,නරක් වෙලා තියෙන ඒවා තියෙනවද බලන්න.,beginner
this-one-has-a-bruise,s-everyday-conversations,This one has a bruise.,දිස් වන් හැස් අ බ්‍රූස්.,මේකේ තැලුණු තැනක් තියෙනවා.,beginner
put-that-one-back,s-everyday-conversations,Put that one back.,පුට් දැට් වන් බැක්.,ඒක ආපහු තියන්න.,beginner
choose-another-one,s-everyday-conversations,Choose another one.,චූස් අනදර් වන්.,වෙන එකක් තෝරන්න.,beginner
these-are-much-better,s-everyday-conversations,These are much better.,දීස් ආර් මච් බෙටර්.,මේවා ගොඩක් හොඳයි.,beginner
i-think-we-have-enough,s-everyday-conversations,I think we have enough.,අයි තිංක් වී හැව් ඉනෆ්.,මං හිතන්නේ අපිට දැන් ඇති.,beginner
lets-go-to-the-checkout,s-everyday-conversations,Let's go to the checkout.,ලෙට්ස් ගෝ ට ද චෙක්අවුට්.,අපි ගෙවන්න යමු.,beginner
the-line-is-short,s-everyday-conversations,The line is short.,ද ලයින් ඉස් ෂෝට්.,පෝලිම කෙටියි.,beginner
put-the-heavy-things-at-the,s-everyday-conversations,Put the heavy things at the bottom.,පුට් ද හෙවි තිංස් ඇට් ද බොටම්.,බර දේවල් යටට දාන්න.,intermediate
keep-the-eggs-on-top,s-everyday-conversations,Keep the eggs on top.,කීප් දි එග්ස් ඔන් ටොප්.,බිත්තර උඩින් තියන්න.,beginner
be-careful-with-the-glass-bottle,s-everyday-conversations,Be careful with the glass bottle.,බී කෙයාෆුල් විත් ද ග්ලාස් බොටල්.,වීදුරු බෝතලය එක්ක පරිස්සම් වෙන්න.,intermediate
it-could-break-easily,s-everyday-conversations,It could break easily.,ඉට් කුඩ් බ්‍රේක් ඊසිලි.,ඒක ලේසියෙන් කැඩෙන්න පුළුවන්.,beginner
ill-carry-that-bag,s-everyday-conversations,I'll carry that bag.,අයිල් කැරි දැට් බැග්.,මං අර බෑග් එක අරගෙන යන්නම්.,beginner
you-take-the-lighter-one,s-everyday-conversations,You take the lighter one.,යූ ටේක් ද ලයිටර් වන්.,ඔයා සැහැල්ලු එක ගන්න.,beginner
we-can-make-one-trip,s-travel,We can make one trip.,වී කැන් මේක් වන් ට්‍රිප්.,අපිට එක පාරින්ම ගෙනියන්න පුළුවන්.,beginner
i-think-i-can-manage,s-everyday-conversations,I think I can manage.,අයි තිංක් අයි කැන් මැනිජ්.,මං හිතන්නේ මට කරගන්න පුළුවන්.,beginner
dont-carry-too-much-at-once,s-everyday-conversations,Don't carry too much at once.,ඩෝන්ට් කැරි ටූ මච් ඇට් වන්ස්.,එක පාරට වැඩියෙන් උස්සගෙන යන්න එපා.,intermediate
make-two-trips-if-you-need,s-everyday-conversations,Make two trips if you need to.,මේක් ටූ ට්‍රිප්ස් ඉෆ් යූ නීඩ් ට.,ඕන නම් දෙපාරකට ගෙනියන්න.,intermediate
i-need-to-clean-my-glasses,s-home,I need to clean my glasses.,අයි නීඩ් ට ක්ලීන් මයි ග්ලාසස්.,මට මගේ කණ්ණාඩි පිරිසිදු කරන්න ඕන.,intermediate
theyre-covered-in-fingerprints,s-everyday-conversations,They're covered in fingerprints.,දෙයාර් කවර්ඩ් ඉන් ෆිංගර්ප්‍රින්ට්ස්.,ඒවා පුරාම ඇඟිලි සලකුණු තියෙනවා.,beginner
use-this-soft-cloth,s-everyday-conversations,Use this soft cloth.,යූස් දිස් සොෆ්ට් ක්ලෝත්.,මේ මෘදු රෙදි කැබැල්ල භාවිත කරන්න.,beginner
dont-use-your-shirt,s-everyday-conversations,Don't use your shirt.,ඩෝන්ට් යූස් යෝර් ෂර්ට්.,ඔයාගේ කමිසයෙන් පිහන්න එපා.,beginner
that-might-scratch-them,s-everyday-conversations,That might scratch them.,දැට් මයිට් ස්ක්‍රැච් දෙම්.,එහෙම කළොත් ඒවා සීරෙන්න පුළුවන්.,beginner
now-i-can-see-clearly,s-everyday-conversations,Now I can see clearly.,නව් අයි කැන් සී ක්ලියර්ලි.,දැන් මට පැහැදිලිව පේනවා.,beginner
i-left-my-glasses-upstairs,s-everyday-conversations,I left my glasses upstairs.,අයි ලෙෆ්ට් මයි ග්ලාසස් අප්ස්ටෙයාර්ස්.,මං මගේ කණ්ණාඩි උඩ තට්ටුවේ දාලා ආවා.,beginner
ill-go-get-them,s-everyday-conversations,I'll go get them.,අයිල් ගෝ ගෙට් දෙම්.,මං ගිහින් ඒවා ගේන්නම්.,beginner
theyre-beside-the-lamp,s-everyday-conversations,They're beside the lamp.,දෙයාර් බිසයිඩ් ද ලෑම්ප්.,ඒවා ලාම්පුව ළඟ තියෙනවා.,beginner
i-found-them,s-everyday-conversations,I found them.,අයි ෆවුන්ඩ් දෙම්.,මට ඒවා හම්බවුණා.,beginner
i-need-to-clean-my-shoes,s-home,I need to clean my shoes.,අයි නීඩ් ට ක්ලීන් මයි ෂූස්.,මට සපත්තු පිරිසිදු කරන්න ඕන.,intermediate
theres-mud-on-the-bottom,s-everyday-conversations,There's mud on the bottom.,දෙයාස් මඩ් ඔන් ද බොටම්.,යට පැත්තේ මඩ තියෙනවා.,beginner
leave-them-outside-for-now,s-everyday-conversations,Leave them outside for now.,ලීව් දෙම් අවුට්සයිඩ් ෆෝ නව්.,දැනට ඒවා එළියේ තියන්න.,beginner
let-the-mud-dry-first,s-everyday-conversations,Let the mud dry first.,ලෙට් ද මඩ් ඩ්‍රයි ෆර්ස්ට්.,මුලින් මඩ වේලෙන්න දෙන්න.,beginner
then-brush-it-off,s-everyday-conversations,Then brush it off.,දෙන් බ්‍රෂ් ඉට් ඔෆ්.,ඊට පස්සේ බුරුසුවෙන් අයින් කරන්න.,beginner
use-an-old-toothbrush,s-everyday-conversations,Use an old toothbrush.,යූස් ඇන් ඕල්ඩ් ටූත්බ්‍රෂ්.,පරණ දත් බුරුසුවක් භාවිත කරන්න.,beginner
that-works-really-well,s-everyday-conversations,That works really well.,දැට් වර්ක්ස් රියලි වෙල්.,ඒකෙන් හොඳට වැඩේ වෙනවා.,beginner
the-shoes-look-almost-new,s-everyday-conversations,The shoes look almost new.,ද ෂූස් ලුක් ඕල්මෝස්ට් නිව්.,සපත්තු අලුත් වගේ පේනවා.,beginner
let-them-dry-completely,s-everyday-conversations,Let them dry completely.,ලෙට් දෙම් ඩ්‍රයි කම්ප්ලීට්ලි.,ඒවා සම්පූර්ණයෙන්ම වේලෙන්න දෙන්න.,beginner
dont-wear-them-while-theyre-wet,s-everyday-conversations,Don't wear them while they're wet.,ඩෝන්ට් වෙයා දෙම් වයිල් දෙයාර් වෙට්.,තෙත තියෙද්දී ඒවා දාන්න එපා.,intermediate
i-need-to-find-a-taxi,s-transportation,I need to find a taxi.,අයි නීඩ් ට ෆයින්ඩ් අ ටැක්සි.,මට ටැක්සියක් හොයාගන්න ඕන.,intermediate
there-are-some-near-the-entrance,s-everyday-conversations,There are some near the entrance.,දෙයා ආර් සම් නියර් දි එන්ට්‍රන්ස්.,ඇතුළුවෙන තැන ළඟ කිහිපයක් තියෙනවා.,intermediate
ask-how-much-it-costs-first,s-everyday-conversations,Ask how much it costs first.,ආස්ක් හව් මච් ඉට් කොස්ට්ස් ෆර්ස්ට්.,මුලින් ගාණ කීයද කියලා අහන්න.,intermediate
does-the-meter-work,s-work-office,Does the meter work?,ඩස් ද මීටර් වර්ක්?,ගාස්තු මීටරය වැඩ කරනවද?,beginner
please-turn-the-meter-on,s-making-requests,Please turn the meter on.,ප්ලීස් ටර්න් ද මීටර් ඔන්.,කරුණාකර මීටරය ක්‍රියාත්මක කරන්න.,beginner
take-the-main-road,s-everyday-conversations,Take the main road.,ටේක් ද මේන් රෝඩ්.,ප්‍රධාන පාරෙන් යන්න.,beginner
avoid-the-busy-street,s-everyday-conversations,Avoid the busy street.,අවොයිඩ් ද බිසි ස්ට්‍රීට්.,වාහන තදබදය වැඩි පාර මඟහරින්න.,beginner
this-route-is-usually-faster,s-transportation,This route is usually faster.,දිස් රූට් ඉස් යූෂුවලි ෆාස්ටර්.,සාමාන්‍යයෙන් මේ පාර ඉක්මන්.,beginner
stop-near-that-building,s-transportation,Stop near that building.,ස්ටොප් නියර් දැට් බිල්ඩිං.,අර ගොඩනැගිල්ල ළඟ නවත්වන්න.,beginner
you-can-drop-me-here,s-everyday-conversations,You can drop me here.,යූ කැන් ඩ්‍රොප් මී හියර්.,මට මෙතනින් බහින්න පුළුවන්.,beginner
how-much-is-the-fare,s-transportation,How much is the fare?,හව් මච් ඉස් ද ෆෙයා?,ගාස්තුව කීයද?,beginner
i-have-a-small-note,s-everyday-conversations,I have a small note.,අයි හැව් අ ස්මෝල් නෝට්.,මං ළඟ පොඩි නෝට්ටුවක් තියෙනවා.,beginner
do-you-need-change,s-banking-money,Do you need change?,ඩු යූ නීඩ් චේන්ජ්?,ඔයාට මාරු සල්ලි ඕනද?,beginner
no-this-amount-is-fine,s-everyday-conversations,"No, this amount is fine.","නෝ, දිස් අමවුන්ට් ඉස් ෆයින්.","නෑ, මේ මුදල හරි.",beginner
thanks-for-the-ride,s-thanking,Thanks for the ride.,තෑන්ක්ස් ෆෝ ද රයිඩ්.,ගෙනාවට ස්තුතියි.,beginner
have-a-safe-drive,s-everyday-conversations,Have a safe drive.,හැව් අ සේෆ් ඩ්‍රයිව්.,පරිස්සමින් රිය පදවන්න.,beginner
im-waiting-near-the-lobby,s-hotel,I'm waiting near the lobby.,අයිම් වේටිං නියර් ද ලොබි.,මං පිළිගැනීමේ ප්‍රදේශය ළඟ බලාගෙන ඉන්නවා.,beginner
come-down-when-youre-ready,s-everyday-conversations,Come down when you're ready.,කම් ඩවුන් වෙන් යෝර් රෙඩි.,ඔයා ලෑස්ති වුණාම පහළට එන්න.,beginner
im-coming-down-now,s-everyday-conversations,I'm coming down now.,අයිම් කමින් ඩවුන් නව්.,මං දැන් පහළට එනවා.,beginner
take-the-elevator,s-everyday-conversations,Take the elevator.,ටේක් දි එලිවේටර්.,විදුලි සෝපානයෙන් එන්න.,beginner
its-on-the-ground-floor,s-everyday-conversations,It's on the ground floor.,ඉට්ස් ඔන් ද ග්‍රවුන්ඩ් ෆ්ලෝර්.,ඒක බිම් මහලේ තියෙනවා.,beginner
press-the-button-once,s-everyday-conversations,Press the button once.,ප්‍රෙස් ද බටන් වන්ස්.,බොත්තම එක පාරක් ඔබන්න.,beginner
the-elevator-is-coming-down,s-everyday-conversations,The elevator is coming down.,දි එලිවේටර් ඉස් කමින් ඩවුන්.,විදුලි සෝපානය පහළට එනවා.,beginner
let-these-people-get-out-first,s-everyday-conversations,Let these people get out first.,ලෙට් දීස් පීපල් ගෙට් අවුට් ෆර්ස්ට්.,මුලින් මේ අයට එළියට එන්න දෙන්න.,intermediate
now-we-can-get-in,s-everyday-conversations,Now we can get in.,නව් වී කැන් ගෙට් ඉන්.,දැන් අපිට ඇතුළට යන්න පුළුවන්.,beginner
which-floor-do-you-need,s-everyday-conversations,Which floor do you need?,විච් ෆ්ලෝර් ඩු යූ නීඩ්?,ඔයාට යන්න ඕන මොන මහලටද?,beginner
press-number-five,s-everyday-conversations,Press number five.,ප්‍රෙස් නම්බර් ෆයිව්.,අංක පහ ඔබන්න.,beginner
were-almost-there,s-everyday-conversations,We're almost there.,වීර් ඕල්මෝස්ට් දෙයාර්.,අපි එතනට ළඟයි.,beginner
this-is-our-floor,s-everyday-conversations,This is our floor.,දිස් ඉස් අවර් ෆ්ලෝර්.,මේ තමයි අපේ මහල.,beginner
the-office-is-down-the-hall,s-work-office,The office is down the hall.,දි ඔෆිස් ඉස් ඩවුන් ද හෝල්.,කාර්යාලය මේ කොරිඩෝව දිගේ ඉස්සරහට.,intermediate
i-need-to-speak-to-the,s-work-office,I need to speak to the manager.,අයි නීඩ් ට ස්පීක් ට ද මැනේජර්.,මට කළමනාකරු එක්ක කතා කරන්න ඕන.,intermediate
do-you-have-an-appointment,s-doctor-health,Do you have an appointment?,ඩු යූ හැව් ඇන් අපොයින්ට්මන්ට්?,ඔයා හමුවීමක් වෙන් කරගෙන තියෙනවද?,beginner
no-i-dont,s-everyday-conversations,"No, I don't.","නෝ, අයි ඩෝන්ට්.",නෑ.,beginner
i-only-need-a-few-minutes,s-meetings,I only need a few minutes.,අයි ඕන්ලි නීඩ් අ ෆියු මිනිට්ස්.,මට විනාඩි කිහිපයක් විතරයි ඕන.,intermediate
ill-see-if-hes-available,s-everyday-conversations,I'll see if he's available.,අයිල් සී ඉෆ් හීස් අවේලබල්.,එයාට දැන් වෙලාව තියෙනවද කියලා මං බලන්නම්.,beginner
please-take-a-seat,s-making-requests,Please take a seat.,ප්ලීස් ටේක් අ සීට්.,කරුණාකර වාඩි වෙන්න.,beginner
hell-be-with-you-shortly,s-everyday-conversations,He'll be with you shortly.,හීල් බී විත් යූ ෂෝට්ලි.,එයා ටිකකින් ඔයාව හම්බවෙයි.,beginner
thank-you-ill-wait,s-thanking,"Thank you, I'll wait.","තෑන්ක් යූ, අයිල් වේට්.","ස්තුතියි, මං බලාගෙන ඉන්නම්.",beginner
hes-ready-to-see-you-now,s-everyday-conversations,He's ready to see you now.,හීස් රෙඩි ට සී යූ නව්.,එයා දැන් ඔයාව හම්බවෙන්න ලෑස්තියි.,intermediate
you-can-go-in,s-everyday-conversations,You can go in.,යූ කැන් ගෝ ඉන්.,ඔයාට ඇතුළට යන්න පුළුවන්.,beginner
i-just-wanted-to-ask-about,s-everyday-conversations,I just wanted to ask about this.,අයි ජස්ට් වොන්ටිඩ් ට ආස්ක් අබවුට් දිස්.,මට මේ ගැන පොඩ්ඩක් අහන්නයි ඕන වුණේ.,intermediate
let-me-have-a-look,s-everyday-conversations,Let me have a look.,ලෙට් මී හැව් අ ලුක්.,මට ඒක බලන්න දෙන්න.,beginner
i-think-we-can-fix-this,s-everyday-conversations,I think we can fix this.,අයි තිංක් වී කැන් ෆික්ස් දිස්.,මං හිතන්නේ අපිට මේක හදන්න පුළුවන්.,intermediate
what-do-i-need-to-do,s-asking-questions,What do I need to do?,වොට් ඩු අයි නීඩ් ට ඩූ?,මං මොනවාද කරන්න ඕන?,intermediate
fill-out-this-form-first,s-everyday-conversations,Fill out this form first.,ෆිල් අවුට් දිස් ෆෝම් ෆර්ස්ට්.,මුලින් මේ පෝරමය පුරවන්න.,beginner
use-capital-letters-please,s-making-requests,"Use capital letters, please.","යූස් කැපිටල් ලෙටර්ස්, ප්ලීස්.",කරුණාකර ලොකු අකුරින් ලියන්න.,beginner
write-your-phone-number-here,s-phone-conversations,Write your phone number here.,රයිට් යෝර් ෆෝන් නම්බර් හියර්.,ඔයාගේ දුරකථන අංකය මෙතන ලියන්න.,beginner
put-your-signature-here,s-everyday-conversations,Put your signature here.,පුට් යෝර් සිග්නචර් හියර්.,ඔයාගේ අත්සන මෙතන දාන්න.,beginner
is-that-everything,s-asking-questions,Is that everything?,ඉස් දැට් එව්රිතිං?,එච්චරද කරන්න තියෙන්නේ?,beginner
yes-thats-all-for-now,s-everyday-conversations,"Yes, that's all for now.","යෙස්, දැට්ස් ඕල් ෆෝ නව්.","ඔව්, දැනට එච්චරයි.",beginner
when-should-i-come-back,s-asking-questions,When should I come back?,වෙන් ෂුඩ් අයි කම් බැක්?,මං ආයෙ කවද්ද එන්න ඕන?,beginner
come-back-next-week,s-making-plans,Come back next week.,කම් බැක් නෙක්ස්ට් වීක්.,ඊළඟ සතියේ ආයෙ එන්න.,beginner
which-day-would-be-best,s-everyday-conversations,Which day would be best?,විච් ඩේ වුඩ් බී බෙස්ට්?,මොන දවසද හොඳම?,beginner
tuesday-morning-would-be-fine,s-everyday-conversations,Tuesday morning would be fine.,ටියුස්ඩේ මෝනිං වුඩ් බී ෆයින්.,අඟහරුවාදා උදේ හොඳයි.,beginner
ill-come-around-ten,s-everyday-conversations,I'll come around ten.,අයිල් කම් අරවුන්ඩ් ටෙන්.,මං දහයට වගේ එන්නම්.,beginner
bring-this-paper-with-you,s-everyday-conversations,Bring this paper with you.,බ්‍රිං දිස් පේපර් විත් යූ.,මේ කඩදාසියත් අරගෙන එන්න.,beginner
ill-keep-it-safely,s-everyday-conversations,I'll keep it safely.,අයිල් කීප් ඉට් සේෆ්ලි.,මං ඒක ආරක්ෂිතව තියාගන්නම්.,beginner
youre-welcome,s-everyday-conversations,You're welcome.,යෝර් වෙල්කම්.,ඒකට කමක් නෑ./ ස්තුතිය පිලිගන්නවා,beginner
see-you-again-next-week,s-making-plans,See you again next week.,සී යූ අගේන් නෙක්ස්ට් වීක්.,ඊළඟ සතියේ ආයෙ හම්බවෙමු.,beginner
wouldnt-you-like-to-know,s-asking-questions,Wouldn't you like to know?,වුඩ්න්ට් යූ ලයික් ට නෝ?,ඔයාට ඒක දැනගන්න හරි ආසයි නේද? / ඒක නම් මං කියන්නේ නෑ.,beginner
wouldnt-you-know-it,s-asking-questions,Wouldn't you know it?,වුඩ්න්ට් යූ නෝ ඉට්?,හිතුවා වගේම ඒකත් වුණානේ!,beginner
dont-you-even-think-about-it,s-everyday-conversations,Don't you even think about it.,ඩෝන්ට් යූ ඊවන් තින්ක් අබවුට් ඉට්.,ඒක කරන්න තියා හිතන්නවත් එපා.,intermediate
whats-that-supposed-to-mean,s-asking-questions,What's that supposed to mean?,වට්ස් දැට් සපෝස්ට් ට මීන්?,ඒකෙන් මොකක්ද කියන්න හදන්නේ?,beginner
who-do-you-think-youre-kidding,s-asking-questions,Who do you think you're kidding?,හූ ඩූ යූ තින්ක් යර් කිඩින්?,ඔයා හිතන්නේ කාවද ඔය රවට්ටන්නේ?,intermediate
who-wouldve-thought,s-asking-questions,Who would've thought?,හූ වුඩව් තෝට්?,කවුද හිතුවේ මෙහෙම වෙයි කියලා?,beginner
how-should-i-know,s-asking-questions,How should I know?,හව් ෂුඩයි නෝ?,මං කොහොමද ඒක දන්නේ?,beginner
why-would-i-do-that,s-asking-questions,Why would I do that?,වයි වුඩයි ඩූ දැට්?,මං මොකටද එහෙම කරන්නේ?,beginner
why-wouldnt-i,s-asking-questions,Why wouldn't I?,වයි වුඩ්න්ට් අයි?,ඇයි මං නොකර ඉන්නේ?,beginner
why-should-i-care,s-asking-questions,Why should I care?,වයි ෂුඩයි කෙයාර්?,මං මොකටද ඒ ගැන වද වෙන්නේ?,beginner
why-bother,s-asking-questions,Why bother?,වයි බාදර්?,මොකටද නිකන් මහන්සි වෙන්නේ?,beginner
what-do-you-take-me-for,s-asking-questions,What do you take me for?,වට් ඩූ යූ ටේක් මී ෆෝර්?,ඔයා මං කවුරු කියලද හිතාගෙන ඉන්නේ?,intermediate
do-i-look-like-i-care,s-asking-questions,Do I look like I care?,ඩූ අයි ලුක් ලයික් අයි කෙයාර්?,මං ඒ ගැන ගණන් ගන්නවා වගේ පේනවද?,intermediate
do-you-really-expect-me-to,s-asking-questions,Do you really expect me to believe that?,ඩූ යූ රියලි එක්ස්පෙක්ට් මී ට බිලීව් දැට්?,ඇත්තටම ඔයා හිතනවද මං ඕක විශ්වාස කරයි කියලා?,intermediate
youve-got-to-be-kidding-me,s-everyday-conversations,You've got to be kidding me.,යුව් ගාට් ට බී කිඩින් මී.,ඔයා විහිළු කරනවා වෙන්න ඕනේ!,intermediate
you-cant-be-serious,s-everyday-conversations,You can't be serious.,යූ කෑන්ට් බී සීරියස්.,ඔයා මේක ඇත්තටම කියනවා වෙන්න බෑ.,beginner
are-you-for-real,s-asking-questions,Are you for real?,ආර් යූ ෆර් රියල්?,ඔයා ඇත්තටමද ඔය කියන්නේ?,beginner
is-that-so,s-asking-questions,Is that so?,ඉස් දැට් සෝ?,ආ... එහෙමද?,beginner
you-dont-say,s-everyday-conversations,You don't say.,යූ ඩෝන්ට් සේ.,අනේ ඇත්තද! / එහෙමත් එකක්ද!,beginner
tell-me-something-i-dont-know,s-everyday-conversations,Tell me something I don't know.,ටෙල් මී සම්තිං අයි ඩෝන්ට් නෝ.,මං නොදන්න දෙයක් කියන්නකෝ.,intermediate
what-else-is-new,s-asking-questions,What else is new?,වට් එල්ස් ඉස් නිව්?,ඕක ඉතින් අලුත් දෙයක්ද?,beginner
what-did-you-expect,s-asking-questions,What did you expect?,වට් ඩිඩ් යූ එක්ස්පෙක්ට්?,ඉතින් ඔයා වෙන මොනවා වෙයි කියලද හිතුවේ?,beginner
what-are-the-odds,s-asking-questions,What are the odds?,වට් ආර් දි ඔඩ්ස්?,මේ වගේ දෙයක් වෙන්න තියෙන ඉඩ කොච්චර අඩුද!,beginner
what-have-you-got-to-lose,s-asking-questions,What have you got to lose?,වට් හැව් යූ ගාට් ට ලූස්?,උත්සාහ කරලා ඔයාට නැතිවෙන්න තියෙන්නේ මොනවද?,intermediate
what-more-could-you-ask-for,s-making-requests,What more could you ask for?,වට් මෝර් කුඩ් යූ ආස්ක් ෆෝර්?,මේකට වඩා තව මොනවද ඕනේ?,intermediate
could-it-get-any-worse,s-asking-questions,Could it get any worse?,කුඩ් ඉට් ගෙට් එනි වර්ස්?,මේක තවත් නරක වෙන්න පුළුවන්ද?,beginner
could-you-be-any-more-obvious,s-making-requests,Could you be any more obvious?,කුඩ් යූ බී එනි මෝර් ඔබ්වියස්?,ඔයා කරන දේ තව ටිකක් පැහැදිලිව පේන්න කරන්න බැරිද!,intermediate
couldnt-have-said-it-better-myself,s-everyday-conversations,Couldn't have said it better myself.,කුඩ්න්ට් හැව් සෙඩ් ඉට් බෙටර් මයිසෙල්ෆ්.,මං කිව්වත් ඔයිට වඩා හොඳට කියන්න බෑ.,intermediate
i-wouldnt-bet-on-it,s-everyday-conversations,I wouldn't bet on it.,අයි වුඩ්න්ට් බෙට් ඔන් ඉට්.,ඒක වෙයි කියලා මං නම් විශ්වාසයෙන් කියන්නේ නෑ.,beginner
i-wouldnt-go-that-far,s-everyday-conversations,I wouldn't go that far.,අයි වුඩ්න්ට් ගෝ දැට් ෆාර්.,මං නම් ඔච්චර දුරට ඒක කියන්නේ නෑ.,beginner
i-wouldnt-put-it-past-him,s-everyday-conversations,I wouldn't put it past him.,අයි වුඩ්න්ට් පුට් ඉට් පාස්ට් හිම්.,එයා එහෙම දෙයක් කළත් මං පුදුම වෙන්නේ නෑ.,intermediate
you-wouldnt-dare,s-everyday-conversations,You wouldn't dare.,යූ වුඩ්න්ට් ඩෙයාර්.,ඔයාට ඕක කරන්න තරම් හයියක් නෑ.,beginner
you-wouldnt-happen-to-know-would,s-making-requests,"You wouldn't happen to know, would you?","යූ වුඩ්න්ට් හැපන් ට නෝ, වුඩ් යූ?",ඔයා අහම්බෙන්වත් මේක දන්නවද?,intermediate
you-wouldnt-mind-helping-me-would,s-making-requests,"You wouldn't mind helping me, would you?","යූ වුඩ්න්ට් මයින්ඩ් හෙල්පින් මී, වුඩ් යූ?",මට පොඩ්ඩක් උදව් කළාට කමක් නැහැ නේද?,intermediate
would-it-kill-you-to-smile,s-asking-questions,Would it kill you to smile?,වුඩ් ඉට් කිල් යූ ට ස්මයිල්?,ටිකක් හිනා වුණා කියලා මැරෙනවද?,intermediate
would-it-hurt-to-ask,s-doctor-health,Would it hurt to ask?,වුඩ් ඉට් හර්ට් ට ආස්ක්?,අහලා බැලුවා කියලා මොනවා වෙනවද?,beginner
would-that-be-too-much-to,s-asking-questions,Would that be too much to ask?,වුඩ් දැට් බී ටූ මච් ට ආස්ක්?,ඒක ඉල්ලන එක එච්චර ලොකු ඉල්ලීමක්ද?,intermediate
since-when-do-you-care,s-everyday-conversations,Since when do you care?,සින්ස් වෙන් ඩූ යූ කෙයාර්?,කවදා ඉඳන්ද ඔයා ඒ ගැන ඔච්චර ගණන් ගන්නේ?,beginner
since-when-was-that-a-problem,s-problems-complaints,Since when was that a problem?,සින්ස් වෙන් වස් දැට් අ ප්‍රොබ්ලම්?,කවදා ඉඳන්ද ඕක ප්‍රශ්නයක් වුණේ?,intermediate
and-what-exactly-is-your-point,s-agreeing-disagreeing,And what exactly is your point?,ඇන්ඩ් වට් එක්සැක්ට්ලි ඉස් යර් පොයින්ට්?,"හරි, ඔයා ඇත්තටම කියන්න හදන කාරණේ මොකක්ද?",intermediate
and-why-exactly-would-i-do,s-agreeing-disagreeing,And why exactly would I do that?,ඇන්ඩ් වයි එක්සැක්ට්ලි වුඩයි ඩූ දැට්?,හරියටම මං මොකටද ඒක කරන්නේ?,intermediate
am-i-supposed-to-be-impressed,s-everyday-conversations,Am I supposed to be impressed?,ඇම් අයි සපෝස්ට් ට බී ඉම්ප්‍රෙස්ට්?,මං දැන් මේකට පුදුම වෙලා වර්ණනා කරන්නද ඕනේ?,intermediate
was-i-supposed-to-know-that,s-everyday-conversations,Was I supposed to know that?,වස් අයි සපෝස්ට් ට නෝ දැට්?,මං ඒක දැනගෙන ඉන්න ඕනෙද?,intermediate
how-was-i-supposed-to-know,s-asking-questions,How was I supposed to know?,හව් වස් අයි සපෝස්ට් ට නෝ?,මං කොහොමද ඒක දැනගන්නේ?,intermediate
what-could-possibly-go-wrong,s-problems-complaints,What could possibly go wrong?,වට් කුඩ් පොසිබ්ලි ගෝ රොන්ග්?,ඉතින් මොනවා වැරදෙන්නද පුළුවන්?,beginner
what-difference-does-it-make,s-asking-questions,What difference does it make?,වට් ඩිෆරන්ස් ඩස් ඉට් මේක්?,ඒකෙන් ඇති වෙනස මොකක්ද?,beginner
whats-it-to-you,s-asking-questions,What's it to you?,වට්ස් ඉට් ට යූ?,ඒකෙන් ඔයාට මොකද?,beginner
whats-gotten-into-you,s-asking-questions,What's gotten into you?,වට්ස් ගාටන් ඉන්ටු යූ?,ඔයාට අද මොනවා වෙලාද?,beginner
what-were-you-thinking,s-asking-questions,What were you thinking?,වට් වර් යූ තින්කින්?,ඔයා මොනවා හිතාගෙනද ඒක කළේ?,beginner
have-you-lost-your-mind,s-asking-questions,Have you lost your mind?,හැව් යූ ලොස්ට් යර් මයින්ඩ්?,ඔයාට පිස්සු හැදිලද?,beginner
who-asked-you,s-asking-questions,Who asked you?,හූ ආස්ක්ට් යූ?,කවුද ඔයාගෙන් ඇහුවේ?,beginner
who-says-i-cant,s-asking-questions,Who says I can't?,හූ සේස් අයි කෑන්ට්?,මට බෑ කියන්නේ කවුද?,beginner
says-who,s-everyday-conversations,Says who?,සේස් හූ?,එහෙම කියන්නේ කවුද?,beginner
why-am-i-not-surprised,s-asking-questions,Why am I not surprised?,වයි ඇම් අයි නාට් සප්‍රයිස්ඩ්?,මට පුදුම නොහිතෙන එක පුදුමයක් නෙවෙයිනේ!,beginner
why-does-that-not-surprise-me,s-asking-questions,Why does that not surprise me?,වයි ඩස් දැට් නාට් සප්‍රයිස් මී?,ඕක අහලා මට පොඩ්ඩක්වත් පුදුම නැත්තේ ඇයි කියලා හිතාගන්න පුළුවන්.,intermediate
how-convenient,s-everyday-conversations,How convenient.,හව් කන්වීනියන්ට්.,"අනේ, හරිම පහසු විදිහට වැඩේ වෙලා තියෙනවනේ! (බොහෝ වෙලාවට sarcastic.)",beginner
how-original,s-everyday-conversations,How original.,හව් ඔරිජිනල්.,"අනේ, හරිම අලුත් අදහසක්නේ! (ඇත්තටම අලුත් නැති දෙයක් ගැන sarcastic විදිහට.)",beginner
nice-try,s-everyday-conversations,Nice try.,නයිස් ට්‍රයි.,හොඳ උත්සාහයක්... ඒත් මං අහුවෙන්නේ නෑ.,beginner
good-luck-with-that,s-everyday-conversations,Good luck with that.,ගුඩ් ලක් විත් දැට්.,"හරි එහෙනම්, ඕක කරලා බලන්නකෝ!",beginner
keep-telling-yourself-that,s-everyday-conversations,Keep telling yourself that.,කීප් ටෙලින් යර්සෙල්ෆ් දැට්.,ඔයාට සැනසෙන්න ඕකම හිතාගෙන ඉන්න.,beginner
whatever-helps-you-sleep-at-night,s-home,Whatever helps you sleep at night.,වටෙවර් හෙල්ප්ස් යූ ස්ලීප් ඇට් නයිට්.,ඔයාගේ හිත හදාගන්න ඒක උදව් වෙනවා නම් එහෙම හිතාගන්න.,intermediate
if-you-say-so,s-everyday-conversations,If you say so.,ඉෆ් යූ සේ සෝ.,ඔයා එහෙම කියනවා නම් ඉතින් එහෙම වෙන්න ඇති.,beginner
if-thats-what-you-want-to,s-everyday-conversations,If that's what you want to believe.,ඉෆ් දැට්ස් වට් යූ වෝන්ට් ට බිලීව්.,"ඔයාට විශ්වාස කරන්න ඕනේ ඒක නම්, එහෙම හිතාගන්න.",intermediate
dont-get-me-started,s-everyday-conversations,Don't get me started.,ඩෝන්ට් ගෙට් මී ස්ටාර්ටිඩ්.,ඒ ගැන කතා කරන්න ගත්තොත් නවත්තන්න බැරි වෙයි.,beginner
dont-even-get-me-started-on,s-everyday-conversations,Don't even get me started on that.,ඩෝන්ට් ඊවන් ගෙට් මී ස්ටාර්ටිඩ් ඔන් දැට්.,ඕක ගැන නම් මාව කතා කරන්න පටන් ගන්නවන්නවත් එපා.,intermediate
you-have-no-idea,s-everyday-conversations,You have no idea.,යූ හැව් නෝ අයිඩියා.,ඔයාට හිතාගන්නවත් බෑ.,beginner
you-have-no-idea-what-youre,s-everyday-conversations,You have no idea what you're getting into.,යූ හැව් නෝ අයිඩියා වට් යර් ගෙටින් ඉන්ටු.,ඔයා මේ පැටලෙන්න යන්නේ මොන වගේ දෙයකටද කියලා ඔයාට තේරෙන්නේ නෑ.,intermediate
you-dont-know-the-half-of,s-everyday-conversations,You don't know the half of it.,යූ ඩෝන්ට් නෝ ද හාෆ් ඔව් ඉට්.,ඔයා දන්නේ මේ කතාවෙන් බාගයක්වත් නෙවෙයි.,intermediate
youre-one-to-talk,s-everyday-conversations,You're one to talk.,යර් වන් ට ටෝක්.,"අනේ, ඔයාමද ඒක කියන්නේ!",beginner
look-whos-talking,s-everyday-conversations,Look who's talking.,ලුක් හූස් ටෝකින්.,අනේ බලන්නකෝ ඒක කියන කෙනා!,beginner
thats-rich-coming-from-you,s-everyday-conversations,That's rich coming from you.,දැට්ස් රිච් කමින් ෆ්‍රම් යූ.,ඔයාගෙන්ම ඕක අහන්න ලැබෙන එක නම් මාරයි!,beginner
thats-easy-for-you-to-say,s-everyday-conversations,That's easy for you to say.,දැට්ස් ඊසි ෆර් යූ ට සේ.,ඔයාට නම් ඕක කියන්න ලේසියි.,intermediate
you-can-say-that-again,s-everyday-conversations,You can say that again.,යූ කැන් සේ දැට් අගේන්.,අන්න ඒක නම් සම්පූර්ණ ඇත්ත.,beginner
you-said-it-not-me,s-everyday-conversations,"You said it, not me.","යූ සෙඩ් ඉට්, නාට් මී.","ඒක කිව්වේ ඔයා හොඳේ, මං නෙවෙයි.",beginner
far-be-it-from-me-to,s-everyday-conversations,Far be it from me to judge.,ෆාර් බී ඉට් ෆ්‍රම් මී ට ජජ්.,මං කවුද ඉතින් අනිත් අයව විනිශ්චය කරන්න?,intermediate
who-am-i-to-judge,s-asking-questions,Who am I to judge?,හූ ඇම් අයි ට ජජ්?,මං කවුද කෙනෙක්ව විනිශ්චය කරන්න?,beginner
who-am-i-to-stop-you,s-transportation,Who am I to stop you?,හූ ඇම් අයි ට ස්ටාප් යූ?,ඔයාව නවත්තන්න මං කවුද?,intermediate
what-do-i-know,s-asking-questions,What do I know?,වට් ඩූ අයි නෝ?,මං ඉතින් මොනවා දන්නවද?,beginner
dont-look-at-me,s-everyday-conversations,Don't look at me.,ඩෝන්ට් ලුක් ඇට් මී.,මං දිහා බලන්න එපා; මං නම් දන්නේ නෑ.,beginner
beats-me,s-everyday-conversations,Beats me.,බීට්ස් මී.,මට නම් හිතාගන්න බෑ.,beginner
your-guess-is-as-good-as,s-everyday-conversations,Your guess is as good as mine.,යර් ගෙස් ඉස් ඇස් ගුඩ් ඇස් මයින්.,ඔයා දන්න තරමටම තමයි මාත් දන්නේ.,intermediate
dont-ask-me,s-everyday-conversations,Don't ask me.,ඩෝන්ට් ආස්ක් මී.,මගෙන් නම් අහන්න එපා; මං දන්නේ නෑ.,beginner
what-do-you-want-me-to,s-asking-questions,What do you want me to say?,වට් ඩූ යූ වොන්ට් මී ටු සේ?,මං මොනවා කියන්නද ඔයාට ඕනේ?,intermediate
what-do-you-want-from-me,s-asking-questions,What do you want from me?,වට් ඩූ යූ වෝන්ට් ෆ්‍රම් මී?,ඉතින් ඔයාට මගෙන් මොනවද ඕනේ?,intermediate
what-was-i-thinking,s-asking-questions,What was I thinking?,වට් වස් අයි තින්කින්?,මං මොනවා හිතාගෙනද ඒක කළේ!,beginner
would-it-make-any-difference,s-asking-questions,Would it make any difference?,වුඩ් ඉට් මේක් එනි ඩිෆරන්ස්?,ඒක කළා කියලා ඇත්තටම වෙනසක් වෙයිද?,beginner
would-you-believe-me-if-i,s-making-requests,Would you believe me if I told you?,වුඩ් යූ බිලීව් මී ඉෆ් අයි ටෝල්ඩ් යූ?,මං කිව්වොත් ඔයා මාව විශ්වාස කරනවද?,intermediate
would-you-look-at-that,s-making-requests,Would you look at that!,වුඩ් යූ ලුක් ඇට් දැට්!,"අඩේ, මේක බලන්නකෝ!",beginner
would-you-listen-to-yourself,s-making-requests,Would you listen to yourself?,වුඩ් යූ ලිසන් ට යර්සෙල්ෆ්?,ඔයා කියන දේ ඔයාටම ඇහෙනවද?,beginner
could-you-not,s-making-requests,Could you not?,කුඩ් යූ නාට්?,ඕක නොකර ඉන්න බැරිද?,beginner
do-you-mind,s-asking-questions,Do you mind?,ඩූ යූ මයින්ඩ්?,පොඩ්ඩක් ඕක නවත්තනවද? / ඉඩ දෙනවද?,beginner
must-you,s-everyday-conversations,Must you?,මස්ට් යූ?,ඕක අනිවාර්යයෙන්ම කරන්නම ඕනෙද?,beginner
need-i-say-more,s-everyday-conversations,Need I say more?,නීඩයි සේ මෝර්?,තව මං කියන්න ඕනෙද?( කාරණේ පැහැදිලියිනේ.),beginner
whats-not-to-like,s-asking-questions,What's not to like?,වට්ස් නාට් ට ලයික්?,මේකේ අකමැති වෙන්න තියෙන්නේ මොකක්ද?,beginner
how-could-i-say-no,s-asking-questions,How could I say no?,හව් කුඩයි සේ නෝ?,මේ වගේ දෙයකට මං කොහොමද බෑ කියන්නේ?,beginner
ill-wait-by-the-car,s-everyday-conversations,I'll wait by the car.,අයිල් වේට් බයි ද කාර්.,මං කාර් එක ළඟ බලාගෙන ඉන්නම්.,beginner
dont-forget-your-umbrella,s-everyday-conversations,Don't forget your umbrella.,ඩෝන්ට් ෆගෙට් යෝර් අම්බ්‍රෙලා.,ඔයාගේ කුඩේ අමතක කරන්න එපා.,beginner
the-sun-is-really-strong-today,s-everyday-conversations,The sun is really strong today.,ද සන් ඉස් රියලි ස්ට්‍රෝං ටුඩේ.,අද අව්ව ගොඩක් තදයි.,intermediate
lets-stay-in-the-shade,s-everyday-conversations,Let's stay in the shade.,ලෙට්ස් ස්ටේ ඉන් ද ෂේඩ්.,අපි සෙවණේ ඉමු.,beginner
i-need-to-buy-some-batteries,s-shopping,I need to buy some batteries.,අයි නීඩ් ට බයි සම් බැටරීස්.,මට බැටරි ටිකක් ගන්න ඕන.,intermediate
these-ones-are-too-expensive,s-banking-money,These ones are too expensive.,දීස් වන්ස් ආර් ටූ එක්ස්පෙන්සිව්.,මේවා ගණන් වැඩියි.,beginner
do-you-have-a-cheaper-brand,s-asking-questions,Do you have a cheaper brand?,ඩු යූ හැව් අ චීපර් බ්‍රෑන්ඩ්?,මේකට වඩා ලාභ වර්ගයක් තියෙනවද?,intermediate
i-only-need-one-pack,s-everyday-conversations,I only need one pack.,අයි ඕන්ලි නීඩ් වන් පැක්.,මට එක පැකට් එකක් විතරයි ඕන.,beginner
can-you-break-this-note,s-making-requests,Can you break this note?,කැන් යූ බ්‍රේක් දිස් නෝට්?,මේ ලොකු නෝට්ටුවට මාරු සල්ලි දෙන්න පුළුවන්ද?,beginner
i-dont-have-any-coins,s-everyday-conversations,I don't have any coins.,අයි ඩෝන්ට් හැව් එනි කොයින්ස්.,මං ළඟ කාසි නෑ.,beginner
keep-this-somewhere-dry,s-everyday-conversations,Keep this somewhere dry.,කීප් දිස් සම්වෙයා ඩ්‍රයි.,මේක වියළි තැනක තියාගන්න.,beginner
dont-leave-it-in-the-sun,s-everyday-conversations,Don't leave it in the sun.,ඩෝන්ට් ලීව් ඉට් ඉන් ද සන්.,මේක අව්වේ දාලා තියන්න එපා.,intermediate
this-box-is-empty,s-everyday-conversations,This box is empty.,දිස් බොක්ස් ඉස් එම්ප්ටි.,මේ පෙට්ටිය හිස්.,beginner
theres-another-one-upstairs,s-everyday-conversations,There's another one upstairs.,දෙයාස් අනදර් වන් අප්ස්ටෙයාර්ස්.,උඩ තට්ටුවේ තව එකක් තියෙනවා.,beginner
ill-bring-it-down,s-everyday-conversations,I'll bring it down.,අයිල් බ්‍රිං ඉට් ඩවුන්.,මං ඒක පහළට ගේන්නම්.,beginner
be-careful-on-the-stairs,s-everyday-conversations,Be careful on the stairs.,බී කෙයාෆුල් ඔන් ද ස්ටෙයාර්ස්.,පඩිපෙළේ යද්දී පරිස්සම් වෙන්න.,beginner
one-of-the-steps-is-loose,s-everyday-conversations,One of the steps is loose.,වන් ඔෆ් ද ස්ටෙප්ස් ඉස් ලූස්.,පඩියක් ටිකක් බුරුල් වෙලා.,intermediate
ill-get-it-fixed,s-everyday-conversations,I'll get it fixed.,අයිල් ගෙට් ඉට් ෆික්ස්ට්.,මං ඒක හදවගන්නම්.,beginner
the-tap-is-leaking-again,s-everyday-conversations,The tap is leaking again.,ද ටැප් ඉස් ලීකිං අගේන්.,ටැප් එකෙන් ආයෙත් වතුර කාන්දු වෙනවා.,beginner
turn-it-off-tightly,s-everyday-conversations,Turn it off tightly.,ටර්න් ඉට් ඔෆ් ටයිට්ලි.,ඒක හොඳට තද කරලා වහන්න.,beginner
theres-water-on-the-floor,s-everyday-conversations,There's water on the floor.,දෙයාස් වෝටර් ඔන් ද ෆ්ලෝර්.,බිම වතුර තියෙනවා.,beginner
grab-a-mop-please,s-making-requests,"Grab a mop, please.","ග්‍රැබ් අ මොප්, ප්ලීස්.",කරුණාකර බිම පිහින එක ගේන්න.,beginner
ill-wipe-it-up,s-everyday-conversations,I'll wipe it up.,අයිල් වයිප් ඉට් අප්.,මං ඒක පිහදාන්නම්.,beginner
the-bucket-is-outside,s-everyday-conversations,The bucket is outside.,ද බකට් ඉස් අවුට්සයිඩ්.,බාල්දිය එළියේ තියෙනවා.,beginner
fill-it-halfway,s-everyday-conversations,Fill it halfway.,ෆිල් ඉට් හාෆ්වේ.,ඒක බාගෙට පුරවන්න.,beginner
thats-too-much-water,s-everyday-conversations,That's too much water.,දැට්ස් ටූ මච් වෝටර්.,ඒ වතුර වැඩියි.,beginner
pour-some-out,s-everyday-conversations,Pour some out.,පෝර් සම් අවුට්.,ටිකක් හලන්න.,beginner
now-its-fine,s-everyday-conversations,Now it's fine.,නව් ඉට්ස් ෆයින්.,දැන් හරි.,beginner
the-broom-is-behind-the-door,s-home,The broom is behind the door.,ද බ්‍රූම් ඉස් බිහයින්ඩ් ද ඩෝර්.,කොස්ස දොර පිටිපස්සේ තියෙනවා.,intermediate
sweep-this-corner-too,s-everyday-conversations,Sweep this corner too.,ස්වීප් දිස් කෝනර් ටූ.,මේ කොනත් අතුගාන්න.,beginner
theres-something-under-the-bed,s-home,There's something under the bed.,දෙයාස් සම්තිං අන්ඩර් ද බෙඩ්.,ඇඳ යට මොනවාහරි තියෙනවා.,beginner
can-you-reach-it,s-making-requests,Can you reach it?,කැන් යූ රීච් ඉට්?,ඔයාට ඒක අත ගහලා ගන්න පුළුවන්ද?,beginner
i-need-something-longer,s-everyday-conversations,I need something longer.,අයි නීඩ් සම්තිං ලොන්ගර්.,මට තව දිග දෙයක් ඕන.,beginner
use-this-stick,s-everyday-conversations,Use this stick.,යූස් දිස් ස්ටික්.,මේ කෝටුව පාවිච්චි කරන්න.,beginner
i-got-it,s-everyday-conversations,I got it.,අයි ගොට් ඉට්.,මට ඒක හම්බවුණා.,beginner
it-was-just-an-old-sock,s-everyday-conversations,It was just an old sock.,ඉට් වස් ජස්ට් ඇන් ඕල්ඩ් සොක්.,ඒක පරණ මේස් එකක් විතරයි.,intermediate
throw-it-in-the-laundry-basket,s-everyday-conversations,Throw it in the laundry basket.,ත්‍රෝ ඉට් ඉන් ද ලොන්ඩ්‍රි බාස්කට්.,ඒක රෙදි දාන කූඩයට දාන්න.,intermediate
the-basket-is-almost-full,s-everyday-conversations,The basket is almost full.,ද බාස්කට් ඉස් ඕල්මෝස්ට් ෆුල්.,කූඩය පිරෙන්න ළඟයි.,beginner
ill-do-the-laundry-tonight,s-everyday-conversations,I'll do the laundry tonight.,අයිල් ඩූ ද ලොන්ඩ්‍රි ටුනයිට්.,අද රෑ මං රෙදි හෝදන්නම්.,beginner
separate-the-white-clothes,s-everyday-conversations,Separate the white clothes.,සෙපරේට් ද වයිට් ක්ලෝත්ස්.,සුදු ඇඳුම් වෙනම කරන්න.,beginner
this-one-might-shrink,s-everyday-conversations,This one might shrink.,දිස් වන් මයිට් ශ්‍රිංක්.,මේක හෝදද්දී කුඩා වෙන්න පුළුවන්.,beginner
wash-it-by-hand,s-home,Wash it by hand.,වොෂ් ඉට් බයි හෑන්ඩ්.,මේක අතින් හෝදන්න.,beginner
dont-use-too-much-soap,s-everyday-conversations,Don't use too much soap.,ඩෝන්ට් යූස් ටූ මච් සෝප්.,සබන් වැඩියෙන් දාන්න එපා.,beginner
rinse-it-well,s-everyday-conversations,Rinse it well.,රින්ස් ඉට් වෙල්.,හොඳට වතුරෙන් සෝදන්න.,beginner
hang-it-in-the-shade,s-everyday-conversations,Hang it in the shade.,හැං ඉට් ඉන් ද ෂේඩ්.,ඒක සෙවණේ වේලෙන්න දාන්න.,beginner
itll-dry-by-evening,s-everyday-conversations,It'll dry by evening.,ඉට්ල් ඩ්‍රයි බයි ඊවනිං.,හවස වෙද්දී ඒක වේලෙයි.,beginner
this-button-is-loose,s-everyday-conversations,This button is loose.,දිස් බටන් ඉස් ලූස්.,මේ බොත්තම බුරුල් වෙලා.,beginner
ill-sew-it-back-on,s-everyday-conversations,I'll sew it back on.,අයිල් සෝ ඉට් බැක් ඔන්.,මං ඒක ආයෙ මහලා දාන්නම්.,beginner
do-you-have-a-needle,s-asking-questions,Do you have a needle?,ඩු යූ හැව් අ නීඩ්ල්?,ඔයා ළඟ ඉඳිකටුවක් තියෙනවද?,beginner
theres-one-in-the-drawer,s-everyday-conversations,There's one in the drawer.,දෙයාස් වන් ඉන් ද ඩ්‍රෝවර්.,ලාච්චුවේ එකක් තියෙනවා.,beginner
i-need-some-black-thread,s-everyday-conversations,I need some black thread.,අයි නීඩ් සම් බ්ලැක් ත්‍රෙඩ්.,මට කළු නූල් ටිකක් ඕන.,beginner
this-color-is-close-enough,s-everyday-conversations,This color is close enough.,දිස් කලර් ඉස් ක්ලෝස් ඉනෆ්.,මේ පාටත් හොඳටම ගැළපෙනවා.,beginner
dont-cut-it-too-short,s-everyday-conversations,Don't cut it too short.,ඩෝන්ට් කට් ඉට් ටූ ෂෝට්.,ඒක වැඩියෙන් කොට කරන්න එපා.,beginner
leave-a-little-extra,s-everyday-conversations,Leave a little extra.,ලීව් අ ලිට්ල් එක්ස්ට්‍රා.,ටිකක් වැඩිපුර ඉතුරු කරන්න.,beginner
that-should-hold,s-everyday-conversations,That should hold.,දැට් ෂුඩ් හෝල්ඩ්.,ඒක දැන් හොඳට අල්ලගෙන තියෙයි.,beginner
try-it-on-again,s-everyday-conversations,Try it on again.,ට්‍රයි ඉට් ඔන් අගේන්.,ආයෙ ඇඳලා බලන්න.,beginner
it-feels-better-now,s-everyday-conversations,It feels better now.,ඉට් ෆීල්ස් බෙටර් නව්.,දැන් වඩා හොඳයි.,beginner
the-sleeve-is-too-long,s-everyday-conversations,The sleeve is too long.,ද ස්ලීව් ඉස් ටූ ලෝං.,අත දිග වැඩියි.,beginner
fold-it-up-once,s-everyday-conversations,Fold it up once.,ෆෝල්ඩ් ඉට් අප් වන්ස්.,එක පාරක් නවන්න.,beginner
that-looks-okay,s-everyday-conversations,That looks okay.,දැට් ලුක්ස් ඕකේ.,ඒක හොඳයි වගේ.,beginner
i-need-to-charge-my-headphones,s-everyday-conversations,I need to charge my headphones.,අයි නීඩ් ට චාජ් මයි හෙඩ්ෆෝන්ස්.,මට මගේ හෙඩ්ෆෝන් චාජ් කරන්න ඕන.,intermediate
the-cable-is-too-short,s-everyday-conversations,The cable is too short.,ද කේබල් ඉස් ටූ ෂෝට්.,කේබල් එක කොට වැඩියි.,beginner
use-the-extension-cord,s-everyday-conversations,Use the extension cord.,යූස් දි එක්ස්ටෙන්ෂන් කෝඩ්.,දිගුව විදුලි රැහැන පාවිච්චි කරන්න.,beginner
is-this-socket-working,s-asking-questions,Is this socket working?,ඉස් දිස් සොකට් වර්කිං?,මේ විදුලි සම්බන්ධකය වැඩ කරනවද?,beginner
try-the-one-beside-it,s-everyday-conversations,Try the one beside it.,ට්‍රයි ද වන් බිසයිඩ් ඉට්.,ඒක ළඟ තියෙන එකෙන් බලන්න.,beginner
the-light-just-came-on,s-everyday-conversations,The light just came on.,ද ලයිට් ජස්ට් කේම් ඔන්.,ලයිට් එක දැන් පත්තු වුණා.,beginner
its-charging-now,s-everyday-conversations,It's charging now.,ඉට්ස් චාජිං නව්.,දැන් ඒක චාජ් වෙනවා.,beginner
how-much-battery-is-left,s-asking-questions,How much battery is left?,හව් මච් බැටරි ඉස් ලෙෆ්ට්?,තව බැටරි කොච්චර තියෙනවද?,beginner
only-ten-percent,s-everyday-conversations,Only ten percent.,ඕන්ලි ටෙන් පර්සෙන්ට්.,සියයට දහයක් විතරයි.,beginner
that-should-last-a-while,s-everyday-conversations,That should last a while.,දැට් ෂුඩ් ලාස්ට් අ වයිල්.,ඒක ටික වෙලාවකට ඇති වෙයි.,beginner
lower-the-volume-a-little,s-everyday-conversations,Lower the volume a little.,ලෝවර් ද වොලියුම් අ ලිට්ල්.,සද්දෙ ටිකක් අඩු කරන්න.,beginner
its-too-loud-for-me,s-everyday-conversations,It's too loud for me.,ඉට්ස් ටූ ලවුඩ් ෆෝ මී.,මට ඒකේ සද්දෙ වැඩියි.,beginner
can-you-hear-it-now,s-making-requests,Can you hear it now?,කැන් යූ හියර් ඉට් නව්?,දැන් ඇහෙනවද?,beginner
the-screen-is-too-bright,s-technology,The screen is too bright.,ද ස්ක්‍රීන් ඉස් ටූ බ්‍රයිට්.,තිරයේ එළිය වැඩියි.,beginner
turn-the-brightness-down,s-everyday-conversations,Turn the brightness down.,ටර්න් ද බ්‍රයිට්නස් ඩවුන්.,තිරයේ එළිය අඩු කරන්න.,beginner
i-can-see-it-clearly-now,s-everyday-conversations,I can see it clearly now.,අයි කැන් සී ඉට් ක්ලියර්ලි නව්.,දැන් මට හොඳට පේනවා.,intermediate
my-phone-is-getting-hot,s-phone-conversations,My phone is getting hot.,මයි ෆෝන් ඉස් ගෙටිං හොට්.,මගේ ෆෝන් එක රත් වෙනවා.,beginner
stop-using-it-for-a-while,s-transportation,Stop using it for a while.,ස්ටොප් යූසිං ඉට් ෆෝ අ වයිල්.,ටික වෙලාවකට ඒක පාවිච්චි නොකර ඉන්න.,intermediate
let-it-cool-down,s-everyday-conversations,Let it cool down.,ලෙට් ඉට් කූල් ඩවුන්.,ඒක නිවෙන්න දෙන්න.,beginner
i-need-to-update-this-app,s-technology,I need to update this app.,අයි නීඩ් ට අප්ඩේට් දිස් ඇප්.,මට මේ යෙදුම අලුත්ම තත්ත්වයට ගන්න ඕන.,intermediate
it-needs-more-storage,s-everyday-conversations,It needs more storage.,ඉට් නීඩ්ස් මෝර් ස්ටෝරේජ්.,ඒකට තව ඉඩ ඕන.,beginner
delete-some-old-photos,s-everyday-conversations,Delete some old photos.,ඩිලීට් සම් ඕල්ඩ් ෆෝටෝස්.,පරණ පින්තූර ටිකක් මකන්න.,beginner
back-them-up-first,s-everyday-conversations,Back them up first.,බැක් දෙම් අප් ෆර්ස්ට්.,මුලින් ඒවා වෙනත් තැනක ආරක්ෂිතව තියාගන්න.,beginner
i-dont-need-these-anymore,s-everyday-conversations,I don't need these anymore.,අයි ඩෝන්ට් නීඩ් දීස් එනිමෝර්.,මට මේවා තව ඕන නෑ.,beginner
you-can-delete-them,s-everyday-conversations,You can delete them.,යූ කැන් ඩිලීට් දෙම්.,ඔයාට ඒවා මකන්න පුළුවන්.,beginner
my-storage-is-almost-full,s-everyday-conversations,My storage is almost full.,මයි ස්ටෝරේජ් ඉස් ඕල්මෝස්ට් ෆුල්.,මගේ ෆෝන් එකේ ඉඩ පිරෙන්න ළඟයි.,beginner
clear-some-space,s-everyday-conversations,Clear some space.,ක්ලියර් සම් ස්පේස්.,ටිකක් ඉඩ හිස් කරගන්න.,beginner
this-video-takes-up-a-lot,s-everyday-conversations,This video takes up a lot of space.,දිස් වීඩියෝ ටේක්ස් අප් අ ලොට් ඔෆ් ස්පේස්.,මේ වීඩියෝ එකෙන් ගොඩක් ඉඩ ගන්නවා.,intermediate
ill-move-it-to-my-computer,s-technology,I'll move it to my computer.,අයිල් මූව් ඉට් ට මයි කම්පියුටර්.,මං ඒක පරිගණකයට මාරු කරන්නම්.,intermediate
the-computer-is-starting-up,s-technology,The computer is starting up.,ද කම්පියුටර් ඉස් ස්ටාර්ටිං අප්.,පරිගණකය දැන් ක්‍රියාත්මක වෙමින් තියෙනවා.,beginner
its-taking-longer-than-usual,s-everyday-conversations,It's taking longer than usual.,ඉට්ස් ටේකිං ලොන්ගර් දෑන් යූෂුවල්.,සාමාන්‍යයට වඩා වැඩි වෙලාවක් යනවා.,beginner
wait-until-it-finishes-loading,s-everyday-conversations,Wait until it finishes loading.,වේට් අන්ටිල් ඉට් ෆිනිෂස් ලෝඩිං.,ඒක සම්පූර්ණයෙන් විවෘත වෙනකම් ඉන්න.,beginner
the-mouse-isnt-responding,s-everyday-conversations,The mouse isn't responding.,ද මවුස් ඉසන්ට් රිස්පොන්ඩිං.,මවුස් එක වැඩ කරන්නේ නෑ.,beginner
unplug-it-and-plug-it-back,s-everyday-conversations,Unplug it and plug it back in.,අන්ප්ලග් ඉට් ඇන්ඩ් ප්ලග් ඉට් බැක් ඉන්.,ඒක ගලවලා ආයෙ සම්බන්ධ කරන්න.,intermediate
its-working-again,s-everyday-conversations,It's working again.,ඉට්ස් වර්කිං අගේන්.,දැන් ආයෙ වැඩ කරනවා.,beginner
open-a-new-window,s-home,Open a new window.,ඕපන් අ නිව් වින්ඩෝ.,අලුත් කවුළුවක් අරින්න.,beginner
close-the-other-tab,s-everyday-conversations,Close the other tab.,ක්ලෝස් දි අදර් ටැබ්.,අනිත් පිටුව වහන්න.,beginner
i-accidentally-closed-it,s-everyday-conversations,I accidentally closed it.,අයි ඇක්සිඩෙන්ටලි ක්ලෝස්ඩ් ඉට්.,මට අහම්බෙන් ඒක වැහුණා.,beginner
you-can-reopen-it,s-everyday-conversations,You can reopen it.,යූ කැන් රීඕපන් ඉට්.,ඔයාට ඒක ආයෙ අරින්න පුළුවන්.,beginner
i-forgot-to-save-my-work,s-work-office,I forgot to save my work.,අයි ෆගොට් ට සේව් මයි වර්ක්.,මට කරපු වැඩේ සුරකින්න අමතක වුණා.,intermediate
maybe-it-saved-automatically,s-everyday-conversations,Maybe it saved automatically.,මේබි ඉට් සේව්ඩ් ඔටොමැටික්ලි.,සමහරවිට ඒක ඉබේම සුරැකිලා ඇති.,beginner
check-the-recent-files,s-everyday-conversations,Check the recent files.,චෙක් ද රීසන්ට් ෆයිල්ස්.,මෑතකදී භාවිත කළ ගොනු ටික බලන්න.,beginner
there-it-is,s-everyday-conversations,There it is.,දෙයා ඉට් ඉස්.,අන්න තියෙනවා.,beginner
that-was-lucky,s-everyday-conversations,That was lucky.,දැට් වස් ලකි.,වාසනාවට ඒක බේරුණා.,beginner
save-it-right-now,s-everyday-conversations,Save it right now.,සේව් ඉට් රයිට් නව්.,දැන්ම ඒක සුරකින්න.,beginner
give-the-file-a-clear-name,s-everyday-conversations,Give the file a clear name.,ගිව් ද ෆයිල් අ ක්ලියර් නේම්.,ගොනුවට පැහැදිලි නමක් දෙන්න.,intermediate
put-todays-date-in-the-name,s-everyday-conversations,Put today's date in the name.,පුට් ටුඩේස් ඩේට් ඉන් ද නේම්.,නමට අද දිනයත් දාන්න.,intermediate
thatll-make-it-easier-to-find,s-everyday-conversations,That'll make it easier to find.,දැට්ල් මේක් ඉට් ඊසියර් ට ෆයින්ඩ්.,එතකොට පස්සේ හොයාගන්න ලේසි වෙයි.,intermediate
ill-create-a-new-folder,s-everyday-conversations,I'll create a new folder.,අයිල් ක්‍රියේට් අ නිව් ෆෝල්ඩර්.,මං අලුත් ගොනුවක් තැබීමට ෆෝල්ඩරයක් හදන්නම්.,beginner
put-everything-in-there,s-everyday-conversations,Put everything in there.,පුට් එව්රිතිං ඉන් දෙයා.,හැම දෙයක්ම ඒක ඇතුළට දාන්න.,beginner
this-folder-is-for-work-only,s-work-office,This folder is for work only.,දිස් ෆෝල්ඩර් ඉස් ෆෝ වර්ක් ඕන්ලි.,මේ ෆෝල්ඩරය වැඩවලට විතරයි.,intermediate
dont-mix-the-files-up,s-everyday-conversations,Don't mix the files up.,ඩෝන්ට් මික්ස් ද ෆයිල්ස් අප්.,ගොනු ටික එකිනෙක පටලවන්න එපා.,beginner
sort-them-by-date,s-everyday-conversations,Sort them by date.,සෝට් දෙම් බයි ඩේට්.,දිනය අනුව ඒවා පිළිවෙළට දාන්න.,beginner
this-is-the-newest-one,s-everyday-conversations,This is the newest one.,දිස් ඉස් ද නිව්වස්ට් වන්.,මේක තමයි අලුත්ම එක.,beginner
use-this-version,s-everyday-conversations,Use this version.,යූස් දිස් වර්ෂන්.,මේ පිටපත භාවිත කරන්න.,beginner
the-older-one-has-mistakes,s-everyday-conversations,The older one has mistakes.,දි ඕල්ඩර් වන් හැස් මිස්ටේක්ස්.,පරණ එකේ වැරදි තියෙනවා.,beginner
i-already-corrected-them,s-everyday-conversations,I already corrected them.,අයි ඕල්රෙඩි කරෙක්ටඩ් දෙම්.,මං ඒවා දැනටමත් හදලා ඉවරයි.,beginner
check-the-final-page,s-everyday-conversations,Check the final page.,චෙක් ද ෆයිනල් පේජ්.,අන්තිම පිටුව බලන්න.,beginner
make-sure-nothing-is-missing,s-everyday-conversations,Make sure nothing is missing.,මේක් ෂුවර් නතිං ඉස් මිසිං.,මොකුත් අඩු නැද්ද කියලා බලන්න.,beginner
i-need-to-leave-early-tomorrow,s-making-plans,I need to leave early tomorrow.,අයි නීඩ් ට ලීව් අර්ලි ටුමොරෝ.,හෙට මට වේලාසනින් යන්න ඕන.,intermediate
probably-around-seven,s-everyday-conversations,Probably around seven.,ප්‍රොබබ්ලි අරවුන්ඩ් සෙවන්.,හත වගේ වෙද්දී වෙන්න ඇති.,beginner
thats-pretty-early,s-everyday-conversations,That's pretty early.,දැට්ස් ප්‍රිටි අර්ලි.,ඒක ගොඩක් වේලාසනයි.,beginner
i-want-to-avoid-the-traffic,s-transportation,I want to avoid the traffic.,අයි වොන්ට් ට අවොයිඩ් ද ට්‍රැෆික්.,මට වාහන තදබදය මඟහැරගන්න ඕන.,intermediate
that-makes-sense,s-everyday-conversations,That makes sense.,දැට් මේක්ස් සෙන්ස්.,ඒක තේරුමක් තියෙන දෙයක්.,beginner
pack-your-things-tonight,s-everyday-conversations,Pack your things tonight.,පැක් යෝර් තිංස් ටුනයිට්.,අද රෑම බඩු ටික අසුරගන්න.,beginner
ive-already-packed-most-of-it,s-everyday-conversations,I've already packed most of it.,අයිව් ඕල්රෙඩි පැක්ට් මෝස්ට් ඔෆ් ඉට්.,මං දැනටමත් වැඩි හරියක් අසුරලා.,intermediate
what-do-you-still-need,s-asking-questions,What do you still need?,වොට් ඩු යූ ස්ටිල් නීඩ්?,තව මොනවාද ඕන?,beginner
just-a-few-small-things,s-everyday-conversations,Just a few small things.,ජස්ට් අ ෆියු ස්මෝල් තිංස්.,පොඩි දේවල් කිහිපයක් විතරයි.,beginner
make-a-list-so-you-dont,s-everyday-conversations,Make a list so you don't forget.,මේක් අ ලිස්ට් සෝ යූ ඩෝන්ට් ෆගෙට්.,අමතක නොවෙන්න ලැයිස්තුවක් හදාගන්න.,intermediate
ill-write-one-now,s-everyday-conversations,I'll write one now.,අයිල් රයිට් වන් නව්.,මං දැන් එකක් ලියන්නම්.,beginner
put-your-id-at-the-top,s-everyday-conversations,Put your ID at the top.,පුට් යෝර් අයිඩී ඇට් ද ටොප්.,ඔයාගේ හැඳුනුම්පත මුලින්ම තියාගන්න.,intermediate
keep-your-money-in-a-safe,s-banking-money,Keep your money in a safe place.,කීප් යෝර් මනි ඉන් අ සේෆ් ප්ලේස්.,සල්ලි ආරක්ෂිත තැනක තියාගන්න.,intermediate
dont-carry-too-much-cash,s-banking-money,Don't carry too much cash.,ඩෝන්ට් කැරි ටූ මච් කැෂ්.,වැඩියෙන් මුදල් අරගෙන යන්න එපා.,beginner
take-a-small-bag-instead,s-everyday-conversations,Take a small bag instead.,ටේක් අ ස්මෝල් බැග් ඉන්ස්ටෙඩ්.,ඒ වෙනුවට පොඩි බෑග් එකක් ගන්න.,beginner
this-one-has-enough-pockets,s-everyday-conversations,This one has enough pockets.,දිස් වන් හැස් ඉනෆ් පොකට්ස්.,මේකේ ඇති තරම් සාක්කු තියෙනවා.,beginner
keep-the-important-things-close,s-everyday-conversations,Keep the important things close.,කීප් දි ඉම්පෝටන්ට් තිංස් ක්ලෝස්.,වැදගත් දේවල් ළඟින්ම තියාගන්න.,beginner
ill-carry-my-water-bottle-too,s-everyday-conversations,I'll carry my water bottle too.,අයිල් කැරි මයි වෝටර් බොටල් ටූ.,මං වතුර බෝතලයත් අරගෙන යන්නම්.,intermediate
thats-a-good-idea,s-everyday-conversations,That's a good idea.,දැට්ස් අ ගුඩ් අයිඩියා.,ඒක හොඳ අදහසක්.,beginner
the-train-is-already-here,s-transportation,The train is already here.,ද ට්‍රේන් ඉස් ඕල්රෙඩි හියර්.,දුම්රිය දැනටමත් ඇවිත්.,beginner
which-platform-do-we-need,s-transportation,Which platform do we need?,විච් ප්ලැට්ෆෝම් ඩු වී නීඩ්?,අපිට යන්න ඕන මොන වේදිකාවටද?,beginner
it-says-platform-three,s-transportation,It says platform three.,ඉට් සේස් ප්ලැට්ෆෝම් ත්‍රී.,මෙතන තියෙන්නේ තුන්වැනි වේදිකාව කියලා.,beginner
were-on-the-wrong-side,s-problems-complaints,We're on the wrong side.,වියර් ඔන් ද රෝං සයිඩ්.,අපි ඉන්නේ වැරදි පැත්තේ.,beginner
lets-use-the-footbridge,s-everyday-conversations,Let's use the footbridge.,ලෙට්ස් යූස් ද ෆුට්බ්‍රිජ්.,අපි පදික පාලමෙන් යමු.,beginner
hurry-we-dont-have-much-time,s-everyday-conversations,"Hurry, we don't have much time.","හරි, වී ඩෝන්ට් හැව් මච් ටයිම්.","ඉක්මන් කරන්න, අපිට වැඩි වෙලාවක් නෑ.",intermediate
we-made-it-just-in-time,s-everyday-conversations,We made it just in time.,වී මේඩ් ඉට් ජස්ට් ඉන් ටයිම්.,අපි හරියට වෙලාවටම ආවා.,intermediate
find-an-empty-seat,s-everyday-conversations,Find an empty seat.,ෆයින්ඩ් ඇන් එම්ප්ටි සීට්.,හිස් අසුනක් හොයාගන්න.,beginner
this-carriage-is-quieter,s-everyday-conversations,This carriage is quieter.,දිස් කැරිජ් ඉස් ක්වයිටර්.,මේ දුම්රිය මැදිරිය නිශ්ශබ්දයි.,beginner
lets-sit-by-the-window,s-home,Let's sit by the window.,ලෙට්ස් සිට් බයි ද වින්ඩෝ.,අපි ජනේලය ළඟ වාඩි වෙමු.,beginner
can-you-move-over-a-little,s-making-requests,Can you move over a little?,කැන් යූ මූව් ඕවර් අ ලිට්ල්?,ටිකක් එහාට වෙන්න පුළුවන්ද?,intermediate
theres-enough-space-now,s-everyday-conversations,There's enough space now.,දෙයාස් ඉනෆ් ස්පේස් නව්.,දැන් ඇති තරම් ඉඩ තියෙනවා.,beginner
put-your-bag-under-the-seat,s-everyday-conversations,Put your bag under the seat.,පුට් යෝර් බැග් අන්ඩර් ද සීට්.,ඔයාගේ බෑග් එක අසුන යට තියන්න.,intermediate
keep-an-eye-on-it,s-everyday-conversations,Keep an eye on it.,කීප් ඇන් අයි ඔන් ඉට්.,ඒක ගැන අවධානයෙන් ඉන්න.,beginner
i-think-this-is-our-station,s-transportation,I think this is our station.,අයි තිංක් දිස් ඉස් අවර් ස්ටේෂන්.,මං හිතන්නේ මේ තමයි අපි බහින්න ඕන දුම්රිය ස්ථානය.,intermediate
lets-get-ready-to-leave,s-everyday-conversations,Let's get ready to leave.,ලෙට්ස් ගෙට් රෙඩි ට ලීව්.,අපි බහින්න ලෑස්ති වෙමු.,beginner
take-your-bag-with-you,s-everyday-conversations,Take your bag with you.,ටේක් යෝර් බැග් විත් යූ.,ඔයාගේ බෑග් එකත් අරගෙන යන්න.,beginner
mind-the-gap,s-everyday-conversations,Mind the gap.,මයින්ඩ් ද ගැප්.,අතර තියෙන හිඩැස ගැන පරිස්සම් වෙන්න.,beginner
the-exit-is-this-way,s-everyday-conversations,The exit is this way.,දි එක්සිට් ඉස් දිස් වේ.,පිටවෙන මාර්ගය මේ පැත්තේ.,beginner
follow-the-signs,s-everyday-conversations,Follow the signs.,ෆොලෝ ද සයින්ස්.,සලකුණු බලලා යන්න.,beginner
i-need-to-find-an-atm,s-banking-money,I need to find an ATM.,අයි නීඩ් ට ෆයින්ඩ් ඇන් ඒටීඑම්.,මට මුදල් ගන්න යන්ත්‍රයක් හොයාගන්න ඕන.,intermediate
there-should-be-one-nearby,s-giving-directions,There should be one nearby.,දෙයා ෂුඩ් බී වන් නියර්බයි.,ළඟ එකක් තියෙන්න ඕන.,beginner
i-can-see-one-over-there,s-everyday-conversations,I can see one over there.,අයි කැන් සී වන් ඕවර් දෙයා.,අතන එකක් මට පේනවා.,intermediate
ill-be-back-in-a-minute,s-everyday-conversations,I'll be back in a minute.,අයිල් බී බැක් ඉන් අ මිනිට්.,මං විනාඩියකින් ආපහු එන්නම්.,intermediate
do-you-need-any-money,s-banking-money,Do you need any money?,ඩු යූ නීඩ් එනි මනි?,ඔයාට සල්ලි ඕනද?,beginner
no-i-have-enough,s-everyday-conversations,"No, I have enough.","නෝ, අයි හැව් ඉනෆ්.","නෑ, මං ළඟ ඇති තරම් තියෙනවා.",beginner
the-machine-kept-my-card,s-banking-money,The machine kept my card.,ද මෂීන් කෙප්ට් මයි කාඩ්.,යන්ත්‍රය මගේ කාඩ් එක ඇතුළෙම තියාගත්තා.,beginner
you-should-call-the-bank,s-banking-money,You should call the bank.,යූ ෂුඩ් කෝල් ද බැංක.,ඔයා බැංකුවට කතා කරන්න ඕන.,beginner
ill-do-that-right-away,s-everyday-conversations,I'll do that right away.,අයිල් ඩූ දැට් රයිට් අවේ.,මං ඒක දැන්ම කරන්නම්.,beginner
keep-the-receipt-with-you,s-banking-money,Keep the receipt with you.,කීප් ද රිසීට් විත් යූ.,රිසිට් එක ඔයා ළඟ තියාගන්න.,beginner
i-need-to-deposit-some-money,s-banking-money,I need to deposit some money.,අයි නීඩ් ට ඩිපොසිට් සම් මනි.,මට සල්ලි ටිකක් ගිණුමට දාන්න ඕන.,intermediate
which-counter-should-i-go-to,s-everyday-conversations,Which counter should I go to?,විච් කවුන්ටර් ෂුඩ් අයි ගෝ ට?,මං යන්න ඕන මොන කවුන්ටරයටද?,intermediate
take-a-number-first,s-everyday-conversations,Take a number first.,ටේක් අ නම්බර් ෆර්ස්ට්.,මුලින් අංකයක් ගන්න.,beginner
theyll-call-you-when-its-your,s-everyday-conversations,They'll call you when it's your turn.,දෙයල් කෝල් යූ වෙන් ඉට්ස් යෝර් ටර්න්.,ඔයාගේ වාරය ආවාම එයාලා කතා කරයි.,intermediate
there-are-a-lot-of-people,s-everyday-conversations,There are a lot of people today.,දෙයා ආර් අ ලොට් ඔෆ් පීපල් ටුඩේ.,අද ගොඩක් සෙනඟ ඉන්නවා.,intermediate
it-might-take-a-while,s-everyday-conversations,It might take a while.,ඉට් මයිට් ටේක් අ වයිල්.,ටික වෙලාවක් යන්න පුළුවන්.,beginner
ill-wait-here,s-everyday-conversations,I'll wait here.,අයිල් වේට් හියර්.,මං මෙතන බලාගෙන ඉන්නම්.,beginner
your-number-is-next,s-everyday-conversations,Your number is next.,යෝර් නම්බර් ඉස් නෙක්ස්ට්.,ඊළඟට ඔයාගේ වාරය.,beginner
get-your-documents-ready,s-everyday-conversations,Get your documents ready.,ගෙට් යෝර් ඩොකියුමන්ට්ස් රෙඩි.,ලියකියවිලි ටික ලෑස්ති කරගන්න.,beginner
i-have-everything-here,s-everyday-conversations,I have everything here.,අයි හැව් එව්රිතිං හියර්.,මං ළඟ හැම දෙයක්ම තියෙනවා.,beginner
i-need-to-make-a-photocopy,s-everyday-conversations,I need to make a photocopy.,අයි නීඩ් ට මේක් අ ෆෝටෝකොපි.,මට පිටපතක් ගන්න ඕන.,intermediate
theres-a-copy-shop-next-door,s-shopping,There's a copy shop next door.,දෙයාස් අ කොපි ෂොප් නෙක්ස්ට් ඩෝර්.,එහා පැත්තේ පිටපත් ගන්න තැනක් තියෙනවා.,intermediate
make-two-copies-please,s-making-requests,"Make two copies, please.","මේක් ටූ කොපීස්, ප්ලීස්.",කරුණාකර පිටපත් දෙකක් ගන්න.,beginner
do-you-need-them-in-color,s-asking-questions,Do you need them in color?,ඩු යූ නීඩ් දෙම් ඉන් කලර්?,ඒවා පාටින් ඕනද?,intermediate
black-and-white-is-fine,s-everyday-conversations,Black and white is fine.,බ්ලැක් ඇන්ඩ් වයිට් ඉස් ෆයින්.,කළු සුදු තිබුණාම ඇති.,beginner
can-you-make-this-page-bigger,s-making-requests,Can you make this page bigger?,කැන් යූ මේක් දිස් පේජ් බිගර්?,මේ පිටුව ටිකක් ලොකු කරලා ගන්න පුළුවන්ද?,intermediate
i-need-it-on-a4-paper,s-everyday-conversations,I need it on A4 paper.,අයි නීඩ් ඉට් ඔන් ඒ ෆෝර් පේපර්.,මට ඒක A4 කඩදාසියක ඕන.,intermediate
that-looks-clear-enough,s-everyday-conversations,That looks clear enough.,දැට් ලුක්ස් ක්ලියර් ඉනෆ්.,ඒක පැහැදිලිව පේනවා.,beginner
please-staple-the-copies-together,s-making-requests,Please staple the copies together.,ප්ලීස් ස්ටේපල් ද කොපීස් ටුගෙදර්.,කරුණාකර පිටපත් ටික එකට අමුණන්න.,beginner
how-much-is-it-altogether,s-asking-questions,How much is it altogether?,හව් මච් ඉස් ඉට් ඕල්ටුගෙදර්?,ඔක්කොම එකතුව කීයද?,beginner
i-have-exact-change,s-banking-money,I have exact change.,අයි හැව් එක්සැක්ට් චේන්ජ්.,මං ළඟ හරියටම ගෙවන්න ඕන මුදල තියෙනවා.,beginner
that-makes-things-easier,s-everyday-conversations,That makes things easier.,දැට් මේක්ස් තිංස් ඊසියර්.,එතකොට වැඩේ ලේසියි.,beginner
i-need-an-envelope-too,s-everyday-conversations,I need an envelope too.,අයි නීඩ් ඇන් එන්වලෝප් ටූ.,මට ලියුම් කවරයක්ත් ඕන.,beginner
a-small-one-is-enough,s-everyday-conversations,A small one is enough.,අ ස්මෝල් වන් ඉස් ඉනෆ්.,පොඩි එකක් ඇති.,beginner
write-the-address-clearly,s-everyday-conversations,Write the address clearly.,රයිට් දි ඇඩ්‍රස් ක්ලියර්ලි.,ලිපිනය පැහැදිලිව ලියන්න.,beginner
dont-forget-the-postal-code,s-technology,Don't forget the postal code.,ඩෝන්ට් ෆගෙට් ද පෝස්ටල් කෝඩ්.,තැපැල් අංකය දාන්න අමතක කරන්න එපා.,beginner
seal-the-envelope-properly,s-everyday-conversations,Seal the envelope properly.,සීල් දි එන්වලෝප් ප්‍රොපර්ලි.,ලියුම් කවරය හොඳට වහන්න.,beginner
ill-post-it-on-my-way,s-home,I'll post it on my way home.,අයිල් පෝස්ට් ඉට් ඔන් මයි වේ හෝම්.,ගෙදර යන ගමන් මං ඒක තැපැල් කරන්නම්.,intermediate
the-post-office-closes-at-four,s-work-office,The post office closes at four.,ද පෝස්ට් ඔෆිස් ක්ලෝසස් ඇට් ෆෝර්.,තැපැල් කාර්යාලය හතරට වහනවා.,intermediate
wed-better-go-now,s-everyday-conversations,We'd better go now.,වීඩ් බෙටර් ගෝ නව්.,අපි දැන් යන එක හොඳයි.,beginner
i-need-to-pick-up-a,s-everyday-conversations,I need to pick up a parcel.,අයි නීඩ් ට පික් අප් අ පාර්සල්.,මට පාර්සලයක් ගන්න යන්න ඕන.,intermediate
do-you-have-the-tracking-number,s-asking-questions,Do you have the tracking number?,ඩු යූ හැව් ද ට්‍රැකිං නම්බර්?,ඔයා ළඟ පාර්සලයේ අංකය තියෙනවද?,intermediate
yes-its-on-my-phone,s-phone-conversations,"Yes, it's on my phone.","යෙස්, ඉට්ස් ඔන් මයි ෆෝන්.","ඔව්, ඒක මගේ ෆෝන් එකේ තියෙනවා.",beginner
show-it-at-the-counter,s-everyday-conversations,Show it at the counter.,ෂෝ ඉට් ඇට් ද කවුන්ටර්.,ඒක කවුන්ටරයේදී පෙන්නන්න.,beginner
they-might-ask-for-your-id,s-everyday-conversations,They might ask for your ID.,දේ මයිට් ආස්ක් ෆෝ යෝර් අයිඩී.,එයාලා හැඳුනුම්පත ඉල්ලන්න පුළුවන්.,intermediate
i-brought-it-with-me,s-everyday-conversations,I brought it with me.,අයි බ්‍රෝට් ඉට් විත් මී.,මං ඒක අරගෙන ආවා.,beginner
the-parcel-is-quite-small,s-everyday-conversations,The parcel is quite small.,ද පාර්සල් ඉස් ක්වයිට් ස්මෝල්.,පාර්සලය ගොඩක් පොඩියි.,beginner
i-thought-it-would-be-bigger,s-everyday-conversations,I thought it would be bigger.,අයි තෝට් ඉට් වුඩ් බී බිගර්.,මං හිතුවේ ඒක තව ලොකු වෙයි කියලා.,intermediate
check-the-name-before-you-leave,s-everyday-conversations,Check the name before you leave.,චෙක් ද නේම් බිෆෝර් යූ ලීව්.,යන්න කලින් නම බලන්න.,intermediate
yes-this-one-is-mine,s-everyday-conversations,"Yes, this one is mine.","යෙස්, දිස් වන් ඉස් මයින්.","ඔව්, මේක මගේ.",beginner
im-going-to-the-pharmacy,s-everyday-conversations,I'm going to the pharmacy.,අයිම් ගෝයිං ට ද ෆාමසි.,මං ඖෂධ වෙළඳසැලට යනවා.,beginner
do-you-need-anything-from-there,s-asking-questions,Do you need anything from there?,ඩු යූ නීඩ් එනිතිං ෆ්‍රම් දෙයා?,එතනින් ඔයාට මොනවාහරි ඕනද?,intermediate
get-me-some-bandages-please,s-making-requests,"Get me some bandages, please.","ගෙට් මී සම් බැන්ඩිජස්, ප්ලීස්.",මට තුවාල බැඳීමට පටි ටිකක් ගේන්න.,beginner
what-size-do-you-need,s-shopping,What size do you need?,වොට් සයිස් ඩු යූ නීඩ්?,ඔයාට මොන ප්‍රමාණයද ඕන?,beginner
the-small-ones-are-fine,s-everyday-conversations,The small ones are fine.,ද ස්මෝල් වන්ස් ආර් ෆයින්.,පොඩි ඒවා හොඳයි.,beginner
ill-get-a-few-packs,s-everyday-conversations,I'll get a few packs.,අයිල් ගෙට් අ ෆියු පැක්ස්.,මං පැකට් කිහිපයක් ගන්නම්.,beginner
do-you-need-anything-else,s-asking-questions,Do you need anything else?,ඩු යූ නීඩ් එනිතිං එල්ස්?,තව මොනවාහරි ඕනද?,beginner
no-thats-everything,s-everyday-conversations,"No, that's everything.","නෝ, දැට්ස් එව්රිතිං.","නෑ, එච්චරයි.",beginner
ill-be-back-before-dark,s-everyday-conversations,I'll be back before dark.,අයිල් බී බැක් බිෆෝර් ඩාක්.,අඳුරු වෙන්න කලින් මං ආපහු එන්නම්.,beginner
take-your-phone-with-you,s-phone-conversations,Take your phone with you.,ටේක් යෝර් ෆෝන් විත් යූ.,ෆෝන් එකත් අරගෙන යන්න.,beginner
the-shop-is-just-ahead,s-shopping,The shop is just ahead.,ද ෂොප් ඉස් ජස්ට් අහෙඩ්.,කඩේ ටිකක් ඉස්සරහින් තියෙනවා.,beginner
i-can-see-the-sign,s-everyday-conversations,I can see the sign.,අයි කැන් සී ද සයින්.,මට පුවරුව පේනවා.,beginner
lets-stop-there-first,s-transportation,Let's stop there first.,ලෙට්ස් ස්ටොප් දෙයා ෆර්ස්ට්.,අපි මුලින් එතන නවතිමු.,beginner
i-only-need-a-few-things,s-everyday-conversations,I only need a few things.,අයි ඕන්ලි නීඩ් අ ෆියු තිංස්.,මට දේවල් කිහිපයක් විතරයි ඕන.,intermediate
ill-wait-outside,s-everyday-conversations,I'll wait outside.,අයිල් වේට් අවුට්සයිඩ්.,මං එළියේ බලාගෙන ඉන්නම්.,beginner
ill-come-out-when-im-done,s-everyday-conversations,I'll come out when I'm done.,අයිල් කම් අවුට් වෙන් අයිම් ඩන්.,වැඩේ ඉවර වුණාම මං එළියට එන්නම්.,intermediate
i-found-everything-i-needed,s-everyday-conversations,I found everything I needed.,අයි ෆවුන්ඩ් එව්රිතිං අයි නීඩඩ්.,මට ඕන හැම දෙයක්ම හම්බවුණා.,beginner
that-was-quick,s-everyday-conversations,That was quick.,දැට් වස් ක්වික්.,ඒක ඉක්මනට ඉවර වුණා.,beginner
i-need-to-stop-for-fuel,s-transportation,I need to stop for fuel.,අයි නීඩ් ට ස්ටොප් ෆෝ ෆියුල්.,මට ඉන්ධන ගන්න නවතින්න ඕන.,intermediate
the-tank-is-almost-empty,s-everyday-conversations,The tank is almost empty.,ද ටෑන්ක් ඉස් ඕල්මෝස්ට් එම්ප්ටි.,ඉන්ධන ටැංකිය හිස් වෙන්න ළඟයි.,beginner
theres-a-station-up-ahead,s-transportation,There's a station up ahead.,දෙයාස් අ ස්ටේෂන් අප් අහෙඩ්.,ඉස්සරහින් ඉන්ධන පිරවුම්හලක් තියෙනවා.,beginner
pull-in-over-there,s-everyday-conversations,Pull in over there.,පුල් ඉන් ඕවර් දෙයා.,අතනට වාහනය ඇතුළට ගන්න.,beginner
fill-it-up-please,s-making-requests,"Fill it up, please.","ෆිල් ඉට් අප්, ප්ලීස්.",කරුණාකර ටැංකිය පුරවන්න.,beginner
ill-pay-inside,s-banking-money,I'll pay inside.,අයිල් පේ ඉන්සයිඩ්.,මං ඇතුළට ගිහින් ගෙවන්නම්.,beginner
check-the-tires-too,s-everyday-conversations,Check the tires too.,චෙක් ද ටයර්ස් ටූ.,ටයර් ටිකත් බලන්න.,beginner
one-of-them-looks-low,s-everyday-conversations,One of them looks low.,වන් ඔෆ් දෙම් ලුක්ස් ලෝ.,එක ටයරයක හුළං අඩු වගේ.,beginner
add-some-air-to-it,s-everyday-conversations,Add some air to it.,ඇඩ් සම් එයා ට ඉට්.,ඒකට ටිකක් හුළං දාන්න.,beginner
that-should-be-enough,s-everyday-conversations,That should be enough.,දැට් ෂුඩ් බී ඉනෆ්.,ඒ ටික ඇති වෙයි.,beginner
the-car-needs-a-wash,s-home,The car needs a wash.,ද කාර් නීඩ්ස් අ වොෂ්.,කාර් එක හෝදන්න ඕන.,beginner
its-covered-in-dust,s-everyday-conversations,It's covered in dust.,ඉට්ස් කවර්ඩ් ඉන් ඩස්ට්.,ඒක දූවිලි වලින් වැහිලා.,beginner
ill-wash-it-this-weekend,s-home,I'll wash it this weekend.,අයිල් වොෂ් ඉට් දිස් වීක්එන්ඩ්.,මේ සති අන්තයේ මං ඒක හෝදන්නම්.,beginner
dont-forget-the-inside,s-everyday-conversations,Don't forget the inside.,ඩෝන්ට් ෆගෙට් දි ඉන්සයිඩ්.,ඇතුළත් පිරිසිදු කරන්න අමතක කරන්න එපා.,beginner
the-seats-need-cleaning-too,s-everyday-conversations,The seats need cleaning too.,ද සීට්ස් නීඩ් ක්ලීනිං ටූ.,අසුන් ටිකත් පිරිසිදු කරන්න ඕන.,beginner
ill-vacuum-them,s-everyday-conversations,I'll vacuum them.,අයිල් වැක්යූම් දෙම්.,මං ඒවා දූවිලි උරාගන්න යන්ත්‍රයෙන් පිරිසිදු කරන්නම්.,beginner
check-under-the-seats,s-everyday-conversations,Check under the seats.,චෙක් අන්ඩර් ද සීට්ස්.,අසුන් යටත් බලන්න.,beginner
theres-a-bottle-under-there,s-everyday-conversations,There's a bottle under there.,දෙයාස් අ බොටල් අන්ඩර් දෙයා.,අතන යට බෝතලයක් තියෙනවා.,beginner
throw-it-in-the-bin,s-everyday-conversations,Throw it in the bin.,ත්‍රෝ ඉට් ඉන් ද බින්.,ඒක කුණු බඳුනට දාන්න.,beginner
the-car-looks-much-better-now,s-everyday-conversations,The car looks much better now.,ද කාර් ලුක්ස් මච් බෙටර් නව්.,දැන් කාර් එක ගොඩක් හොඳට පේනවා.,intermediate
im-going-to-take-a-short,s-everyday-conversations,I'm going to take a short break.,අයිම් ගෝයිං ට ටේක් අ ෂෝට් බ්‍රේක්.,මං ටික වෙලාවක් විවේක ගන්න යනවා.,intermediate
ive-been-sitting-too-long,s-everyday-conversations,I've been sitting too long.,අයිව් බීන් සිටිං ටූ ලෝං.,මං ගොඩක් වෙලා වාඩි වෙලා හිටියා.,beginner
lets-stretch-our-legs,s-everyday-conversations,Let's stretch our legs.,ලෙට්ස් ස්ට්‍රෙච් අවර් ලෙග්ස්.,අපි ටිකක් ඇවිදිලා කකුල් දිගහරිමු.,beginner
i-need-to-move-around-a,s-everyday-conversations,I need to move around a bit.,අයි නීඩ් ට මූව් අරවුන්ඩ් අ බිට්.,මට ටිකක් ඇවිදින්න ඕන.,intermediate
lets-go-outside-for-a-minute,s-everyday-conversations,Let's go outside for a minute.,ලෙට්ස් ගෝ අවුට්සයිඩ් ෆෝ අ මිනිට්.,අපි විනාඩියකට එළියට යමු.,intermediate
the-air-feels-nice,s-everyday-conversations,The air feels nice.,දි එයා ෆීල්ස් නයිස්.,එළියේ හුළඟ හොඳයි.,beginner
its-cooler-out-here,s-everyday-conversations,It's cooler out here.,ඉට්ස් කූලර් අවුට් හියර්.,මෙතන එළියේ ටිකක් සිසිලයි.,beginner
lets-sit-on-that-bench,s-everyday-conversations,Let's sit on that bench.,ලෙට්ස් සිට් ඔන් දැට් බෙන්ච්.,අපි අර බංකුවේ වාඩි වෙමු.,beginner
ill-stay-for-a-few-minutes,s-meetings,I'll stay for a few minutes.,අයිල් ස්ටේ ෆෝ අ ෆියු මිනිට්ස්.,මං විනාඩි කිහිපයක් ඉන්නම්.,intermediate
then-i-need-to-get-back,s-work-office,Then I need to get back to work.,දෙන් අයි නීඩ් ට ගෙට් බැක් ට වර්ක්.,ඊට පස්සේ මට ආයෙ වැඩට යන්න ඕන.,intermediate
im-nearly-finished-with-this,s-everyday-conversations,I'm nearly finished with this.,අයිම් නියර්ලි ෆිනිෂ්ට් විත් දිස්.,මේක ඉවර වෙන්න ළඟයි.,beginner
just-one-more-thing-to-do,s-everyday-conversations,Just one more thing to do.,ජස්ට් වන් මෝර් තිං ට ඩූ.,තව එක වැඩක් විතරයි තියෙන්නේ.,intermediate
ill-finish-it-before-dinner,s-restaurants-food,I'll finish it before dinner.,අයිල් ෆිනිෂ් ඉට් බිෆෝර් ඩිනර්.,රාත්‍රී කෑමට කලින් මං ඒක ඉවර කරන්නම්.,beginner
then-i-can-relax,s-everyday-conversations,Then I can relax.,දෙන් අයි කැන් රිලැක්ස්.,ඊට පස්සේ මට නිදහසේ ඉන්න පුළුවන්.,beginner
ive-had-a-long-day,s-everyday-conversations,I've had a long day.,අයිව් හැඩ් අ ලෝං ඩේ.,අද දවස ගොඩක් දිගට ගියා.,beginner
im-ready-to-go-home,s-home,I'm ready to go home.,අයිම් රෙඩි ට ගෝ හෝම්.,මං දැන් ගෙදර යන්න ලෑස්තියි.,beginner
lets-pack-up,s-everyday-conversations,Let's pack up.,ලෙට්ස් පැක් අප්.,අපි බඩු ටික අසුරගමු.,beginner
make-sure-you-have-everything,s-everyday-conversations,Make sure you have everything.,මේක් ෂුවර් යූ හැව් එව්රිතිං.,හැම දෙයක්ම අරගෙනද කියලා බලන්න.,beginner
i-think-i-left-my-pen,s-everyday-conversations,I think I left my pen.,අයි තිංක් අයි ලෙෆ්ට් මයි පෙන්.,මං හිතන්නේ මගේ පෑන දාලා ආවා.,intermediate
its-still-on-your-desk,s-everyday-conversations,It's still on your desk.,ඉට්ස් ස්ටිල් ඔන් යෝර් ඩෙස්ක්.,ඒක තාම ඔයාගේ මේසේ උඩ තියෙනවා.,beginner
good-thing-you-noticed,s-everyday-conversations,Good thing you noticed.,ගුඩ් තිං යූ නෝටිස්ට්.,ඔයාට ඒක මතක් වුණ එක හොඳයි.,beginner
now-im-ready,s-everyday-conversations,Now I'm ready.,නව් අයිම් රෙඩි.,දැන් මං ලෑස්තියි.,beginner
lets-lock-up-and-leave,s-everyday-conversations,Let's lock up and leave.,ලෙට්ස් ලොක් අප් ඇන්ඩ් ලීව්.,අපි අගුළු දාලා යමු.,beginner
ill-switch-off-the-lights,s-everyday-conversations,I'll switch off the lights.,අයිල් ස්විච් ඔෆ් ද ලයිට්ස්.,මං ලයිට් ටික නිවන්නම්.,beginner
check-the-windows-too,s-everyday-conversations,Check the windows too.,චෙක් ද වින්ඩෝස් ටූ.,ජනේල ටිකත් බලන්න.,beginner
theyre-all-closed,s-everyday-conversations,They're all closed.,දෙයාර් ඕල් ක්ලෝස්ඩ්.,ඔක්කොම වහලා.,beginner
ill-lock-the-front-door,s-home,I'll lock the front door.,අයිල් ලොක් ද ෆ්‍රන්ට් ඩෝර්.,මං ඉස්සරහ දොර අගුළු දාන්නම්.,beginner
double-check-it,s-everyday-conversations,Double-check it.,ඩබල්-චෙක් ඉට්.,ආයෙ එක පාරක් හොඳට බලන්න.,beginner
its-definitely-locked,s-everyday-conversations,It's definitely locked.,ඉට්ස් ඩෙෆිනිට්ලි ලොක්ට්.,අනිවාර්යයෙන්ම අගුළු දාලා.,beginner
okay-lets-head-home,s-home,"Okay, let's head home.","ඕකේ, ලෙට්ස් හෙඩ් හෝම්.","හරි, අපි ගෙදර යමු.",beginner
im-too-tired-to-cook-tonight,s-feelings-emotions,I'm too tired to cook tonight.,අයිම් ටූ ටයර්ඩ් ට කුක් ටුනයිට්.,අද රෑ කෑම හදන්න මට මහන්සි වැඩියි.,intermediate
lets-make-something-easy,s-everyday-conversations,Let's make something easy.,ලෙට්ස් මේක් සම්තිං ඊසි.,අපි ලේසි දෙයක් හදමු.,beginner
theres-some-rice-left,s-everyday-conversations,There's some rice left.,දෙයාස් සම් රයිස් ලෙෆ්ට්.,බත් ටිකක් ඉතුරු වෙලා තියෙනවා.,beginner
we-can-warm-it-up,s-everyday-conversations,We can warm it up.,වී කැන් වෝම් ඉට් අප්.,අපිට ඒක රත් කරගන්න පුළුවන්.,beginner
ill-make-a-quick-salad,s-everyday-conversations,I'll make a quick salad.,අයිල් මේක් අ ක්වික් සැලඩ්.,මං ඉක්මනට සලාදයක් හදන්නම්.,beginner
cut-the-tomatoes-please,s-making-requests,"Cut the tomatoes, please.","කට් ද ටමාටෝස්, ප්ලීස්.",කරුණාකර තක්කාලි ටික කපන්න.,beginner
ill-wash-the-vegetables,s-home,I'll wash the vegetables.,අයිල් වොෂ් ද වෙජිටබල්ස්.,මං එළවළු ටික හෝදන්නම්.,beginner
that-wont-take-long,s-everyday-conversations,That won't take long.,දැට් වෝන්ට් ටේක් ලෝං.,ඒකට වැඩි වෙලාවක් යන්නේ නෑ.,beginner
dinner-is-almost-ready,s-restaurants-food,Dinner is almost ready.,ඩිනර් ඉස් ඕල්මෝස්ට් රෙඩි.,රාත්‍රී කෑම ලෑස්ති වෙන්න ළඟයි.,beginner
set-the-table-please,s-making-requests,"Set the table, please.","සෙට් ද ටේබල්, ප්ලීස්.",කරුණාකර කෑම මේසය ලෑස්ති කරන්න.,beginner
bring-two-glasses-too,s-everyday-conversations,Bring two glasses too.,බ්‍රිං ටූ ග්ලාසස් ටූ.,වීදුරු දෙකකුත් ගේන්න.,beginner
ill-get-the-water,s-everyday-conversations,I'll get the water.,අයිල් ගෙට් ද වෝටර්.,මං වතුර ගේන්නම්.,beginner
everything-smells-great,s-everyday-conversations,Everything smells great.,එව්රිතිං ස්මෙල්ස් ග්‍රේට්.,හැම කෑමකම සුවඳ හොඳයි.,beginner
lets-eat-while-its-warm,s-restaurants-food,Let's eat while it's warm.,ලෙට්ස් ඊට් වයිල් ඉට්ස් වෝම්.,කෑම රස්නෙ තියෙද්දී කමු.,beginner
im-really-hungry-now,s-everyday-conversations,I'm really hungry now.,අයිම් රියලි හංග්‍රි නව්.,දැන් මට හොඳටම බඩගිනියි.,beginner
this-is-exactly-what-i-needed,s-agreeing-disagreeing,This is exactly what I needed.,දිස් ඉස් එක්සැක්ට්ලි වොට් අයි නීඩඩ්.,මට ඕන වුණේ හරියටම මේ වගේ දෙයක්.,intermediate
i-feel-much-better-after-eating,s-feelings-emotions,I feel much better after eating.,අයි ෆීල් මච් බෙටර් ආෆ්ටර් ඊටිං.,කෑවට පස්සේ දැන් මට ගොඩක් හොඳයි.,intermediate
im-going-to-relax-for-the,s-everyday-conversations,I'm going to relax for the rest of the evening.,අයිම් ගෝයිං ට රිලැක්ස් ෆෝ ද රෙස්ට් ඔෆ් දි ඊවනිං.,අද හවස ඉතුරු හරිය මං නිදහසේ ඉන්නවා.,intermediate
tomorrow-is-another-day,s-making-plans,Tomorrow is another day.,ටුමොරෝ ඉස් අනදර් ඩේ.,හෙට අලුත් දවසක්.,beginner
ill-be-there-in-a-minute,s-everyday-conversations,I'll be there in a minute.,අයිල් බී දෙයා ඉන් අ මිනිට්.,මං විනාඩියකින් එතනට එන්නම්.,intermediate
leave-it-on-the-table,s-everyday-conversations,Leave it on the table.,ලීව් ඉට් ඔන් ද ටේබල්.,ඒක මේසෙ උඩ තියලා යන්න.,beginner
i-forgot-to-bring-it,s-everyday-conversations,I forgot to bring it.,අයි ෆගොට් ට බ්‍රිං ඉට්.,මට ඒක ගේන්න අමතක වුණා.,beginner
can-you-hold-this-for-me,s-making-requests,Can you hold this for me?,කැන් යූ හෝල්ඩ් දිස් ෆ මී?,මේක ටිකක් මං වෙනුවෙන් අල්ලගෙන ඉන්න පුළුවන්ද?,intermediate
ill-call-you-when-i-get,s-home,I'll call you when I get home.,අයිල් කෝල් යූ වෙන් අයි ගෙට් හෝම්.,මං ගෙදර ගියාම ඔයාට කතා කරන්නම්.,intermediate
the-door-is-already-open,s-home,The door is already open.,ද ඩෝර් ඉස් ඕල්රෙඩි ඕපන්.,දොර දැනටමත් ඇරලා තියෙන්නේ.,beginner
please-turn-the-light-off,s-making-requests,Please turn the light off.,ප්ලීස් ටර්න් ද ලයිට් ඔෆ්.,කරුණාකර ලයිට් එක නිවන්න.,beginner
i-need-a-little-more-time,s-everyday-conversations,I need a little more time.,අයි නීඩ් අ ලිට්ල් මෝර් ටයිම්.,මට තව ටිකක් වෙලාව ඕන.,intermediate
dont-forget-your-keys,s-everyday-conversations,Don't forget your keys.,ඩෝන්ට් ෆගෙට් යෝර් කීස්.,ඔයාගේ යතුරු අමතක කරන්න එපා.,beginner
put-your-phone-on-silent,s-phone-conversations,Put your phone on silent.,පුට් යෝර් ෆෝන් ඔන් සයිලන්ට්.,ෆෝන් එක නිහඬ තත්ත්වයට දාන්න.,beginner
im-almost-ready,s-everyday-conversations,I'm almost ready.,අයිම් ඕල්මෝස්ට් රෙඩි.,මං ලෑස්ති වෙලා ඉවර වෙන්න ළඟයි.,beginner
give-me-a-second,s-everyday-conversations,Give me a second.,ගිව් මී අ සෙකන්ඩ්.,මට පොඩ්ඩක් වෙලාව දෙන්න.,beginner
take-whichever-one-you-like,s-everyday-conversations,Take whichever one you like.,ටේක් විචෙවර් වන් යූ ලයික්.,ඔයා කැමති එකක් ගන්න.,beginner
i-left-my-bag-inside,s-everyday-conversations,I left my bag inside.,අයි ලෙෆ්ට් මයි බැග් ඉන්සයිඩ්.,මගේ බෑග් එක ඇතුළේ දාලා ආවා.,beginner
this-one-belongs-to-me,s-everyday-conversations,This one belongs to me.,දිස් වන් බිලෝන්ග්ස් ට මී.,මේක මගේ.,beginner
ill-take-care-of-it,s-everyday-conversations,I'll take care of it.,අයිල් ටේක් කෙයා ඔෆ් ඉට්.,මං ඒක බලාගන්නම්.,beginner
dont-touch-that-yet,s-everyday-conversations,Don't touch that yet.,ඩෝන්ට් ටච් දැට් යෙට්.,ඒක තාම අල්ලන්න එපා.,beginner
let-me-check-first,s-everyday-conversations,Let me check first.,ලෙට් මී චෙක් ෆර්ස්ට්.,මට මුලින් බලන්න දෙන්න.,beginner
its-right-behind-you,s-everyday-conversations,It's right behind you.,ඉට්ස් රයිට් බිහයින්ඩ් යූ.,ඒක ඔයාගේ පිටිපස්සෙම තියෙනවා.,beginner
move-a-little-closer,s-everyday-conversations,Move a little closer.,මූව් අ ලිට්ල් ක්ලෝසර්.,තව ටිකක් ළඟට එන්න.,beginner
i-cant-find-my-charger,s-everyday-conversations,I can't find my charger.,අයි කෑන්ට් ෆයින්ඩ් මයි චාජර්.,මට මගේ ෆෝන් චාජර් එක හොයාගන්න බෑ.,beginner
the-battery-is-almost-dead,s-everyday-conversations,The battery is almost dead.,ද බැටරි ඉස් ඕල්මෝස්ට් ඩෙඩ්.,බැටරිය ඉවර වෙන්න ළඟයි.,beginner
plug-it-in-over-there,s-everyday-conversations,Plug it in over there.,ප්ලග් ඉට් ඉන් ඕවර් දෙයා.,ඒක අතනින් විදුලියට සම්බන්ධ කරන්න.,beginner
dont-pull-it-too-hard,s-everyday-conversations,Don't pull it too hard.,ඩෝන්ට් පුල් ඉට් ටූ හාඩ්.,ඒක වැඩියෙන් තදට අදින්න එපා.,beginner
this-isnt-working-properly,s-everyday-conversations,This isn't working properly.,දිස් ඉසන්ට් වර්කින් ප්‍රොපර්ලි.,මේක හරියට වැඩ කරන්නේ නෑ.,beginner
try-it-one-more-time,s-everyday-conversations,Try it one more time.,ට්‍රයි ඉට් වන් මෝර් ටයිම්.,තව එක පාරක් උත්සාහ කරන්න.,beginner
it-works-fine-now,s-everyday-conversations,It works fine now.,ඉට් වර්ක්ස් ෆයින් නව්.,දැන් ඒක හොඳට වැඩ කරනවා.,beginner
im-coming-downstairs,s-everyday-conversations,I'm coming downstairs.,අයිම් කමින් ඩවුන්ස්ටෙයාර්ස්.,මං පහළට එන ගමන්.,beginner
wait-near-the-entrance,s-everyday-conversations,Wait near the entrance.,වේට් නියර් දි එන්ට්‍රන්ස්.,ඇතුළුවෙන තැන ළඟ ඉන්න.,beginner
im-standing-outside,s-everyday-conversations,I'm standing outside.,අයිම් ස්ටෑන්ඩින් අවුට්සයිඩ්.,මං එළියේ ඉන්නේ.,beginner
come-in-whenever-youre-ready,s-everyday-conversations,Come in whenever you're ready.,කම් ඉන් වෙනෙවර් යෝර් රෙඩි.,ඔයා ලෑස්ති වුණාම ඇතුළට එන්න.,beginner
take-your-shoes-off-here,s-everyday-conversations,Take your shoes off here.,ටේක් යෝර් ෂූස් ඔෆ් හියර්.,මෙතනින් සපත්තු ගලවන්න.,beginner
theres-plenty-of-room,s-home,There's plenty of room.,දෙයාස් ප්ලෙන්ටි ඔෆ් රූම්.,මෙතන හොඳට ඉඩ තියෙනවා.,beginner
sit-wherever-you-want,s-everyday-conversations,Sit wherever you want.,සිට් වෙයාඑවර් යූ වොන්ට්.,ඔයා කැමති තැනක වාඩි වෙන්න.,beginner
ill-get-you-some-water,s-everyday-conversations,I'll get you some water.,අයිල් ගෙට් යූ සම් වෝටර්.,මං ඔයාට වතුර ටිකක් ගේන්නම්.,beginner
make-yourself-comfortable,s-everyday-conversations,Make yourself comfortable.,මේක් යෝර්සෙල්ෆ් කම්ෆටබල්.,සැහැල්ලුවෙන් ඉන්න.,beginner
ill-be-back-shortly,s-everyday-conversations,I'll be back shortly.,අයිල් බී බැක් ෂෝට්ලි.,මං ටිකකින් ආපහු එන්නම්.,beginner
i-woke-up-late-today,s-home,I woke up late today.,අයි වෝක් අප් ලේට් ටුඩේ.,අද මං නැගිට්ටේ පරක්කු වෙලා.,beginner
i-didnt-hear-the-alarm,s-everyday-conversations,I didn't hear the alarm.,අයි ඩිඩන්ට් හියර් දි අලාම්.,මට එලාම් එක ඇහුණේ නෑ.,beginner
i-need-to-get-dressed,s-everyday-conversations,I need to get dressed.,අයි නීඩ් ට ගෙට් ඩ්‍රෙස්ට්.,මට ඇඳුම් ඇඳගන්න ඕන.,beginner
i-havent-eaten-yet,s-everyday-conversations,I haven't eaten yet.,අයි හැවන්ට් ඊටන් යෙට්.,මං තාම කාලා නෑ.,beginner
ill-have-something-later,s-everyday-conversations,I'll have something later.,අයිල් හැව් සම්තිං ලේටර්.,මං පස්සේ මොනවාහරි කන්නම්.,beginner
the-coffee-is-still-hot,s-restaurants-food,The coffee is still hot.,ද කොෆී ඉස් ස්ටිල් හොට්.,කෝපි එක තාමත් රස්නෙයි.,beginner
let-it-cool-down-first,s-everyday-conversations,Let it cool down first.,ලෙට් ඉට් කූල් ඩවුන් ෆර්ස්ට්.,මුලින් ඒක ටිකක් නිවෙන්න දෙන්න.,beginner
im-not-very-hungry,s-everyday-conversations,I'm not very hungry.,අයිම් නොට් වෙරි හංග්‍රි.,මට එච්චර බඩගිනි නෑ.,beginner
save-some-for-me,s-everyday-conversations,Save some for me.,සේව් සම් ෆ මී.,මටත් ටිකක් ඉතුරු කරන්න.,beginner
ill-eat-when-i-come-back,s-restaurants-food,I'll eat when I come back.,අයිල් ඊට් වෙන් අයි කම් බැක්.,මං ආපහු ආවාම කන්නම්.,intermediate
this-tastes-really-good,s-everyday-conversations,This tastes really good.,දිස් ටේස්ට්ස් රියලි ගුඩ්.,මේක ඇත්තටම රසයි.,beginner
it-needs-a-little-salt,s-everyday-conversations,It needs a little salt.,ඉට් නීඩ්ස් අ ලිට්ල් සෝල්ට්.,මේකට ලුණු ටිකක් මදි.,beginner
dont-make-it-too-spicy,s-everyday-conversations,Don't make it too spicy.,ඩෝන්ට් මේක් ඉට් ටූ ස්පයිසි.,ඒක වැඩියෙන් සැර කරන්න එපා.,beginner
can-i-have-another-spoon,s-asking-questions,Can I have another spoon?,කැන් අයි හැව් අනදර් ස්පූන්?,මට තව හැන්දක් දෙන්න පුළුවන්ද?,beginner
i-dropped-my-fork,s-everyday-conversations,I dropped my fork.,අයි ඩ්‍රොප්ට් මයි ෆෝක්.,මගේ ගෑරුප්පුව බිම වැටුණා.,beginner
the-plate-is-still-wet,s-everyday-conversations,The plate is still wet.,ද ප්ලේට් ඉස් ස්ටිල් වෙට්.,පිඟාන තාම තෙතයි.,beginner
put-this-in-the-fridge,s-everyday-conversations,Put this in the fridge.,පුට් දිස් ඉන් ද ෆ්‍රිජ්.,මේක ශීතකරණයට දාන්න.,beginner
take-it-out-of-the-freezer,s-everyday-conversations,Take it out of the freezer.,ටේක් ඉට් අවුට් ඔෆ් ද ෆ්‍රීසර්.,ඒක අධිශීතකරණයෙන් එළියට ගන්න.,intermediate
heat-it-up-for-me,s-everyday-conversations,Heat it up for me.,හීට් ඉට් අප් ෆ මී.,මේක මට රත් කරලා දෙන්න.,beginner
dont-throw-this-away,s-everyday-conversations,Don't throw this away.,ඩෝන්ට් ත්‍රෝ දිස් අවේ.,මේක විසි කරන්න එපා.,beginner
ill-wash-the-dishes-later,s-home,I'll wash the dishes later.,අයිල් වොෂ් ද ඩිෂස් ලේටර්.,මං පස්සේ පිඟන් ටික හෝදන්නම්.,beginner
the-sink-is-full,s-everyday-conversations,The sink is full.,ද සිංක් ඉස් ෆුල්.,සින්ක් එක පිරිලා.,beginner
were-out-of-milk,s-everyday-conversations,We're out of milk.,වියර් අවුට් ඔෆ් මිල්ක්.,අපේ කිරි ඉවරයි.,beginner
we-need-to-buy-some-eggs,s-shopping,We need to buy some eggs.,වී නීඩ් ට බයි සම් එග්ස්.,අපි බිත්තර ටිකක් ගන්න ඕන.,intermediate
add-it-to-the-shopping-list,s-shopping,Add it to the shopping list.,ඇඩ් ඉට් ට ද ෂොපිං ලිස්ට්.,ඒක ගන්න ඕන බඩු ලැයිස්තුවට දාන්න.,intermediate
ill-pick-it-up-on-the,s-everyday-conversations,I'll pick it up on the way.,අයිල් පික් ඉට් අප් ඔන් ද වේ.,එන ගමන් මං ඒක අරගෙන එන්නම්.,intermediate
do-we-need-anything-else,s-asking-questions,Do we need anything else?,ඩු වී නීඩ් එනිතිං එල්ස්?,අපිට තව මොනවාහරි ඕනද?,beginner
thats-all-we-need,s-everyday-conversations,That's all we need.,දැට්ස් ඕල් වී නීඩ්.,අපිට ඕන එච්චරයි.,beginner
this-is-cheaper-than-that-one,s-everyday-conversations,This is cheaper than that one.,දිස් ඉස් චීපර් දෑන් දැට් වන්.,මේක අර එකට වඩා ලාභයි.,intermediate
ill-take-two-of-these,s-everyday-conversations,I'll take two of these.,අයිල් ටේක් ටූ ඔෆ් දීස්.,මං මේවයින් දෙකක් ගන්නම්.,beginner
do-you-have-a-smaller-one,s-asking-questions,Do you have a smaller one?,ඩු යූ හැව් අ ස්මෝලර් වන්?,මේකට වඩා පොඩි එකක් තියෙනවද?,intermediate
do-you-have-this-in-black,s-asking-questions,Do you have this in black?,ඩු යූ හැව් දිස් ඉන් බ්ලැක්?,මේක කළු පාටින් තියෙනවද?,intermediate
can-i-try-this-on,s-asking-questions,Can I try this on?,කැන් අයි ට්‍රයි දිස් ඔන්?,මට මේක ඇඳලා බලන්න පුළුවන්ද?,beginner
its-a-little-too-tight,s-everyday-conversations,It's a little too tight.,ඉට්ස් අ ලිට්ල් ටූ ටයිට්.,මේක ටිකක් වැඩියෙන් හිරයි.,beginner
this-size-fits-better,s-shopping,This size fits better.,දිස් සයිස් ෆිට්ස් බෙටර්.,මේ ප්‍රමාණය මට වඩා හොඳට ගැළපෙනවා.,beginner
im-just-looking-around,s-everyday-conversations,I'm just looking around.,අයිම් ජස්ට් ලුකින් අරවුන්ඩ්.,මං නිකන් බඩු බලනවා විතරයි.,beginner
how-much-is-this-altogether,s-asking-questions,How much is this altogether?,හව් මච් ඉස් දිස් ඕල්ටුගෙදර්?,මේ ඔක්කොම එකතුව කීයද?,beginner
can-i-pay-by-card,s-banking-money,Can I pay by card?,කැන් අයි පේ බයි කාඩ්?,මට කාඩ් එකෙන් ගෙවන්න පුළුවන්ද?,beginner
ill-pay-in-cash,s-banking-money,I'll pay in cash.,අයිල් පේ ඉන් කැෂ්.,මං මුදලින් ගෙවන්නම්.,beginner
can-i-get-a-receipt,s-banking-money,Can I get a receipt?,කැන් අයි ගෙට් අ රිසීට්?,මට බිල්පතක් ගන්න පුළුවන්ද?,beginner
the-price-has-gone-up,s-banking-money,The price has gone up.,ද ප්‍රයිස් හැස් ගෝන් අප්.,මිල වැඩි වෙලා.,beginner
thats-more-than-i-expected,s-everyday-conversations,That's more than I expected.,දැට්ස් මෝර් දෑන් අයි එක්ස්පෙක්ටිඩ්.,මං හිතුවට වඩා ඒක ගණන්.,beginner
i-dont-have-enough-cash,s-banking-money,I don't have enough cash.,අයි ඩෝන්ට් හැව් ඉනෆ් කැෂ්.,මං ළඟ ඇති තරම් සල්ලි නෑ.,beginner
i-need-to-withdraw-some-money,s-banking-money,I need to withdraw some money.,අයි නීඩ් ට විත්ඩ්‍රෝ සම් මනි.,මට සල්ලි ටිකක් ගිණුමෙන් ගන්න ඕන.,intermediate
the-machine-isnt-working,s-everyday-conversations,The machine isn't working.,ද මෂීන් ඉසන්ට් වර්කින්.,යන්ත්‍රය වැඩ කරන්නේ නෑ.,beginner
try-the-one-next-door,s-home,Try the one next door.,ට්‍රයි ද වන් නෙක්ස්ට් ඩෝර්.,එහා පැත්තේ තියෙන එකෙන් බලන්න.,beginner
ill-send-you-the-money,s-banking-money,I'll send you the money.,අයිල් සෙන්ඩ් යූ ද මනි.,මං ඔයාට සල්ලි එවන්නම්.,beginner
did-you-get-the-payment,s-asking-questions,Did you get the payment?,ඩිඩ් යූ ගෙට් ද පේමන්ට්?,ඔයාට සල්ලි ලැබුණද?,beginner
it-hasnt-come-through-yet,s-everyday-conversations,It hasn't come through yet.,ඉට් හැසන්ට් කම් ත්‍රූ යෙට්.,ඒක තාම ලැබිලා නෑ.,beginner
check-again-in-a-few-minutes,s-meetings,Check again in a few minutes.,චෙක් අගේන් ඉන් අ ෆියු මිනිට්ස්.,තව විනාඩි කිහිපයකින් ආයෙ බලන්න.,intermediate
im-on-my-way-now,s-everyday-conversations,I'm on my way now.,අයිම් ඔන් මයි වේ නව්.,මං දැන් එන ගමන්.,beginner
traffic-is-really-bad-today,s-transportation,Traffic is really bad today.,ට්‍රැෆික් ඉස් රියලි බැඩ් ටුඩේ.,අද පාරේ වාහන තදබදය ගොඩක් වැඩියි.,beginner
i-might-be-a-little-late,s-everyday-conversations,I might be a little late.,අයි මයිට් බී අ ලිට්ල් ලේට්.,මං ටිකක් පරක්කු වෙන්න පුළුවන්.,intermediate
go-ahead-without-me,s-everyday-conversations,Go ahead without me.,ගෝ අහෙඩ් විදවුට් මී.,මං නැතුව ඔයාලා ඉස්සරහට යන්න.,beginner
ill-meet-you-there,s-everyday-conversations,I'll meet you there.,අයිල් මීට් යූ දෙයාර්.,මං ඔයාව එතනදී හම්බවෙන්නම්.,beginner
which-way-should-i-go,s-giving-directions,Which way should I go?,විච් වේ ෂුඩ් අයි ගෝ?,මං කොයි පැත්තෙන්ද යන්න ඕන?,beginner
keep-going-straight,s-everyday-conversations,Keep going straight.,කීප් ගෝයිං ස්ට්‍රේට්.,දිගටම කෙළින් යන්න.,beginner
turn-left-at-the-corner,s-giving-directions,Turn left at the corner.,ටර්න් ලෙෆ්ට් ඇට් ද කෝනර්.,කොනෙන් වමට හැරෙන්න.,beginner
its-across-the-street,s-everyday-conversations,It's across the street.,ඉට්ස් අක්‍රොස් ද ස්ට්‍රීට්.,ඒක පාරේ අනිත් පැත්තේ.,beginner
youve-gone-too-far,s-everyday-conversations,You've gone too far.,යූව් ගෝන් ටූ ෆාර්.,ඔයා ඕන තැන පහු කරගෙන වැඩියෙන් දුර ගිහින්.,beginner
go-back-a-little,s-everyday-conversations,Go back a little.,ගෝ බැක් අ ලිට්ල්.,ටිකක් ආපහු යන්න.,beginner
its-the-second-building,s-everyday-conversations,It's the second building.,ඉට්ස් ද සෙකන්ඩ් බිල්ඩිං.,ඒක දෙවැනි ගොඩනැගිල්ල.,beginner
you-cant-miss-it,s-everyday-conversations,You can't miss it.,යූ කෑන්ට් මිස් ඉට්.,ඒක නොපෙනී යන්න විදිහක් නෑ.,beginner
im-getting-off-here,s-everyday-conversations,I'm getting off here.,අයිම් ගෙටිං ඔෆ් හියර්.,මං මෙතනින් බහිනවා.,beginner
please-tell-me-when-we-get,s-making-requests,Please tell me when we get there.,ප්ලීස් ටෙල් මී වෙන් වී ගෙට් දෙයා.,අපි එතනට ආවාම මට කියන්න.,intermediate
how-many-stops-are-left,s-asking-questions,How many stops are left?,හව් මෙනි ස්ටොප්ස් ආර් ලෙෆ්ට්?,තව නැවතුම් කීයක් තියෙනවද?,beginner
i-think-we-missed-our-stop,s-transportation,I think we missed our stop.,අයි තිංක් වී මිස්ට් අවර් ස්ටොප්.,මං හිතන්නේ අපි බහින්න ඕන තැන පහු වුණා.,intermediate
lets-take-the-next-bus,s-transportation,Let's take the next bus.,ලෙට්ස් ටේක් ද නෙක්ස්ට් බස්.,අපි ඊළඟ බස් එකේ යමු.,beginner
the-bus-is-too-crowded,s-transportation,The bus is too crowded.,ද බස් ඉස් ටූ ක්‍රවුඩඩ්.,බස් එකේ සෙනඟ වැඩියි.,beginner
theres-no-room-to-sit,s-home,There's no room to sit.,දෙයාස් නෝ රූම් ට සිට්.,වාඩි වෙන්න ඉඩක් නෑ.,beginner
ill-stand-over-here,s-everyday-conversations,I'll stand over here.,අයිල් ස්ටෑන්ඩ් ඕවර් හියර්.,මං මෙතන හිටගෙන ඉන්නම්.,beginner
hold-onto-the-rail,s-everyday-conversations,Hold onto the rail.,හෝල්ඩ් ඔන්ටු ද රේල්.,අල්ලන දණ්ඩ තදින් අල්ලගන්න.,beginner
the-road-is-slippery,s-everyday-conversations,The road is slippery.,ද රෝඩ් ඉස් ස්ලිපරි.,පාර ලිස්සනවා.,beginner
watch-where-youre-going,s-everyday-conversations,Watch where you're going.,වොච් වෙයා යෝර් ගෝයිං.,යන තැන බලාගෙන යන්න.,beginner
be-careful-crossing-the-road,s-everyday-conversations,Be careful crossing the road.,බී කෙයාෆුල් ක්‍රොසිං ද රෝඩ්.,පාර මාරුවෙද්දී පරිස්සම් වෙන්න.,beginner
wait-for-the-light-to-change,s-banking-money,Wait for the light to change.,වේට් ෆ ද ලයිට් ට චේන්ජ්.,සංඥා එළිය මාරු වෙනකම් ඉන්න.,intermediate
lets-walk-from-here,s-everyday-conversations,Let's walk from here.,ලෙට්ස් වෝක් ෆ්‍රම් හියර්.,අපි මෙතන ඉඳන් පයින් යමු.,beginner
its-not-that-far,s-everyday-conversations,It's not that far.,ඉට්ස් නොට් දැට් ෆාර්.,ඒක එච්චර දුර නෑ.,beginner
my-feet-are-killing-me,s-everyday-conversations,My feet are killing me.,මයි ෆීට් ආර් කිලිං මී.,මගේ කකුල් හොඳටම රිදෙනවා.,beginner
lets-rest-for-a-while,s-everyday-conversations,Let's rest for a while.,ලෙට්ස් රෙස්ට් ෆ අ වයිල්.,අපි ටිකක් විවේක ගමු.,beginner
i-need-to-use-the-bathroom,s-everyday-conversations,I need to use the bathroom.,අයි නීඩ් ට යූස් ද බාත්රූම්.,මට වැසිකිළියට යන්න ඕන.,intermediate
is-there-a-bathroom-nearby,s-giving-directions,Is there a bathroom nearby?,ඉස් දෙයා අ බාත්රූම් නියර්බයි?,ළඟ වැසිකිළියක් තියෙනවද?,beginner
its-at-the-end-of-the,s-everyday-conversations,It's at the end of the hall.,ඉට්ස් ඇට් දි එන්ඩ් ඔෆ් ද හෝල්.,ඒක මේ මාර්ගයේ අන්තිමට තියෙනවා.,intermediate
the-floor-is-wet,s-everyday-conversations,The floor is wet.,ද ෆ්ලෝර් ඉස් වෙට්.,බිම තෙතයි.,beginner
be-careful-not-to-slip,s-everyday-conversations,Be careful not to slip.,බී කෙයාෆුල් නොට් ට ස්ලිප්.,ලිස්සලා වැටෙන්නෙ නැතිව පරිස්සම් වෙන්න.,beginner
i-need-a-clean-towel,s-home,I need a clean towel.,අයි නීඩ් අ ක්ලීන් ටවල්.,මට පිරිසිදු තුවායක් ඕන.,beginner
there-are-some-in-the-cupboard,s-everyday-conversations,There are some in the cupboard.,දෙයා ආර් සම් ඉන් ද කබඩ්.,අල්මාරියේ කිහිපයක් තියෙනවා.,intermediate
this-one-is-still-dirty,s-everyday-conversations,This one is still dirty.,දිස් වන් ඉස් ස්ටිල් ඩර්ටි.,මේක තාම අපිරිසිදුයි.,beginner
ill-clean-it-later,s-home,I'll clean it later.,අයිල් ක්ලීන් ඉට් ලේටර්.,මං ඒක පස්සේ පිරිසිදු කරන්නම්.,beginner
can-you-open-the-window,s-home,Can you open the window?,කැන් යූ ඕපන් ද වින්ඩෝ?,ජනේලය අරින්න පුළුවන්ද?,beginner
its-getting-hot-in-here,s-everyday-conversations,It's getting hot in here.,ඉට්ස් ගෙටිං හොට් ඉන් හියර්.,මෙතන දැන් රස්නෙ වැඩි වෙනවා.,beginner
turn-the-fan-up-a-little,s-everyday-conversations,Turn the fan up a little.,ටර්න් ද ෆෑන් අප් අ ලිට්ල්.,ෆෑන් එක ටිකක් වේගවත් කරන්න.,intermediate
its-too-cold-in-here,s-doctor-health,It's too cold in here.,ඉට්ස් ටූ කෝල්ඩ් ඉන් හියර්.,මෙතන වැඩියෙන් සීතලයි.,beginner
close-the-window-halfway,s-home,Close the window halfway.,ක්ලෝස් ද වින්ඩෝ හාෆ්වේ.,ජනේලය බාගෙට වහන්න.,beginner
i-can-hear-a-strange-noise,s-everyday-conversations,I can hear a strange noise.,අයි කැන් හියර් අ ස්ට්‍රේන්ජ් නොයිස්.,මට අමුතු සද්දයක් ඇහෙනවා.,intermediate
where-is-that-coming-from,s-giving-directions,Where is that coming from?,වෙයා ඉස් දැට් කමින් ෆ්‍රම්?,ඒ සද්දෙ එන්නේ කොහෙන්ද?,beginner
it-stopped-now,s-everyday-conversations,It stopped now.,ඉට් ස්ටොප්ට් නව්.,දැන් ඒක නැවතුණා.,beginner
my-phone-is-ringing,s-phone-conversations,My phone is ringing.,මයි ෆෝන් ඉස් රිංගිං.,මගේ ෆෝන් එකට කෝල් එකක් එනවා.,beginner
ill-call-you-right-back,s-everyday-conversations,I'll call you right back.,අයිල් කෝල් යූ රයිට් බැක්.,මං දැන්ම ආපහු ඔයාට කතා කරන්නම්.,beginner
the-signal-is-weak-here,s-everyday-conversations,The signal is weak here.,ද සිග්නල් ඉස් වීක් හියර්.,මෙතන දුරකථන සංඥා අඩුයි.,beginner
i-can-barely-hear-you,s-everyday-conversations,I can barely hear you.,අයි කැන් බෙයාලි හියර් යූ.,මට ඔයා කියන දේ අමාරුවෙන් ඇහෙන්නේ.,beginner
can-you-speak-a-little-louder,s-making-requests,Can you speak a little louder?,කැන් යූ ස්පීක් අ ලිට්ල් ලවුඩර්?,ටිකක් හයියෙන් කතා කරන්න පුළුවන්ද?,intermediate
the-call-keeps-dropping,s-everyday-conversations,The call keeps dropping.,ද කෝල් කීප්ස් ඩ්‍රොපිං.,කෝල් එක නැවත නැවත විසන්ධි වෙනවා.,beginner
lets-talk-later,s-everyday-conversations,Let's talk later.,ලෙට්ස් ටෝක් ලේටර්.,අපි පස්සේ කතා කරමු.,beginner
send-me-a-message-instead,s-phone-conversations,Send me a message instead.,සෙන්ඩ් මී අ මෙසේජ් ඉන්ස්ටෙඩ්.,ඒ වෙනුවට මට පණිවිඩයක් එවන්න.,beginner
ill-text-you-the-address,s-phone-conversations,I'll text you the address.,අයිල් ටෙක්ස්ට් යූ දි ඇඩ්‍රස්.,මං ලිපිනය පණිවිඩයකින් එවන්නම්.,beginner
did-you-see-my-message,s-phone-conversations,Did you see my message?,ඩිඩ් යූ සී මයි මෙසේජ්?,මං එවපු පණිවිඩය දැක්කද?,beginner
i-havent-checked-my-phone,s-phone-conversations,I haven't checked my phone.,අයි හැවන්ට් චෙක්ට් මයි ෆෝන්.,මං තාම ෆෝන් එක බැලුවේ නෑ.,beginner
ill-reply-when-im-free,s-everyday-conversations,I'll reply when I'm free.,අයිල් රිප්ලයි වෙන් අයිම් ෆ්‍රී.,මට වෙලාව ලැබුණාම පිළිතුරු දෙන්නම්.,beginner
my-internet-is-really-slow,s-technology,My internet is really slow.,මයි ඉන්ටනෙට් ඉස් රියලි ස්ලෝ.,මගේ අන්තර්ජාල සම්බන්ධතාව ගොඩක් මන්දගාමියි.,beginner
try-turning-the-wi-fi-off,s-everyday-conversations,Try turning the Wi-Fi off.,ට්‍රයි ටර්නිං ද වයිෆයි ඔෆ්.,වයිෆයි එක නිවලා බලන්න.,beginner
turn-it-back-on-again,s-everyday-conversations,Turn it back on again.,ටර්න් ඉට් බැක් ඔන් අගේන්.,ආයෙ ඒක ක්‍රියාත්මක කරන්න.,beginner
its-loading-now,s-everyday-conversations,It's loading now.,ඉට්ස් ලෝඩිං නව්.,දැන් ඒක විවෘත වෙමින් තියෙනවා.,beginner
the-page-wont-open,s-everyday-conversations,The page won't open.,ද පේජ් වෝන්ට් ඕපන්.,මේ පිටුව විවෘත වෙන්නේ නෑ.,beginner
send-me-the-link-again,s-everyday-conversations,Send me the link again.,සෙන්ඩ් මී ද ලිංක් අගේන්.,ඒ සබැඳිය ආයෙ මට එවන්න.,beginner
i-sent-the-wrong-one,s-problems-complaints,I sent the wrong one.,අයි සෙන්ට් ද රෝං වන්.,මං වැරදි එක එව්වා.,beginner
delete-the-first-message,s-phone-conversations,Delete the first message.,ඩිලීට් ද ෆර්ස්ට් මෙසේජ්.,පළවෙනි පණිවිඩය මකන්න.,beginner
use-the-second-one-instead,s-everyday-conversations,Use the second one instead.,යූස් ද සෙකන්ඩ් වන් ඉන්ස්ටෙඩ්.,ඒ වෙනුවට දෙවැනි එක භාවිත කරන්න.,beginner
i-saved-it-on-my-phone,s-phone-conversations,I saved it on my phone.,අයි සේව්ඩ් ඉට් ඔන් මයි ෆෝන්.,මං ඒක මගේ ෆෝන් එකේ තියාගත්තා.,intermediate
i-cant-remember-the-password,s-technology,I can't remember the password.,අයි කෑන්ට් රිමෙම්බර් ද පාස්වර්ඩ්.,මට රහස් අංකය මතක නෑ.,beginner
ill-reset-it-later,s-everyday-conversations,I'll reset it later.,අයිල් රීසෙට් ඉට් ලේටර්.,මං ඒක පස්සේ අලුත් කරගන්නම්.,beginner
write-it-down-somewhere-safe,s-everyday-conversations,Write it down somewhere safe.,රයිට් ඉට් ඩවුන් සම්වෙයා සේෆ්.,ඒක ආරක්ෂිත තැනක ලියලා තියාගන්න.,beginner
dont-share-it-with-anyone,s-everyday-conversations,Don't share it with anyone.,ඩෝන්ට් ෂෙයා ඉට් විත් එනිවන්.,ඒක කාටවත් දෙන්න එපා.,beginner
im-busy-at-the-moment,s-everyday-conversations,I'm busy at the moment.,අයිම් බිසි ඇට් ද මෝමන්ට්.,මං මේ වෙලාවේ වැඩක ඉන්නේ.,beginner
can-we-talk-after-lunch,s-restaurants-food,Can we talk after lunch?,කැන් වී ටෝක් ආෆ්ටර් ලන්ච්?,අපි දවල් කෑමෙන් පස්සේ කතා කරමුද?,beginner
i-have-a-few-things-to,s-everyday-conversations,I have a few things to finish.,අයි හැව් අ ෆියු තිංස් ට ෆිනිෂ්.,මට ඉවර කරන්න වැඩ කිහිපයක් තියෙනවා.,intermediate
im-nearly-done,s-everyday-conversations,I'm nearly done.,අයිම් නියර්ලි ඩන්.,මගේ වැඩේ ඉවර වෙන්න ළඟයි.,beginner
ill-send-it-before-i-leave,s-everyday-conversations,I'll send it before I leave.,අයිල් සෙන්ඩ් ඉට් බිෆෝර් අයි ලීව්.,මං යන්න කලින් ඒක එවන්නම්.,intermediate
please-check-it-once,s-making-requests,Please check it once.,ප්ලීස් චෙක් ඉට් වන්ස්.,කරුණාකර ඒක එක පාරක් බලන්න.,beginner
theres-a-small-mistake-here,s-problems-complaints,There's a small mistake here.,දෙයාස් අ ස්මෝල් මිස්ටේක් හියර්.,මෙතන පොඩි වැරැද්දක් තියෙනවා.,beginner
ill-fix-it-right-away,s-everyday-conversations,I'll fix it right away.,අයිල් ෆික්ස් ඉට් රයිට් අවේ.,මං ඒක දැන්ම හදන්නම්.,beginner
everything-else-looks-fine,s-everyday-conversations,Everything else looks fine.,එව්රිතිං එල්ස් ලුක්ස් ෆයින්.,අනිත් හැම දෙයක්ම හරි වගේ.,beginner
we-can-finish-this-tomorrow,s-making-plans,We can finish this tomorrow.,වී කැන් ෆිනිෂ් දිස් ටුමොරෝ.,අපිට මේක හෙට ඉවර කරන්න පුළුවන්.,beginner
theres-no-need-to-rush,s-everyday-conversations,There's no need to rush.,දෙයාර්ස් නෝ නීඩ් ටු රෂ්.,හදිස්සි වෙන්න අවශ්‍ය නෑ.,beginner
take-your-time-with-it,s-everyday-conversations,Take your time with it.,ටේක් යෝර් ටයිම් විත් ඉට්.,හදිස්සි නොවී ඒක කරන්න.,beginner
let-me-know-when-youre-done,s-everyday-conversations,Let me know when you're done.,ලෙට් මී නෝ වෙන් යෝර් ඩන්.,ඉවර වුණාම මට කියන්න.,intermediate
i-have-a-question-about-this,s-everyday-conversations,I have a question about this.,අයි හැව් අ ක්වෙස්චන් අබවුට් දිස්.,මේ ගැන මට ප්‍රශ්නයක් තියෙනවා.,intermediate
can-you-explain-it-again,s-making-requests,Can you explain it again?,කැන් යූ එක්ස්ප්ලේන් ඉට් අගේන්?,මේක ආයෙ පැහැදිලි කරන්න පුළුවන්ද?,beginner
i-understand-it-now,s-everyday-conversations,I understand it now.,අයි අන්ඩස්ටෑන්ඩ් ඉට් නව්.,දැන් මට ඒක තේරෙනවා.,beginner
im-still-a-little-confused,s-everyday-conversations,I'm still a little confused.,අයිම් ස්ටිල් අ ලිට්ල් කන්ෆියුස්ඩ්.,මට තාම ටිකක් පැහැදිලි නෑ.,beginner
can-you-show-me-an-example,s-making-requests,Can you show me an example?,කැන් යූ ෂෝ මී ඇන් එක්සාම්පල්?,මට උදාහරණයක් පෙන්නන්න පුළුවන්ද?,intermediate
that-makes-more-sense,s-everyday-conversations,That makes more sense.,දැට් මේක්ස් මෝර් සෙන්ස්.,දැන් ඒක වඩා හොඳට තේරෙනවා.,beginner
ill-try-it-myself,s-everyday-conversations,I'll try it myself.,අයිල් ට්‍රයි ඉට් මයිසෙල්ෆ්.,මංම ඒක කරලා බලන්නම්.,beginner
tell-me-if-im-doing-it,s-problems-complaints,Tell me if I'm doing it wrong.,ටෙල් මී ඉෆ් අයිම් ඩූයිං ඉට් රෝං.,මං වැරදියට කරනවා නම් මට කියන්න.,intermediate
youre-doing-it-correctly,s-everyday-conversations,You're doing it correctly.,යෝර් ඩූයිං ඉට් කරෙක්ට්ලි.,ඔයා ඒක හරියට කරනවා.,beginner
just-keep-practicing,s-everyday-conversations,Just keep practicing.,ජස්ට් කීප් ප්‍රැක්ටිසිං.,දිගටම පුහුණු වෙන්න.,beginner
i-need-a-pen,s-everyday-conversations,I need a pen.,අයි නීඩ් අ පෙන්.,මට පෑනක් ඕන.,beginner
can-i-borrow-yours,s-asking-questions,Can I borrow yours?,කැන් අයි බොරෝ යෝර්ස්?,මට ඔයාගේ එක ටිකකට ගන්න පුළුවන්ද?,beginner
ill-give-it-back-later,s-everyday-conversations,I'll give it back later.,අයිල් ගිව් ඉට් බැක් ලේටර්.,මං ඒක පස්සේ ආපහු දෙන්නම්.,beginner
theres-some-paper-over-there,s-everyday-conversations,There's some paper over there.,දෙයාස් සම් පේපර් ඕවර් දෙයා.,අතන කඩදාසි ටිකක් තියෙනවා.,beginner
write-your-name-at-the-top,s-everyday-conversations,Write your name at the top.,රයිට් යෝර් නේම් ඇට් ද ටොප්.,උඩින් ඔයාගේ නම ලියන්න.,intermediate
dont-forget-the-date,s-everyday-conversations,Don't forget the date.,ඩෝන්ට් ෆගෙට් ද ඩේට්.,දිනය දාන්න අමතක කරන්න එපා.,beginner
sign-at-the-bottom,s-everyday-conversations,Sign at the bottom.,සයින් ඇට් ද බොටම්.,පහළින් අත්සන් කරන්න.,beginner
fill-in-the-empty-spaces,s-everyday-conversations,Fill in the empty spaces.,ෆිල් ඉන් දි එම්ප්ටි ස්පේසස්.,හිස් තැන් පුරවන්න.,beginner
leave-this-part-blank,s-everyday-conversations,Leave this part blank.,ලීව් දිස් පාට් බ්ලෑන්ක්.,මේ කොටස හිස්ව තියන්න.,beginner
hand-it-to-me-when-youre,s-everyday-conversations,Hand it to me when you're done.,හෑන්ඩ් ඉට් ට මී වෙන් යෝර් ඩන්.,ඉවර වුණාම ඒක මට දෙන්න.,intermediate
im-feeling-a-bit-tired,s-feelings-emotions,I'm feeling a bit tired.,අයිම් ෆීලිං අ බිට් ටයර්ඩ්.,මට ටිකක් මහන්සියි.,beginner
i-didnt-sleep-well-last-night,s-home,I didn't sleep well last night.,අයි ඩිඩන්ට් ස්ලීප් වෙල් ලාස්ට් නයිට්.,ඊයේ රෑ මට හොඳට නින්ද ගියේ නෑ.,intermediate
im-going-to-bed-early-tonight,s-home,I'm going to bed early tonight.,අයිම් ගෝයිං ට බෙඩ් අර්ලි ටුනයිට්.,අද රෑ මං වේලාසනින් නිදාගන්නවා.,intermediate
i-need-to-rest-for-a,s-everyday-conversations,I need to rest for a bit.,අයි නීඩ් ට රෙස්ට් ෆ අ බිට්.,මට ටිකක් විවේක ගන්න ඕන.,intermediate
i-feel-much-better-now,s-feelings-emotions,I feel much better now.,අයි ෆීල් මච් බෙටර් නව්.,දැන් මට ගොඩක් හොඳයි.,beginner
i-have-a-slight-headache,s-doctor-health,I have a slight headache.,අයි හැව් අ ස්ලයිට් හෙඩේක්.,මගේ ඔළුව ටිකක් රිදෙනවා.,beginner
i-need-something-to-drink,s-restaurants-food,I need something to drink.,අයි නීඩ් සම්තිං ට ඩ්‍රිංක්.,මට බොන්න මොනවාහරි ඕන.,beginner
ill-get-some-water,s-everyday-conversations,I'll get some water.,අයිල් ගෙට් සම් වෝටර්.,මං වතුර ටිකක් ගන්නම්.,beginner
are-you-feeling-okay,s-feelings-emotions,Are you feeling okay?,ආර් යූ ෆීලිං ඕකේ?,ඔයාට හොඳින්ද?,beginner
im-fine-just-tired,s-feelings-emotions,"I'm fine, just tired.","අයිම් ෆයින්, ජස්ට් ටයර්ඩ්.","මට ප්‍රශ්නයක් නෑ, ටිකක් මහන්සියි විතරයි.",beginner
dont-worry-about-me,s-everyday-conversations,Don't worry about me.,ඩෝන්ට් වරි අබවුට් මී.,මං ගැන කරදර වෙන්න එපා.,beginner
ill-be-fine-after-some-rest,s-everyday-conversations,I'll be fine after some rest.,අයිල් බී ෆයින් ආෆ්ටර් සම් රෙස්ට්.,ටිකක් විවේක ගත්තම මට හරි යයි.,intermediate
sit-down-for-a-minute,s-everyday-conversations,Sit down for a minute.,සිට් ඩවුන් ෆ අ මිනිට්.,විනාඩියක් වාඩි වෙන්න.,beginner
i-need-to-make-an-appointment,s-doctor-health,I need to make an appointment.,අයි නීඩ් ට මේක් ඇන් අපොයින්ට්මන්ට්.,මට හමුවීමක් වෙන් කරගන්න ඕන.,intermediate
what-time-is-available,s-asking-questions,What time is available?,වොට් ටයිම් ඉස් අවේලබල්?,ලබාගන්න පුළුවන් වෙලාව කීයටද?,beginner
morning-would-be-better-for-me,s-everyday-conversations,Morning would be better for me.,මෝනිං වුඩ් බී බෙටර් ෆ මී.,මට උදේ වෙලාව වඩා හොඳයි.,intermediate
can-we-make-it-a-little,s-asking-questions,Can we make it a little later?,කැන් වී මේක් ඉට් අ ලිට්ල් ලේටර්?,ඒක ටිකක් පස්සට දාගන්න පුළුවන්ද?,intermediate
that-time-works-for-me,s-everyday-conversations,That time works for me.,දැට් ටයිම් වර්ක්ස් ෆ මී.,ඒ වෙලාව මට හොඳයි.,beginner
ill-be-there-on-time,s-airport,I'll be there on time.,අයිල් බී දෙයා ඔන් ටයිම්.,මං වෙලාවට එතන ඉන්නම්.,beginner
something-came-up-suddenly,s-everyday-conversations,Something came up suddenly.,සම්තිං කේම් අප් සඩන්ලි.,හදිසියේ වැඩක් වැටුණා.,beginner
i-need-to-change-the-time,s-banking-money,I need to change the time.,අයි නීඩ් ට චේන්ජ් ද ටයිම්.,මට වෙලාව වෙනස් කරගන්න ඕන.,intermediate
can-we-move-it-to-tomorrow,s-making-plans,Can we move it to tomorrow?,කැන් වී මූව් ඉට් ට ටුමොරෝ?,ඒක හෙටට දාගන්න පුළුවන්ද?,intermediate
tomorrow-is-fine-with-me,s-making-plans,Tomorrow is fine with me.,ටුමොරෝ ඉස් ෆයින් විත් මී.,හෙට මට ප්‍රශ්නයක් නෑ.,beginner
thanks-for-letting-me-know,s-thanking,Thanks for letting me know.,තෑන්ක්ස් ෆ ලෙටිං මී නෝ.,මට කලින් දැනුම් දුන්නට ස්තුතියි.,beginner
sorry-for-the-short-notice,s-apologizing,Sorry for the short notice.,සොරි ෆ ද ෂෝට් නෝටිස්.,අන්තිම මොහොතේ කියන්න වුණාට සමාවෙන්න.,beginner
no-problem-at-all,s-problems-complaints,No problem at all.,නෝ ප්‍රොබ්ලම් ඇට් ඕල්.,කිසිම ප්‍රශ්නයක් නෑ.,beginner
things-happen-sometimes,s-everyday-conversations,Things happen sometimes.,තිංස් හැපන් සම්ටයිම්ස්.,සමහර වෙලාවට ඔහොම දේවල් වෙනවා.,beginner
we-can-do-it-another-day,s-everyday-conversations,We can do it another day.,වී කැන් ඩූ ඉට් අනදර් ඩේ.,අපිට ඒක වෙන දවසක කරන්න පුළුවන්.,intermediate
what-are-you-doing-later,s-asking-questions,What are you doing later?,වොට් ආර් යූ ඩූයිං ලේටර්?,ඔයා පස්සේ මොකද කරන්නේ?,beginner
i-dont-have-any-plans-yet,s-making-plans,I don't have any plans yet.,අයි ඩෝන්ට් හැව් එනි ප්ලෑන්ස් යෙට්.,මං තාම මොකුත් කරන්න හිතලා නෑ.,intermediate
do-you-want-to-come-with,s-asking-questions,Do you want to come with us?,ඩු යූ වොන්ට් ට කම් විත් අස්?,ඔයාට අපිත් එක්ක එන්න ඕනද?,intermediate
sure-why-not,s-everyday-conversations,"Sure, why not?","ෂුවර්, වයි නොට්?","හරි, ඇයි බැරි?",beginner
what-time-should-we-leave,s-asking-questions,What time should we leave?,වොට් ටයිම් ෂුඩ් වී ලීව්?,අපි කීයටද යන්න ඕන?,beginner
lets-leave-around-six,s-everyday-conversations,Let's leave around six.,ලෙට්ස් ලීව් අරවුන්ඩ් සික්ස්.,අපි හය වගේ වෙද්දී යමු.,beginner
ill-be-ready-by-then,s-everyday-conversations,I'll be ready by then.,අයිල් බී රෙඩි බයි දෙන්.,ඒ වෙලාව වෙද්දී මං ලෑස්ති වෙලා ඉන්නම්.,beginner
call-me-before-you-leave,s-phone-conversations,Call me before you leave.,කෝල් මී බිෆෝර් යූ ලීව්.,ඔයා එන්න පිටත් වෙන්න කලින් මට කතා කරන්න.,beginner
ill-come-and-pick-you-up,s-everyday-conversations,I'll come and pick you up.,අයිල් කම් ඇන්ඩ් පික් යූ අප්.,මං ඇවිත් ඔයාව එක්කගෙන යන්නම්.,intermediate
you-dont-have-to-come-all,s-everyday-conversations,You don't have to come all the way.,යූ ඩෝන්ට් හැව් ට කම් ඕල් ද වේ.,ඔයා එච්චර දුර එන්න ඕන නෑ.,intermediate
i-can-manage-on-my-own,s-everyday-conversations,I can manage on my own.,අයි කැන් මැනිජ් ඔන් මයි ඕන්.,මට තනියම කරගන්න පුළුවන්.,intermediate
are-you-sure-about-that,s-asking-questions,Are you sure about that?,ආර් යූ ෂුවර් අබවුට් දැට්?,ඔයාට ඒ ගැන හොඳටම විශ්වාසද?,beginner
yeah-ill-be-fine,s-everyday-conversations,"Yeah, I'll be fine.","යෑ, අයිල් බී ෆයින්.","ඔව්, මට ප්‍රශ්නයක් වෙන්නේ නෑ.",beginner
text-me-when-you-arrive,s-phone-conversations,Text me when you arrive.,ටෙක්ස්ට් මී වෙන් යූ අරයිව්.,ඔයා එතනට ගියාම මට පණිවිඩයක් එවන්න.,beginner
i-got-here-safely,s-everyday-conversations,I got here safely.,අයි ගොට් හියර් සේෆ්ලි.,මං ආරක්ෂිතව මෙතනට ආවා.,beginner
good-to-hear-that,s-everyday-conversations,Good to hear that.,ගුඩ් ට හියර් දැට්.,ඒක අහන්න සතුටුයි.,beginner
how-was-your-day,s-asking-questions,How was your day?,හව් වස් යෝර් ඩේ?,අද දවස කොහොමද ගියේ?,beginner
it-was-pretty-busy,s-everyday-conversations,It was pretty busy.,ඉට් වස් ප්‍රිටි බිසි.,අද ටිකක් වැඩ වැඩියි.,beginner
mine-was-quite-relaxed,s-everyday-conversations,Mine was quite relaxed.,මයින් වස් ක්වයිට් රිලැක්ස්ට්.,මගේ දවස නම් හරි නිදහසේ ගියා.,beginner
i-didnt-do-much-today,s-everyday-conversations,I didn't do much today.,අයි ඩිඩන්ට් ඩූ මච් ටුඩේ.,අද මං වැඩිය දෙයක් කළේ නෑ.,beginner
i-stayed-home-most-of-the,s-home,I stayed home most of the day.,අයි ස්ටේඩ් හෝම් මෝස්ට් ඔෆ් ද ඩේ.,අද දවසේ වැඩි හරියක් මං ගෙදර හිටියා.,intermediate
i-went-out-for-a-while,s-everyday-conversations,I went out for a while.,අයි වෙන්ට් අවුට් ෆ අ වයිල්.,මං ටික වෙලාවකට එළියට ගියා.,intermediate
i-ran-into-an-old-friend,s-family-friends,I ran into an old friend.,අයි රෑන් ඉන්ටු ඇන් ඕල්ඩ් ෆ්‍රෙන්ඩ්.,මට අහම්බෙන් පරණ යාළුවෙක් හම්බවුණා.,intermediate
we-talked-for-a-few-minutes,s-meetings,We talked for a few minutes.,වී ටෝක්ට් ෆ අ ෆියු මිනිට්ස්.,අපි විනාඩි කිහිපයක් කතා කළා.,intermediate
it-was-nice-seeing-him-again,s-everyday-conversations,It was nice seeing him again.,ඉට් වස් නයිස් සීයිං හිම් අගේන්.,එයාව ආයෙ දැක්ක එක සතුටක්.,intermediate
its-been-a-long-time,s-everyday-conversations,It's been a long time.,ඉට්ස් බීන් අ ලෝං ටයිම්.,ගොඩක් කාලෙකින්.,beginner
you-havent-changed-much,s-everyday-conversations,You haven't changed much.,යූ හැවන්ට් චේන්ජ්ඩ් මච්.,ඔයා වැඩිය වෙනස් වෙලා නෑ.,beginner
you-look-exactly-the-same,s-agreeing-disagreeing,You look exactly the same.,යූ ලුක් එක්සැක්ට්ලි ද සේම්.,ඔයා එදා වගේමයි පේන්නේ.,beginner
we-should-catch-up-sometime,s-everyday-conversations,We should catch up sometime.,වී ෂුඩ් කැච් අප් සම්ටයිම්.,අපි දවසක හම්බවෙලා කතා කරන්න ඕන.,beginner
that-would-be-nice,s-everyday-conversations,That would be nice.,දැට් වුඩ් බී නයිස්.,ඒක හොඳයි.,beginner
give-me-a-call-sometime,s-everyday-conversations,Give me a call sometime.,ගිව් මී අ කෝල් සම්ටයිම්.,වෙලාවක මට කතා කරන්න.,beginner
dont-be-a-stranger,s-everyday-conversations,Don't be a stranger.,ඩෝන්ට් බී අ ස්ට්‍රේන්ජර්.,ආයෙ කතා නොකර අතුරුදහන් වෙලා ඉන්න එපා.,beginner
ill-keep-in-touch,s-everyday-conversations,I'll keep in touch.,අයිල් කීප් ඉන් ටච්.,මං දිගටම සම්බන්ධ වෙලා ඉන්නම්.,beginner
it-was-great-talking-to-you,s-everyday-conversations,It was great talking to you.,ඉට් වස් ග්‍රේට් ටෝකිං ට යූ.,ඔයා එක්ක කතා කරපු එක සතුටක්.,intermediate
i-wont-keep-you-any-longer,s-everyday-conversations,I won't keep you any longer.,අයි වෝන්ට් කීප් යූ එනි ලෝන්ගර්.,මං තවත් ඔයාව අල්ලගෙන ඉන්නේ නෑ.,intermediate
take-care-on-your-way-home,s-home,Take care on your way home.,ටේක් කෙයා ඔන් යෝර් වේ හෝම්.,ගෙදර යද්දී පරිස්සමින් යන්න.,intermediate
see-you-next-time,s-everyday-conversations,See you next time.,සී යූ නෙක්ස්ට් ටයිම්.,ඊළඟ වතාවේ හම්බවෙමු.,beginner
let-me-know-what-happens,s-everyday-conversations,Let me know what happens.,ලෙට් මී නෝ වොට් හැපන්ස්.,මොකද වෙන්නේ කියලා මටත් කියන්න.,beginner
ill-keep-you-updated,s-everyday-conversations,I'll keep you updated.,අයිල් කීප් යූ අප්ඩේටිඩ්.,මොනවා වෙයිද කියලා මං ඔයාට දැනුම් දෙන්නම්.,beginner
i-havent-decided-yet,s-everyday-conversations,I haven't decided yet.,අයි හැවන්ට් ඩිසයිඩඩ් යෙට්.,මං තාම තීරණය කරලා නෑ.,beginner
i-need-to-think-about-it,s-everyday-conversations,I need to think about it.,අයි නීඩ් ට තිංක් අබවුට් ඉට්.,මට ඒ ගැන ටිකක් හිතන්න ඕන.,intermediate
ill-decide-later,s-everyday-conversations,I'll decide later.,අයිල් ඩිසයිඩ් ලේටර්.,මං පස්සේ තීරණය කරන්නම්.,beginner
theres-no-hurry,s-everyday-conversations,There's no hurry.,දෙයාස් නෝ හරි.,හදිස්සියක් නෑ.,beginner
do-whatever-feels-right,s-everyday-conversations,Do whatever feels right.,ඩු වොට්එවර් ෆීල්ස් රයිට්.,ඔයාට හරි කියලා හිතෙන දේ කරන්න.,beginner
i-changed-my-mind,s-everyday-conversations,I changed my mind.,අයි චේන්ජ්ඩ් මයි මයින්ඩ්.,මං මගේ අදහස වෙනස් කළා.,beginner
i-think-ill-stay-home,s-home,I think I'll stay home.,අයි තිංක් අයිල් ස්ටේ හෝම්.,මං හිතන්නේ ගෙදරම ඉන්නවා.,beginner
maybe-another-time,s-everyday-conversations,Maybe another time.,මේබි අනදර් ටයිම්.,වෙන වෙලාවක බලමු.,beginner
that-sounds-better-to-me,s-everyday-conversations,That sounds better to me.,දැට් සවුන්ඩ්ස් බෙටර් ට මී.,මට නම් ඒ අදහස වඩා හොඳයි වගේ.,beginner
lets-go-with-that,s-everyday-conversations,Let's go with that.,ලෙට්ස් ගෝ විත් දැට්.,එහෙනම් ඒ විදිහට කරමු.,beginner
i-didnt-mean-to-do-that,s-everyday-conversations,I didn't mean to do that.,අයි ඩිඩන්ට් මීන් ට ඩූ දැට්.,මං ඒක හිතාමතා කළේ නෑ.,intermediate
it-was-an-accident,s-everyday-conversations,It was an accident.,ඉට් වස් ඇන් ඇක්සිඩන්ට්.,ඒක අහම්බෙන් වුණේ.,beginner
dont-worry-its-okay,s-everyday-conversations,"Don't worry, it's okay.","ඩෝන්ට් වරි, ඉට්ස් ඕකේ.","කරදර වෙන්න එපා, ඒකට කමක් නෑ.",beginner
i-should-have-been-more-careful,s-everyday-conversations,I should have been more careful.,අයි ෂුඩ් හැව් බීන් මෝර් කෙයාෆුල්.,මං තව ටිකක් පරිස්සම් වෙන්න තිබුණා.,intermediate
it-could-happen-to-anyone,s-everyday-conversations,It could happen to anyone.,ඉට් කුඩ් හැපන් ට එනිවන්.,ඕක ඕන කෙනෙකුට වෙන්න පුළුවන්.,beginner
lets-forget-about-it,s-everyday-conversations,Let's forget about it.,ලෙට්ස් ෆර්ගෙට් අබවුට් ඉට්,අපි ඒක අමතක කරලා දාමු.,beginner
i-really-appreciate-your-help,s-thanking,I really appreciate your help.,අයි රියලි අප්‍රීෂියේට් යෝර් හෙල්ප්.,ඔයා මට උදව් කරපු එක මං ගොඩක් අගය කරනවා.,beginner
you-helped-me-a-lot,s-everyday-conversations,You helped me a lot.,යූ හෙල්ප්ට් මී අ ලොට්.,ඔයා මට ගොඩක් උදව් කළා.,beginner
i-couldnt-have-done-it-alone,s-everyday-conversations,I couldn't have done it alone.,අයි කුඩන්ට් හැව් ඩන් ඉට් අලෝන්.,මට තනියම ඒක කරන්න බැරි වෙන්න තිබුණා.,intermediate
you-can-always-ask-me,s-everyday-conversations,You can always ask me.,යූ කැන් ඕල්වේස් ආස්ක් මී.,ඕන වෙලාවක මගෙන් අහන්න පුළුවන්.,beginner
i-didnt-know-that-before,s-everyday-conversations,I didn't know that before.,අයි ඩිඩන්ට් නෝ දැට් බිෆෝර්.,මං කලින් ඒක දැනගෙන හිටියේ නෑ.,beginner
ill-give-it-a-try,s-everyday-conversations,I'll give it a try.,අයිල් ගිව් ඉට් අ ට්‍රයි.,මං ඒක කරලා බලන්නම්.,beginner
well-figure-it-out-somehow,s-everyday-conversations,We'll figure it out somehow.,වීල් ෆිගර් ඉට් අවුට් සම්හව්.,කොහොමහරි අපි ඒකට විසඳුමක් හොයාගමු.,beginner
thats-enough-for-today,s-everyday-conversations,That's enough for today.,දැට්ස් ඉනෆ් ෆ ටුඩේ.,අදට එච්චර ඇති.,beginner
im-just-trying-to-keep-things,s-everyday-conversations,I'm just trying to keep things moving.,අයිම් ජස්ට් ට්‍රයිං ටු කීප් තිංස් මූවිං.,මං වැඩ ටික නතර නොවී ඉස්සරහට ගෙනියන්න උත්සාහ කරනවා.,intermediate
im-doing-the-best-i-can,s-everyday-conversations,I'm doing the best I can with what I've got.,අයිම් ඩූයිං ද බෙස්ට් අයි කැන් විත් වට් අයිව් ගොට්.,මට තියෙන දේවල් එක්ක මට පුළුවන් උපරිමය කරනවා.,intermediate
im-trying-not-to-make-things,s-everyday-conversations,I'm trying not to make things harder than they are.,අයිම් ට්‍රයිං නොට් ටු මේක් තිංස් හාර්ඩර් දෑන් දේ ආර්.,දේවල් තියෙනවට වඩා අමාරු කරගන්නෙ නැතුව ඉන්න උත්සාහ කරනවා.,intermediate
im-keeping-my-expectations-low,s-everyday-conversations,I'm keeping my expectations low.,අයිම් කීපිං මයි එක්ස්පෙක්ටේෂන්ස් ලෝ.,මං වැඩිය ලොකු බලාපොරොත්තු තියාගන්නේ නෑ.,beginner
i-dont-wanna-get-ahead-of,s-everyday-conversations,I don't wanna get ahead of myself.,අයි ඩෝන්ට් වොනා ගෙට් අහෙඩ් අව් මයිසෙල්ෆ්.,දේවල් වෙන්න කලින්ම වැඩිය ඉස්සරහට හිතන්න මට ඕන නෑ.,intermediate
lets-take-it-as-it-comes,s-everyday-conversations,Let's take it as it comes.,ලෙට්ස් ටේක් ඉට් ඇස් ඉට් කම්ස්.,එන දේ ඒ වෙලාවට බලාගමු.,intermediate
well-deal-with-whatever-comes-up,s-business,We'll deal with whatever comes up.,වීල් ඩීල් විත් වටෙවර් කම්ස් අප්.,මොන ප්‍රශ්නයක් ආවත් අපි ඒ වෙලාවේ විසඳගමු.,intermediate
theres-no-use-worrying-now,s-everyday-conversations,There's no use worrying now.,දෙයාර්ස් නෝ යූස් වරීයිං නවු.,දැන්ම බය වෙලා වැඩක් නෑ.,beginner
worrying-wont-change-anything,s-banking-money,Worrying won't change anything.,වරීයිං වෝන්ට් චේන්ජ් එනිතිං.,බය වෙලා හිටියට කිසි දෙයක් වෙනස් වෙන්නේ නෑ.,beginner
lets-focus-on-what-we-can,s-everyday-conversations,Let's focus on what we can control.,ලෙට්ස් ෆෝකස් ඔන් වට් වී කැන් කන්ට්‍රෝල්.,අපිට පාලනය කරන්න පුළුවන් දේවල් ගැන විතරක් අවධානය දෙමු.,intermediate
im-trying-to-stay-positive,s-everyday-conversations,I'm trying to stay positive.,අයිම් ට්‍රයින් ටු ස්ටේ පොසිටිව්.,මං හොඳ පැත්ත ගැන හිතාගෙන ඉන්න උත්සාහ කරනවා.,beginner
im-hoping-for-the-best,s-everyday-conversations,I'm hoping for the best.,අයිම් හෝපිං ෆෝ ද බෙස්ට්.,හොඳම දෙයක් වෙයි කියලා බලාපොරොත්තු වෙනවා.,beginner
thats-all-we-can-do-for,s-everyday-conversations,That's all we can do for now.,දැට්ස් ඕල් වී කැන් ඩූ ෆෝ නවු.,දැනට අපිට කරන්න පුළුවන් එච්චරයි.,intermediate
weve-done-what-we-can,s-everyday-conversations,We've done what we can.,වීව් ඩන් වට් වී කැන්.,අපිට පුළුවන් දේ අපි කරලා තියෙනවා.,beginner
now-we-just-have-to-wait,s-everyday-conversations,Now we just have to wait.,නවු වී ජස්ට් හැව් ටු වේට්.,දැන් කරන්න තියෙන්නේ බලාගෙන ඉන්න එක විතරයි.,intermediate
lets-give-it-a-little-time,s-everyday-conversations,Let's give it a little time.,ලෙට්ස් ගිව් ඉට් අ ලිට්ල් ටයිම්.,ඒකට ටිකක් කාලය දෙමු.,intermediate
things-might-look-different-tomorrow,s-making-plans,Things might look different tomorrow.,තිංස් මයිට් ලුක් ඩිෆරන්ට් ටුමොරෝ.,හෙට වෙනකොට දේවල් වෙනස් විදිහට පේන්න පුළුවන්.,beginner
im-not-making-any-sudden-decisions,s-everyday-conversations,I'm not making any sudden decisions.,අයිම් නොට් මේකිං එනි සඩන් ඩිසිෂන්ස්.,මං හදිසියේ තීරණ ගන්නේ නෑ.,intermediate
i-wanna-think-clearly-first,s-everyday-conversations,I wanna think clearly first.,අයි වොනා තින්ක් ක්ලියර්ලි ෆර්ස්ට්.,මුලින්ම හොඳට හිතලා බලන්න මට ඕන.,beginner
let-me-think-this-one-through,s-everyday-conversations,Let me think this one through.,ලෙට් මී තින්ක් දිස් වන් ත්රූ.,මේක ගැන මට හොඳට හිතලා බලන්න දෙන්න.,intermediate
i-dont-wanna-rush-into-it,s-everyday-conversations,I don't wanna rush into it.,අයි ඩෝන්ට් වොනා රෂ් ඉන්ටු ඉට්.,මට හදිස්සියේ මේකට යන්න ඕන නෑ.,intermediate
id-rather-wait-a-little,s-everyday-conversations,I'd rather wait a little.,අයිඩ් රැදර් වේට් අ ලිට්ල්.,මං ටිකක් බලාගෙන ඉන්න එක කැමතියි.,beginner
lets-wait-until-we-know-more,s-everyday-conversations,Let's wait until we know more.,ලෙට්ස් වේට් අන්ටිල් වී නෝ මෝර්.,තව විස්තර දැනගන්නකම් බලාගෙන ඉමු.,intermediate
i-need-the-full-picture-first,s-everyday-conversations,I need the full picture first.,අයි නීඩ් ද ෆුල් පික්චර් ෆර්ස්ට්.,මුලින්ම සම්පූර්ණ තත්ත්වය දැනගන්න මට ඕන.,intermediate
i-dont-have-enough-information-yet,s-everyday-conversations,I don't have enough information yet.,අයි ඩෝන්ට් හැව් ඉනෆ් ඉන්ෆර්මේෂන් යෙට්.,මට තාම තීරණය කරන්න තරම් තොරතුරු නෑ.,intermediate
im-not-ready-to-decide-yet,s-everyday-conversations,I'm not ready to decide yet.,අයිම් නොට් රෙඩි ටු ඩිසයිඩ් යෙට්.,මං තාම තීරණයක් ගන්න ලෑස්ති නෑ.,intermediate
ill-let-you-know-once-i,s-everyday-conversations,I'll let you know once I decide.,අයිල් ලෙට් යූ නෝ වන්ස් අයි ඩිසයිඩ්.,මං තීරණය කළාම ඔයාට කියන්නම්.,intermediate
im-still-thinking-it-over,s-everyday-conversations,I'm still thinking it over.,අයිම් ස්ටිල් තින්කිං ඉට් ඕවර්.,මං තාම ඒ ගැන හොඳට හිතනවා.,beginner
i-havent-ruled-anything-out,s-everyday-conversations,I haven't ruled anything out.,අයි හැවන්ට් රූල්ඩ් එනිතිං අවුට්.,මං තාම කිසිම තේරීමක් සම්පූර්ණයෙන් අයින් කරලා නෑ.,beginner
everythings-still-on-the-table,s-everyday-conversations,Everything's still on the table.,එව්රිතිංස් ස්ටිල් ඔන් ද ටේබල්.,තාම හැම තේරීමක්ම බලන්න පුළුවන්.,beginner
im-considering-all-my-options,s-everyday-conversations,I'm considering all my options.,අයිම් කන්සිඩරිං ඕල් මයි ඔප්ෂන්ස්.,මං තියෙන හැම තේරීමක් ගැනම හිතලා බලනවා.,beginner
i-wanna-keep-my-choices-open,s-everyday-conversations,I wanna keep my choices open.,අයි වොනා කීප් මයි චොයිසස් ඕපන්.,මට වෙන තේරීම්වලටත් ඉඩ තියාගන්න ඕන.,intermediate
im-not-committing-to-anything-yet,s-everyday-conversations,I'm not committing to anything yet.,අයිම් නොට් කමිටිං ටු එනිතිං යෙට්.,මං තාම කිසිම දෙයකට ස්ථිරව එකඟ වෙන්නේ නෑ.,intermediate
lets-see-what-else-is-out,s-everyday-conversations,Let's see what else is out there.,ලෙට්ස් සී වට් එල්ස් ඉස් අවුට් දෙයාර්.,තව මොන තේරීම් තියෙනවද බලමු.,intermediate
there-might-be-a-better-option,s-everyday-conversations,There might be a better option.,දෙයාර් මයිට් බී අ බෙටර් ඔප්ෂන්.,මීට වඩා හොඳ තේරීමක් තියෙන්න පුළුවන්.,intermediate
i-dont-wanna-settle-too-quickly,s-everyday-conversations,I don't wanna settle too quickly.,අයි ඩෝන්ට් වොනා සෙටල් ටූ ක්වික්ලි.,හදිස්සියේ ලැබෙන පළවෙනි දෙයටම එකඟ වෙන්න මට ඕන නෑ.,intermediate
lets-shop-around-a-little,s-shopping,Let's shop around a little.,ලෙට්ස් ෂොප් අරවුන්ඩ් අ ලිට්ල්.,වෙන තැන්වලත් බලලා තෝරමු.,beginner
i-wanna-compare-a-few-things,s-everyday-conversations,I wanna compare a few things first.,අයි වොනා කම්පෙයාර් අ ෆියූ තිංස් ෆර්ස්ට්.,මුලින් දේවල් කිහිපයක් සසඳලා බලන්න මට ඕන.,intermediate
let-me-see-what-else-i,s-everyday-conversations,Let me see what else I can find.,ලෙට් මී සී වට් එල්ස් අයි කැන් ෆයින්ඩ්.,මට තව මොනවා හොයාගන්න පුළුවන්ද බලන්න දෙන්න.,intermediate
im-not-sold-on-it-yet,s-everyday-conversations,I'm not sold on it yet.,අයිම් නොට් සෝල්ඩ් ඔන් ඉට් යෙට්.,මට තාම ඒ ගැන සම්පූර්ණ විශ්වාසයක් නෑ.,intermediate
i-need-a-little-convincing,s-everyday-conversations,I need a little convincing.,අයි නීඩ් අ ලිට්ල් කන්වින්සිං.,මාව තව ටිකක් විශ්වාස කරවන්න ඕන.,beginner
tell-me-why-i-should-do,s-everyday-conversations,Tell me why I should do it.,ටෙල් මී වයි අයි ෂුඩ් ඩූ ඉට්.,මං ඒක කරන්න ඕන ඇයි කියලා කියන්න.,intermediate
whats-in-it-for-me,s-asking-questions,What's in it for me?,වට්ස් ඉන් ඉට් ෆෝ මී?,මේකෙන් මට ලැබෙන වාසිය මොකක්ද?,beginner
whats-the-catch,s-asking-questions,What's the catch?,වට්ස් ද කැච්?,මේකේ හංගපු අවාසියක් තියෙනවද?,beginner
there-has-to-be-a-catch,s-everyday-conversations,There has to be a catch.,දෙයාර් හැස් ටු බී අ කැච්.,මේකේ මොකක්හරි අවාසියක් තියෙන්නම ඕන.,intermediate
it-sounds-almost-too-easy,s-everyday-conversations,It sounds almost too easy.,ඉට් සවුන්ඩ්ස් ඕල්මෝස්ට් ටූ ඊසි.,මේක හිතන්න බැරි තරම් ලේසි වගේ.,beginner
im-a-little-skeptical,s-everyday-conversations,I'm a little skeptical.,අයිම් අ ලිට්ල් ස්කෙප්ටිකල්.,මට ටිකක් සැකයි.,beginner
i-have-my-doubts,s-everyday-conversations,I have my doubts.,අයි හැව් මයි ඩවුට්ස්.,මට මේ ගැන සැක තියෙනවා.,beginner
im-not-completely-convinced,s-everyday-conversations,I'm not completely convinced.,අයිම් නොට් කම්ප්ලීට්ලි කන්වින්ස්ට්.,මට තාම ඒක සම්පූර්ණයෙන්ම විශ්වාස නැහැ.,beginner
i-need-to-see-some-proof,s-everyday-conversations,I need to see some proof.,අයි නීඩ් ටු සී සම් ප්රූෆ්.,මට යම් සාක්ෂියක් දකින්න ඕන.,intermediate
show-me-and-ill-believe-it,s-everyday-conversations,Show me and I'll believe it.,ෂෝ මී ඇන්ඩ් අයිල් බිලීව් ඉට්.,"මට පෙන්වන්න, එතකොට මං විශ්වාස කරන්නම්.",intermediate
im-not-taking-anyones-word-for,s-everyday-conversations,I'm not taking anyone's word for it.,අයිම් නොට් ටේකිං එනිවන්ස් වර්ඩ් ෆෝ ඉට්.,කවුරු කිව්වත් නිකන්ම විශ්වාස කරන්නේ නෑ.,intermediate
id-rather-check-for-myself,s-everyday-conversations,I'd rather check for myself.,අයිඩ් රැදර් චෙක් ෆෝ මයිසෙල්ෆ්.,මංම බලලා තහවුරු කරගන්න එක කැමතියි.,beginner
i-like-to-see-things-for,s-everyday-conversations,I like to see things for myself.,අයි ලයික් ටු සී තිංස් ෆෝ මයිසෙල්ෆ්.,මං දේවල් මගේ ඇස් දෙකෙන්ම බලලා දැනගන්න කැමතියි.,intermediate
im-not-taking-that-at-face,s-everyday-conversations,I'm not taking that at face value.,අයිම් නොට් ටේකිං දැට් ඇට් ෆේස් වැලියු.,කියපු දේ එහෙමම ඇත්ත කියලා මං ගන්නේ නෑ.,intermediate
theres-probably-more-to-it,s-everyday-conversations,There's probably more to it.,දෙයාර්ස් ප්‍රොබබ්ලි මෝර් ටු ඉට්.,මේකට තව කතාවක් තියෙනවා වෙන්න පුළුවන්.,beginner
lets-not-read-too-much-into,s-everyday-conversations,Let's not read too much into it.,ලෙට්ස් නොට් රීඩ් ටූ මච් ඉන්ටු ඉට්.,ඒකෙන් ඕනවට වඩා අදහස් ගන්න එපා.,intermediate
maybe-were-overthinking-this,s-everyday-conversations,Maybe we're overthinking this.,මේබි වීර් ඕවර්තින්කිං දිස්.,සමහරවිට අපි මේ ගැන ඕනවට වඩා හිතනවා.,beginner
maybe-its-simpler-than-we-think,s-everyday-conversations,Maybe it's simpler than we think.,මේබි ඉට්ස් සිම්ප්ලර් දෑන් වී තින්ක්.,සමහරවිට අපි හිතනවට වඩා මේක සරලයි.,intermediate
lets-not-make-assumptions,s-everyday-conversations,Let's not make assumptions.,ලෙට්ස් නොට් මේක් අසම්ප්ෂන්ස්.,හිතෙන් දේවල් හදාගන්නේ නැතුව ඉමු.,beginner
we-should-ask-before-we-assume,s-everyday-conversations,We should ask before we assume.,වී ෂුඩ් ආස්ක් බිෆෝර් වී අසූම්.,අනුමාන කරන්න කලින් අහලා බලන එක හොඳයි.,intermediate
there-could-be-a-simple-explanation,s-everyday-conversations,There could be a simple explanation.,දෙයාර් කුඩ් බී අ සිම්පල් එක්ස්ප්ලනේෂන්.,ඒකට සරල හේතුවක් තියෙන්න පුළුවන්.,intermediate
maybe-were-missing-something,s-everyday-conversations,Maybe we're missing something.,මේබි වීර් මිසිං සම්තිං.,සමහරවිට අපිට මොකක්හරි වැදගත් දෙයක් මඟහැරෙනවා.,beginner
lets-look-at-it-again,s-everyday-conversations,Let's look at it again.,ලෙට්ස් ලුක් ඇට් ඉට් අගේන්.,අපි ආයෙත් ඒක බලමු.,beginner
take-another-look,s-everyday-conversations,Take another look.,ටේක් අනදර් ලුක්.,ආයෙත් සැරයක් බලන්න.,beginner
look-at-it-from-another-angle,s-everyday-conversations,Look at it from another angle.,ලුක් ඇට් ඉට් ෆ්‍රම් අනදර් ඇංගල්.,ඒක වෙන පැත්තකින් බලන්න.,intermediate
try-looking-at-it-differently,s-everyday-conversations,Try looking at it differently.,ට්‍රයි ලුකිං ඇට් ඉට් ඩිෆරන්ට්ලි.,ඒක වෙනස් විදිහකට බලලා බලන්න.,beginner
maybe-theres-another-way,s-everyday-conversations,Maybe there's another way.,මේබි දෙයාර්ස් අනදර් වේ.,සමහරවිට වෙන ක්‍රමයක් තියෙන්න පුළුවන්.,beginner
theres-more-than-one-way-to,s-everyday-conversations,There's more than one way to do it.,දෙයාර්ස් මෝර් දෑන් වන් වේ ටු ඩූ ඉට්.,ඒක කරන්න එකම ක්‍රමයක් විතරක් නෙවෙයි තියෙන්නේ.,intermediate
we-dont-have-to-do-it,s-everyday-conversations,We don't have to do it the usual way.,වී ඩෝන්ට් හැව් ටු ඩූ ඉට් ද යූෂුවල් වේ.,හැමදාම කරන විදිහටම කරන්න ඕන නෑ.,intermediate
lets-try-something-different,s-everyday-conversations,Let's try something different.,ලෙට්ස් ට්‍රයි සම්තිං ඩිෆරන්ට්.,අපි වෙනස් දෙයක් කරලා බලමු.,beginner
lets-mix-things-up-a-bit,s-everyday-conversations,Let's mix things up a bit.,ලෙට්ස් මික්ස් තිංස් අප් අ බිට්.,අපි ටිකක් වෙනස් විදිහකට කරමු.,intermediate
a-change-might-do-us-good,s-banking-money,A change might do us good.,අ චේන්ජ් මයිට් ඩූ අස් ගුඩ්.,පොඩි වෙනසක් අපිට හොඳ වෙන්න පුළුවන්.,intermediate
lets-break-the-routine,s-everyday-conversations,Let's break the routine.,ලෙට්ස් බ්‍රේක් ද රූටීන්.,හැමදාම කරන එකම රටාව ටිකක් වෙනස් කරමු.,beginner
im-in-the-mood-for-something,s-feelings-emotions,I'm in the mood for something different.,අයිම් ඉන් ද මූඩ් ෆෝ සම්තිං ඩිෆරන්ට්.,අද මට වෙනස් දෙයක් කරන්න හිතෙනවා.,intermediate
i-wanna-try-something-new,s-everyday-conversations,I wanna try something new.,අයි වොනා ට්‍රයි සම්තිං නිව්.,මට අලුත් දෙයක් කරලා බලන්න ඕන.,beginner
why-dont-we-switch-it-up,s-asking-questions,Why don't we switch it up?,වයි ඩෝන්ට් වී ස්විච් ඉට් අප්?,අපි ටිකක් වෙනස් විදිහකට කරමුද?,intermediate
lets-do-something-spontaneous,s-everyday-conversations,Let's do something spontaneous.,ලෙට්ස් ඩූ සම්තිං ස්පොන්ටේනියස්.,කලින් සැලසුම් නොකර එකපාරටම මොනවාහරි කරමු.,beginner
lets-just-see-where-the-day,s-everyday-conversations,Let's just see where the day takes us.,ලෙට්ස් ජස්ට් සී වෙයාර් ද ඩේ ටේක්ස් අස්.,අද දවස කොහොම යයිද කියලා බලගෙන යමු.,intermediate
no-plans-no-pressure,s-making-plans,"No plans, no pressure.","නෝ ප්ලෑන්ස්, නෝ ප්‍රෙෂර්.","සැලසුමක් නෑ, පීඩනයක් නෑ.",beginner
lets-keep-it-relaxed,s-everyday-conversations,Let's keep it relaxed.,ලෙට්ස් කීප් ඉට් රිලැක්ස්ට්.,අපි සැහැල්ලුවෙන් කරමු.,beginner
nothing-too-serious,s-everyday-conversations,Nothing too serious.,නතිං ටූ සීරියස්.,වැඩිය ගැඹුරු දෙයක් නෙවෙයි.,beginner
lets-keep-it-fun,s-everyday-conversations,Let's keep it fun.,ලෙට්ස් කීප් ඉට් ෆන්.,අපි මේක විනෝදයෙන් කරමු.,beginner
im-just-here-for-a-good,s-everyday-conversations,I'm just here for a good time.,අයිම් ජස්ට් හියර් ෆෝ අ ගුඩ් ටයිම්.,මං ආවේ හොඳට සතුටින් කාලය ගත කරන්න.,intermediate
im-here-to-enjoy-myself,s-everyday-conversations,I'm here to enjoy myself.,අයිම් හියර් ටු එන්ජෝයි මයිසෙල්ෆ්.,මං ආවේ හොඳට විනෝද වෙන්න.,beginner
lets-make-some-memories,s-everyday-conversations,Let's make some memories.,ලෙට්ස් මේක් සම් මෙමරීස්.,අපිට පස්සේ මතක් කරගන්න ලස්සන මතක ටිකක් හදාගමු.,beginner
thisll-be-something-to-remember,s-everyday-conversations,This'll be something to remember.,දිස්ල් බී සම්තිං ටු රිමෙම්බර්.,මේක පස්සේ මතක තියාගන්න වටින දෙයක් වෙයි.,beginner
well-laugh-about-this-later,s-everyday-conversations,We'll laugh about this later.,වීල් ලාෆ් අබවුට් දිස් ලේටර්.,පස්සේ මේ ගැන හිනාවෙන්න පුළුවන් වෙයි.,beginner
one-day-thisll-be-a-funny,s-everyday-conversations,One day this'll be a funny story.,වන් ඩේ දිස්ල් බී අ ෆනි ස්ටෝරි.,දවසක මේක හිනාවෙලා කියන්න පුළුවන් කතාවක් වෙයි.,intermediate
itll-make-a-good-story-later,s-everyday-conversations,It'll make a good story later.,ඉට්ල් මේක් අ ගුඩ් ස්ටෝරි ලේටර්.,පස්සේ මේක කියන්න හොඳ කතාවක් වෙයි.,intermediate
this-is-one-for-the-books,s-everyday-conversations,This is one for the books.,දිස් ඉස් වන් ෆෝ ද බුක්ස්.,මේක නම් මතක හිටිනම සිද්ධියක්.,intermediate
i-wont-forget-this-anytime-soon,s-everyday-conversations,I won't forget this anytime soon.,අයි වෝන්ට් ෆොගෙට් දිස් එනිටයිම් සූන්.,මේක මට ලේසියෙන් අමතක වෙන්නේ නෑ.,intermediate
that-was-definitely-memorable,s-everyday-conversations,That was definitely memorable.,දැට් වස් ඩෙෆිනිට්ලි මෙමරබල්.,ඒක නම් අමතක නොවන දෙයක්.,beginner
that-was-one-heck-of-a,s-everyday-conversations,That was one heck of a day.,දැට් වස් වන් හෙක් අව් අ ඩේ.,ඒ දවස නම් මාරම දවසක්.,intermediate
ive-had-enough-excitement-for-one,s-everyday-conversations,I've had enough excitement for one day.,අයිව් හැඩ් ඉනෆ් එක්සයිට්මන්ට් ෆෝ වන් ඩේ.,අදට ඇති තරම් සිද්ධි වුණා.,intermediate
im-ready-for-some-peace-and,s-everyday-conversations,I'm ready for some peace and quiet.,අයිම් රෙඩි ෆෝ සම් පීස් ඇන්ඩ් ක්වයිට්.,දැන් මට ටිකක් නිස්කලංකව ඉන්න ඕන.,intermediate
i-need-to-slow-things-down,s-everyday-conversations,I need to slow things down a little.,අයි නීඩ් ටු ස්ලෝ තිංස් ඩවුන් අ ලිට්ල්.,මට ටිකක් වේගය අඩු කරලා සැහැල්ලුවෙන් යන්න ඕන.,intermediate
ive-been-doing-too-much-lately,s-everyday-conversations,I've been doing too much lately.,අයිව් බීන් ඩූයිං ටූ මච් ලේට්ලි.,මේ දවස්වල මං වැඩියෙන් වැඩ කරලා.,intermediate
i-need-to-take-better-care,s-everyday-conversations,I need to take better care of myself.,අයි නීඩ් ටු ටේක් බෙටර් කෙයාර් අව් මයිසෙල්ෆ්.,මං මාව තව හොඳට බලාගන්න ඕන.,intermediate
ive-been-neglecting-myself-a-bit,s-everyday-conversations,I've been neglecting myself a bit.,අයිව් බීන් නිග්ලෙක්ටිං මයිසෙල්ෆ් අ බිට්.,මේ දවස්වල මං මාව ටිකක් අමතක කරලා වගේ.,intermediate
i-need-to-make-time-for,s-everyday-conversations,I need to make time for myself.,අයි නීඩ් ටු මේක් ටයිම් ෆෝ මයිසෙල්ෆ්.,මට මං වෙනුවෙන් ටිකක් වෙලාව වෙන් කරගන්න ඕන.,intermediate
i-need-a-proper-break,s-everyday-conversations,I need a proper break.,අයි නීඩ් අ ප්‍රොපර් බ්‍රේක්.,මට හොඳ විවේකයක් ඕන.,beginner
a-day-off-would-do-me,s-everyday-conversations,A day off would do me good.,අ ඩේ ඔෆ් වුඩ් ඩූ මී ගුඩ්.,එක දවසක් වැඩ නොකර විවේක ගත්තොත් මට හොඳයි.,intermediate
i-could-really-use-a-day,s-everyday-conversations,I could really use a day off.,අයි කුඩ් රියලි යූස් අ ඩේ ඔෆ්.,මට ඇත්තටම එක දවසක් විවේක ගන්න ඕන.,intermediate
i-need-to-recharge,s-everyday-conversations,I need to recharge.,අයි නීඩ් ටු රීචාර්ජ්.,මට ආයෙත් ශක්තිය ගන්න ටිකක් විවේක වෙන්න ඕන.,beginner
i-need-to-reset,s-everyday-conversations,I need to reset.,අයි නීඩ් ටු රීසෙට්.,මට ටිකක් නවත්තලා හිතත් ශරීරයත් ආයෙත් සකස් කරගන්න ඕන.,beginner
im-giving-myself-a-break-today,s-everyday-conversations,I'm giving myself a break today.,අයිම් ගිවිං මයිසෙල්ෆ් අ බ්‍රේක් ටුඩේ.,අද මං මටම ටිකක් විවේක දෙනවා.,intermediate
im-not-doing-anything-stressful-today,s-everyday-conversations,I'm not doing anything stressful today.,අයිම් නොට් ඩූයිං එනිතිං ස්ට්‍රෙස්ෆුල් ටුඩේ.,අද මං හිතට බර දෙන කිසි දෙයක් කරන්නේ නෑ.,intermediate
todays-a-lazy-day,s-everyday-conversations,Today's a lazy day.,ටුඩේස් අ ලේසි ඩේ.,අද නිකන් කම්මැලියෙන් විවේක ගන්න දවසක්.,beginner
im-having-a-slow-day,s-everyday-conversations,I'm having a slow day.,අයිම් හැවිං අ ස්ලෝ ඩේ.,අද මං හිමින් සැහැල්ලුවෙන් ඉන්නවා.,beginner
im-taking-the-day-as-it,s-everyday-conversations,I'm taking the day as it comes.,අයිම් ටේකිං ද ඩේ ඇස් ඉට් කම්ස්.,අද දවස එන විදිහටම කරගෙන යනවා.,intermediate
im-not-rushing-anything-today,s-everyday-conversations,I'm not rushing anything today.,අයිම් නොට් රෂිං එනිතිං ටුඩේ.,අද කිසි දෙයක් හදිස්සි කරන්නේ නෑ.,beginner
im-giving-myself-permission-to-rest,s-everyday-conversations,I'm giving myself permission to rest.,අයිම් ගිවිං මයිසෙල්ෆ් පර්මිෂන් ටු රෙස්ට්.,අද මට විවේක ගන්න ඉඩ දෙනවා.,intermediate
i-dont-have-to-be-productive,s-everyday-conversations,I don't have to be productive all the time.,අයි ඩෝන්ට් හැව් ටු බී ප්‍රඩක්ටිව් ඕල් ද ටයිම්.,හැම වෙලාවෙම වැඩ කර කර ඉන්නම ඕන නෑ.,intermediate
rest-is-important-too,s-everyday-conversations,Rest is important too.,රෙස්ට් ඉස් ඉම්පෝර්ටන්ට් ටූ.,විවේකයත් වැදගත්.,beginner
ill-get-back-to-it-tomorrow,s-making-plans,I'll get back to it tomorrow.,අයිල් ගෙට් බැක් ටු ඉට් ටුමොරෝ.,හෙට මං ආයෙත් වැඩේට බහින්නම්.,intermediate
im-not-gonna-force-myself-today,s-everyday-conversations,I'm not gonna force myself today.,අයිම් නොට් ගනා ෆෝර්ස් මයිසෙල්ෆ් ටුඩේ.,අද මං මටම බලෙන් වැඩ කරවන්නේ නෑ.,intermediate
ill-do-what-i-can-and,s-everyday-conversations,I'll do what I can and leave the rest.,අයිල් ඩූ වට් අයි කැන් ඇන්ඩ් ලීව් ද රෙස්ට්.,මට පුළුවන් ටික කරලා ඉතුරු ටික පස්සේ කරන්නම්.,intermediate
something-is-better-than-nothing,s-everyday-conversations,Something is better than nothing.,සම්තිං ඉස් බෙටර් දෑන් නතිං.,මොනවාහරි ටිකක් කරන එක කිසිම දෙයක් නොකරනවට වඩා හොඳයි.,beginner
a-little-progress-is-still-progress,s-everyday-conversations,A little progress is still progress.,අ ලිට්ල් ප්‍රෝග්‍රෙස් ඉස් ස්ටිල් ප්‍රෝග්‍රෙස්.,පොඩි දියුණුවක් වුණත් ඒක දියුණුවක් තමයි.,intermediate
i-dont-need-to-do-everything,s-everyday-conversations,I don't need to do everything today.,අයි ඩෝන්ට් නීඩ් ටු ඩූ එව්රිතිං ටුඩේ.,හැම දෙයක්ම අදම කරන්න ඕන නෑ.,intermediate
theres-always-tomorrow,s-making-plans,There's always tomorrow.,දෙයාර්ස් ඕල්වේස් ටුමොරෝ.,හෙටත් දවසක් තියෙනවනේ.,beginner
im-trying-to-be-patient-with,s-everyday-conversations,I'm trying to be patient with myself.,අයිම් ට්‍රයිං ටු බී පේෂන්ට් විත් මයිසෙල්ෆ්.,මං මටම ටිකක් ඉවසීමෙන් සලකන්න උත්සාහ කරනවා.,intermediate
im-learning-not-to-rush-myself,s-everyday-conversations,I'm learning not to rush myself.,අයිම් ලර්නිං නොට් ටු රෂ් මයිසෙල්ෆ්.,මං මාව හදිස්සි නොකර ඉන්න ඉගෙනගන්නවා.,intermediate
im-giving-myself-time-to-improve,s-everyday-conversations,I'm giving myself time to improve.,අයිම් ගිවින් මයිසෙල්ෆ් ටයිම් ටු ඉම්ප්‍රූව්.,මට දියුණු වෙන්න කාලය දෙනවා.,intermediate
im-trying-to-enjoy-the-process,s-everyday-conversations,I'm trying to enjoy the process.,අයිම් ට්‍රයිං ටු එන්ජෝයි ද ප්‍රොසෙස්.,අන්තිම ප්‍රතිඵලය විතරක් නොබලා යන ගමනත් සතුටින් කරගෙන යන්න උත්සාහ කරනවා.,intermediate
im-not-comparing-myself-to-anyone,s-everyday-conversations,I'm not comparing myself to anyone.,අයිම් නොට් කම්පෙයාරිං මයිසෙල්ෆ් ටු එනිවන්.,මං මාව වෙන කෙනෙක් එක්ක සසඳන්නේ නෑ.,intermediate
everyone-moves-at-their-own-pace,s-everyday-conversations,Everyone moves at their own pace.,එව්රිවන් මූව්ස් ඇට් දෙයාර් ඕන් පේස්.,හැමෝම තමන්ට ගැලපෙන වේගයෙන් ඉස්සරහට යනවා.,intermediate
im-focusing-on-my-own-progress,s-everyday-conversations,I'm focusing on my own progress.,අයිම් ෆෝකසිං ඔන් මයි ඕන් ප්‍රෝග්‍රෙස්.,මං මගේම දියුණුව ගැන අවධානය දෙනවා.,intermediate
im-doing-this-for-myself,s-everyday-conversations,I'm doing this for myself.,අයිම් ඩූයිං දිස් ෆෝ මයිසෙල්ෆ්.,මං මේක කරන්නේ මං වෙනුවෙන්.,beginner
ive-got-nothing-to-prove,s-everyday-conversations,I've got nothing to prove.,අයිව් ගොට් නතිං ටු ප්රූව්.,මට කාටවත් මං කවුද කියලා ඔප්පු කරන්න දෙයක් නෑ.,beginner
i-know-what-im-capable-of,s-everyday-conversations,I know what I'm capable of.,අයි නෝ වට් අයිම් කේපබල් අව්.,මට මොනවා කරන්න පුළුවන්ද කියලා මං දන්නවා.,intermediate
im-learning-to-trust-myself,s-everyday-conversations,I'm learning to trust myself.,අයිම් ලර්නිං ටු ට්‍රස්ට් මයිසෙල්ෆ්.,මං මාවම විශ්වාස කරන්න ඉගෙනගන්නවා.,beginner
im-becoming-more-comfortable-with-myself,s-everyday-conversations,I'm becoming more comfortable with myself.,අයිම් බිකමිං මෝර් කම්ෆටබල් විත් මයිසෙල්ෆ්.,මං මං ගැනම වැඩියෙන් සැහැල්ලුවෙන් ඉන්න පුරුදු වෙනවා.,intermediate
im-okay-with-not-knowing-everything,s-everyday-conversations,I'm okay with not knowing everything.,අයිම් ඕකේ විත් නොට් නෝයිං එව්රිතිං.,හැම දෙයක්ම නොදැන හිටියත් ඒක මට දැන් අවුලක් නෑ.,intermediate
im-okay-with-making-mistakes,s-everyday-conversations,I'm okay with making mistakes.,අයිම් ඕකේ විත් මේකින් මිස්ටේක්ස්.,වැරදි වුණත් ඒක සාමාන්‍ය දෙයක් කියලා මං පිළිගන්නවා.,beginner
im-learning-from-every-mistake,s-problems-complaints,I'm learning from every mistake.,අයිම් ලර්නිං ෆ්‍රම් එව්රි මිස්ටේක්.,හැම වැරැද්දකින්ම මං දෙයක් ඉගෙනගන්නවා.,beginner
im-not-beating-myself-up-over,s-everyday-conversations,I'm not beating myself up over it.,අයිම් නොට් බීටිං මයිසෙල්ෆ් අප් ඕවර් ඉට්.,ඒ වැරැද්ද ගැන මං මටම දොස් කිය කිය ඉන්නේ නෑ.,intermediate
ill-do-better-next-time,s-everyday-conversations,I'll do better next time.,අයිල් ඩූ බෙටර් නෙක්ස්ට් ටයිම්.,ඊළඟ සැරේ මං තව හොඳට කරන්නම්.,beginner
now-i-know-what-not-to,s-everyday-conversations,Now I know what not to do.,නවු අයි නෝ වට් නොට් ටු ඩූ.,දැන් මට කරන්න එපා මොකක්ද කියලා තේරෙනවා.,intermediate
at-least-i-learned-something,s-everyday-conversations,At least I learned something.,ඇට් ලීස්ට් අයි ලර්න්ඩ් සම්තිං.,අඩුම ගානේ මං දෙයක් ඉගෙනගත්තා.,beginner
it-wasnt-a-total-waste,s-everyday-conversations,It wasn't a total waste.,ඉට් වොසන්ට් අ ටෝටල් වේස්ට්.,ඒක සම්පූර්ණයෙන්ම නිකම් ගිය දෙයක් නෙවෙයි.,beginner
something-good-came-out-of-it,s-everyday-conversations,Something good came out of it.,සම්තිං ගුඩ් කේම් අවුට් අව් ඉට්.,ඒකෙන් අඩුම ගානේ හොඳ දෙයක් ලැබුණා.,intermediate
maybe-it-happened-for-a-reason,s-everyday-conversations,Maybe it happened for a reason.,මේබි ඉට් හැපන්ඩ් ෆෝ අ රීසන්.,සමහරවිට ඒක වෙන්න හේතුවක් තිබුණා වෙන්න පුළුවන්.,intermediate
im-trying-to-see-the-good,s-everyday-conversations,I'm trying to see the good in it.,අයිම් ට්‍රයිං ටු සී ද ගුඩ් ඉන් ඉට්.,ඒකේ හොඳ පැත්තක් තියෙනවද බලන්න උත්සාහ කරනවා.,intermediate
im-not-letting-it-ruin-my,s-everyday-conversations,I'm not letting it ruin my day.,අයිම් නොට් ලෙටිං ඉට් රූඉන් මයි ඩේ.,ඒක නිසා මගේ මුළු දවසම නරක් කරගන්නේ නෑ.,intermediate
im-not-gonna-let-it-get,s-everyday-conversations,I'm not gonna let it get to me.,අයිම් නොට් ගනා ලෙට් ඉට් ගෙට් ටු මී.,ඒක මගේ හිතට වැඩිය බලපාන්න දෙන්නේ නෑ.,intermediate
im-shaking-it-off,s-everyday-conversations,I'm shaking it off.,අයිම් ෂේකිං ඉට් ඔෆ්.,ඒක අතහැරලා ආයෙත් සාමාන්‍ය වෙන්න උත්සාහ කරනවා.,beginner
im-moving-past-it,s-everyday-conversations,I'm moving past it.,අයිම් මූවිං පාස්ට් ඉට්.,ඒක පහු කරලා ඉස්සරහට යනවා.,beginner
im-not-dwelling-on-it-anymore,s-everyday-conversations,I'm not dwelling on it anymore.,අයිම් නොට් ඩ්වෙලිං ඔන් ඉට් එනිමෝර්.,දැන් ඒ ගැනම හිත හිත ඉන්නේ නෑ.,intermediate
im-putting-it-behind-me,s-everyday-conversations,I'm putting it behind me.,අයිම් පුටිං ඉට් බිහයින්ඩ් මී.,මං ඒක පරණ දෙයක් කරලා ඉස්සරහට යනවා.,beginner
im-done-worrying-about-it,s-everyday-conversations,I'm done worrying about it.,අයිම් ඩන් වරීයිං අබවුට් ඉට්.,දැන් ඒ ගැන බය වෙලා ඇති.,beginner
im-letting-it-go,s-everyday-conversations,I'm letting it go.,අයිම් ලෙටිං ඉට් ගෝ.,මං ඒක අතහැරලා දානවා.,beginner
ive-made-peace-with-it,s-everyday-conversations,I've made peace with it.,අයිව් මේඩ් පීස් විත් ඉට්.,දැන් ඒක පිළිගෙන හිත සන්සුන් කරගෙන ඉන්නවා.,beginner
ive-accepted-it,s-everyday-conversations,I've accepted it.,අයිව් ඇක්සෙප්ටිඩ් ඉට්.,මං දැන් ඒක පිළිගෙන තියෙනවා.,beginner
theres-no-changing-it-now,s-everyday-conversations,There's no changing it now.,දෙයාර්ස් නෝ චේන්ජිං ඉට් නවු.,දැන් ඒක වෙනස් කරන්න බෑ.,beginner
no-point-looking-back,s-everyday-conversations,No point looking back.,නෝ පොයින්ට් ලුකිං බැක්.,පරණ දේ ගැනම හිත හිත ඉඳලා වැඩක් නෑ.,beginner
im-looking-ahead-now,s-everyday-conversations,I'm looking ahead now.,අයිම් ලුකිං අහෙඩ් නවු.,දැන් මං ඉස්සරහට වෙන දේ ගැන හිතනවා.,beginner
im-ready-for-a-fresh-start,s-everyday-conversations,I'm ready for a fresh start.,අයිම් රෙඩි ෆෝ අ ෆ්‍රෙෂ් ස්ටාර්ට්.,මං අලුතින් පටන් ගන්න ලෑස්තියි.,intermediate
im-starting-over,s-everyday-conversations,I'm starting over.,අයිම් ස්ටාර්ටිං ඕවර්.,මං ආයෙත් මුල ඉඳන් පටන් ගන්නවා.,beginner
this-time-im-doing-things-differently,s-everyday-conversations,This time I'm doing things differently.,දිස් ටයිම් අයිම් ඩූයිං තිංස් ඩිෆරන්ට්ලි.,මේ සැරේ මං වෙනස් විදිහකට කරනවා.,intermediate
ive-learned-my-lesson,s-school-education,I've learned my lesson.,අයිව් ලර්න්ඩ් මයි ලෙසන්.,මං මේකෙන් හොඳ පාඩමක් ඉගෙනගෙන තියෙනවා.,beginner
im-not-repeating-the-same-mistake,s-problems-complaints,I'm not repeating the same mistake.,අයිම් නොට් රිපීටිං ද සේම් මිස්ටේක්.,මං ආයෙත් ඒම වැරැද්ද කරන්නේ නෑ.,intermediate
i-know-what-i-need-to,s-banking-money,I know what I need to change.,අයි නෝ වට් අයි නීඩ් ටු චේන්ජ්.,මට වෙනස් කරන්න ඕන දේ මං දන්නවා.,intermediate
im-working-on-myself,s-everyday-conversations,I'm working on myself.,අයිම් වර්කිං ඔන් මයිසෙල්ෆ්.,මං මාවම හොඳ කරගන්න උත්සාහ කරනවා.,beginner
im-trying-to-become-better,s-everyday-conversations,I'm trying to become better.,අයිම් ට්‍රයිං ටු බිකම් බෙටර්.,මං තව හොඳ කෙනෙක් වෙන්න උත්සාහ කරනවා.,beginner
im-trying-to-break-old-habits,s-everyday-conversations,I'm trying to break old habits.,අයිම් ට්‍රයිං ටු බ්‍රේක් ඕල්ඩ් හැබිට්ස්.,පරණ නරක පුරුදු අතහරින්න උත්සාහ කරනවා.,intermediate
im-building-better-habits,s-everyday-conversations,I'm building better habits.,අයිම් බිල්ඩිං බෙටර් හැබිට්ස්.,මං හොඳ පුරුදු හදාගන්නවා.,beginner
im-trying-to-be-more-consistent,s-everyday-conversations,I'm trying to be more consistent.,අයිම් ට්‍රයිං ටු බී මෝර් කන්සිස්ටන්ට්.,මං එක දිගටම එකම විදිහට කරගෙන යන්න උත්සාහ කරනවා.,intermediate
im-trying-to-stay-disciplined,s-everyday-conversations,I'm trying to stay disciplined.,අයිම් ට්‍රයිං ටු ස්ටේ ඩිසිප්ලින්ඩ්.,මං මාව පාලනය කරගෙන නියමිත විදිහට කරගෙන යන්න උත්සාහ කරනවා.,beginner
im-sticking-to-the-plan-this,s-making-plans,I'm sticking to the plan this time.,අයිම් ස්ටිකිං ටු ද ප්ලෑන් දිස් ටයිම්.,මේ සැරේ මං හදාගත්ත සැලසුමට අනුවම යනවා.,intermediate
im-not-making-excuses-anymore,s-everyday-conversations,I'm not making excuses anymore.,අයිම් නොට් මේකිං එක්ස්කියුසස් එනිමෝර්.,දැන් මං නිදහසට කරුණු කියන්නේ නෑ.,beginner
im-just-getting-on-with-it,s-everyday-conversations,I'm just getting on with it.,අයිම් ජස්ට් ගෙටිං ඔන් විත් ඉට්.,මං වැඩිය කතා නොකර වැඩේ කරගෙන යනවා.,intermediate
im-getting-things-done,s-everyday-conversations,I'm getting things done.,අයිම් ගෙටිං තිංස් ඩන්.,මං කරන්න තියෙන වැඩ ඉවර කරගෙන යනවා.,beginner
im-finally-making-things-happen,s-everyday-conversations,I'm finally making things happen.,අයිම් ෆයිනලි මේකිං තිංස් හැපන්.,අන්තිමට මං දේවල් ඇත්තටම කරගෙන යන්න පටන් අරන්.,beginner
im-proud-of-the-progress-ive,s-everyday-conversations,I'm proud of the progress I've made.,අයිම් ප්‍රවුඩ් අව් ද ප්‍රෝග්‍රෙස් අයිව් මේඩ්.,මං දියුණු වෙලා තියෙන විදිහ ගැන මට සතුටුයි.,intermediate
ive-come-further-than-i-expected,s-everyday-conversations,I've come further than I expected.,අයිව් කම් ෆර්දර් දෑන් අයි එක්ස්පෙක්ටිඩ්.,මං හිතුවට වඩා ගොඩක් දුර දියුණු වෙලා.,intermediate
im-not-stopping-now,s-everyday-conversations,I'm not stopping now.,අයිම් නොට් ස්ටොපිං නවු.,දැන් නම් මං නවත්තන්නේ නෑ.,beginner
im-only-getting-started,s-everyday-conversations,I'm only getting started.,අයිම් ඕන්ලි ගෙටිං ස්ටාර්ටිඩ්.,මං තාම පටන් ගත්තා විතරයි.,beginner
theres-plenty-more-to-come,s-everyday-conversations,There's plenty more to come.,දෙයාර්ස් ප්ලෙන්ටි මෝර් ටු කම්.,ඉස්සරහට තව ගොඩක් දේවල් තියෙනවා.,beginner
im-excited-to-see-what-happens,s-everyday-conversations,I'm excited to see what happens next.,අයිම් එක්සයිටිඩ් ටු සී වට් හැපන්ස් නෙක්ස්ට්.,ඊළඟට මොකද වෙන්නේ කියලා බලන්න මට ආසයි.,intermediate
im-looking-forward-to-whats-next,s-everyday-conversations,I'm looking forward to what's next.,අයිම් ලුකිං ෆෝවර්ඩ් ටු වට්ස් නෙක්ස්ට්.,ඉස්සරහට එන දේවල් ගැන මං ආසාවෙන් බලාගෙන ඉන්නවා.,intermediate
ive-got-a-lot-to-look,s-phrasal-verbs,I've got a lot to look forward to.,අයිව් ගොට් අ ලොට් ටු ලුක් ෆෝවර්ඩ් ටු.,ඉස්සරහට බලාපොරොත්තු වෙන්න හොඳ දේවල් ගොඩක් තියෙනවා.,intermediate
things-are-finally-falling-into-place,s-everyday-conversations,Things are finally falling into place.,තිංස් ආර් ෆයිනලි ෆෝලිං ඉන්ටු ප්ලේස්.,අන්තිමට දේවල් ටික ටික හරි තැනට එනවා.,intermediate
everythings-starting-to-come-together,s-everyday-conversations,Everything's starting to come together.,එව්රිතිංස් ස්ටාර්ටිං ටු කම් ටුගෙදර්.,හැමදේම ටික ටික හරි විදිහට එකතු වෙන්න පටන් අරන්.,beginner
i-can-finally-see-the-bigger,s-everyday-conversations,I can finally see the bigger picture.,අයි කැන් ෆයිනලි සී ද බිගර් පික්චර්.,දැන් මට මුළු කතාවම හොඳට තේරෙනවා.,intermediate
its-all-starting-to-make-sense,s-everyday-conversations,It's all starting to make sense.,ඉට්ස් ඕල් ස්ටාර්ටිං ටු මේක් සෙන්ස්.,දැන් හැමදේම ටික ටික තේරෙන්න පටන් අරන්.,intermediate
i-think-im-on-the-right,s-everyday-conversations,I think I'm on the right track.,අයි තින්ක් අයිම් ඔන් ද රයිට් ට්‍රැක්.,මං හරි පාරේ යනවා කියලා හිතෙනවා.,intermediate
im-headed-in-the-right-direction,s-giving-directions,I'm headed in the right direction.,අයිම් හෙඩිඩ් ඉන් ද රයිට් ඩිරෙක්ෂන්.,මං හරි දිශාවට යනවා.,intermediate
i-feel-like-im-finally-getting,s-feelings-emotions,I feel like I'm finally getting somewhere.,අයි ෆීල් ලයික් අයිම් ෆයිනලි ගෙටිං සම්වෙයාර්.,අන්තිමට මගේ මහන්සියෙන් ප්‍රතිඵලයක් එනවා වගේ දැනෙනවා.,intermediate
im-starting-to-see-results,s-everyday-conversations,I'm starting to see results.,අයිම් ස්ටාර්ටිං ටු සී රිසල්ට්ස්.,දැන් මට ටික ටික ප්‍රතිඵල පේන්න පටන් අරන්.,beginner
all-the-effort-is-paying-off,s-everyday-conversations,All the effort is paying off.,ඕල් දි එෆර්ට් ඉස් පේයිං ඔෆ්.,දාපු මහන්සියට දැන් ප්‍රතිඵල ලැබෙනවා.,intermediate
im-glad-i-kept-going,s-feelings-emotions,I'm glad I kept going.,අයිම් ග්ලැඩ් අයි කෙප්ට් ගෝයිං.,මං අතහරින්නේ නැතුව දිගටම කරගෙන ගිය එක ගැන සතුටුයි.,beginner
this-is-only-the-beginning,s-everyday-conversations,This is only the beginning.,දිස් ඉස් ඕන්ලි ද බිගිනිං.,මේ තාම ආරම්භය විතරයි.,beginner
im-trying-to-take-things-less,s-everyday-conversations,I'm trying to take things less personally these days.,අයිම් ට්‍රයිං ටු ටේක් තිංස් ලෙස් පර්සනලි දීස් ඩේස්.,මේ දවස්වල හැම දෙයක්ම මටම කියපු දෙයක් වගේ හිතට නොගෙන ඉන්න මම බලනවා.,intermediate
i-didnt-realize-how-much-that,s-everyday-conversations,I didn't realize how much that bothered me.,අයි ඩිඩ්න්ට් රියලයිස් හව් මච් දැට් බොදර්ඩ් මී.,ඒක මට මෙච්චර කරදරයක් වෙලා කියලා මට තේරුණේ නෑ.,intermediate
im-not-sure-what-you-want,s-everyday-conversations,I'm not sure what you want me to say.,අයිම් නොට් ෂුවර් වට් යූ වොන්ට් මී ටු සේ.,ඔයාට මගෙන් මොනවා කියවගන්න ඕනද කියලා මට හිතාගන්න බෑ.,intermediate
i-dont-want-to-make-a,s-feelings-emotions,I don't want to make a decision while I'm angry.,අයි ඩෝන්ට් වොන්ට් ටු මේක් අ ඩිසිෂන් වයිල් අයිම් ඇන්ග්‍රි.,මම තරහින් ඉන්න වෙලාවේ තීරණයක් ගන්න මට ඕන නෑ.,intermediate
i-think-we-need-to-be,s-everyday-conversations,I think we need to be a little more flexible.,අයි තින්ක් වී නීඩ් ටු බී අ ලිට්ල් මෝර් ෆ්ලෙක්සිබල්.,අපි ටිකක් තත්ත්වයට අනුව වෙනස් වෙන්න සූදානම් වෙන්න ඕන.,intermediate
im-trying-to-get-used-to,s-everyday-conversations,I'm trying to get used to speaking more naturally.,අයිම් ට්‍රයිං ටු ගෙට් යූස්ට් ටු ස්පීකිං මෝර් නැචුරලි.,තව ස්වභාවිකව කතා කරන්න හුරු වෙන්න මම බලනවා.,intermediate
i-didnt-think-it-would-bother,s-everyday-conversations,I didn't think it would bother you that much.,අයි ඩිඩ්න්ට් තින්ක් ඉට් වුඩ් බොදර් යූ දැට් මච්.,ඒක ඔයාට එච්චර කරදරයක් වෙයි කියලා මම හිතුවේ නෑ.,intermediate
im-not-sure-if-im-looking,s-everyday-conversations,I'm not sure if I'm looking at this the right way.,අයිම් නොට් ෂුවර් ඉෆ් අයිම් ලුකිං ඇට් දිස් ද රයිට් වේ.,මම මේක හරි විදිහට බලනවද කියලා මට සැකයි.,advanced
i-dont-want-to-say-something,s-everyday-conversations,I don't want to say something I don't mean.,අයි ඩෝන්ට් වොන්ට් ටු සේ සම්තිං අයි ඩෝන්ට් මීන්.,මම ඇත්තටම අදහස් නොකරන දෙයක් කියන්න මට ඕන නෑ.,intermediate
i-think-we-should-give-ourselves,s-everyday-conversations,I think we should give ourselves another chance.,අයි තින්ක් වී ෂුඩ් ගිව් අවර්සෙල්ව්ස් අනදර් චාන්ස්.,අපි අපිටම තවත් අවස්ථාවක් දෙමු.,intermediate
im-trying-to-stop-worrying-about,s-transportation,I'm trying to stop worrying about things before they happen.,අයිම් ට්‍රයිං ටු ස්ටොප් වරීඉං අබවුට් තිංස් බිෆෝර් දේ හැපන්.,දේවල් වෙන්නත් කලින් ඒ ගැන වද වෙන එක නවත්තන්න මම බලනවා.,intermediate
i-didnt-realize-how-tired-i,s-feelings-emotions,I didn't realize how tired I actually was.,අයි ඩිඩ්න්ට් රියලයිස් හව් ටයර්ඩ් අයි ඇක්චුවලි වොස්.,මම ඇත්තටම කොච්චර මහන්සි වෙලා හිටියද කියලා මට තේරුණේ නෑ.,intermediate
im-not-sure-whether-were-being,s-everyday-conversations,I'm not sure whether we're being too optimistic.,අයිම් නොට් ෂුවර් වෙදර් වියර් බීඉං ටූ ඔප්ටිමිස්ටික්.,අපි ඕනෑවට වඩා හොඳම දේ වෙයි කියලා හිතනවද කියලා සැකයි.,intermediate
i-dont-want-to-be-unfair,s-everyday-conversations,I don't want to be unfair to anyone.,අයි ඩෝන්ට් වොන්ට් ටු බී අන්ෆෙයාර් ටු එනිවන්.,කාටවත් අසාධාරණ වෙන්න මට ඕන නෑ.,intermediate
i-think-you-deserve-more-credit,s-everyday-conversations,I think you deserve more credit than you give yourself.,අයි තින්ක් යූ ඩිසර්ව් මෝර් ක්‍රෙඩිට් දෑන් යූ ගිව් යෝර්සෙල්ෆ්.,ඔයා ඔයාටම දෙන අගයට වඩා වැඩි අගයක් ඔයාට ලැබෙන්න ඕන.,intermediate
im-trying-to-be-more-careful,s-everyday-conversations,I'm trying to be more careful about what I say yes to.,අයිම් ට්‍රයිං ටු බී මෝර් කෙයාර්ෆුල් අබවුට් වට් අයි සේ යෙස් ටු.,මම එකඟ වෙන දේවල් ගැන තව පරිස්සම් වෙන්න බලනවා.,advanced
i-didnt-expect-to-feel-this,s-feelings-emotions,I didn't expect to feel this confident.,අයි ඩිඩ්න්ට් එක්ස්පෙක්ට් ටු ෆීල් දිස් කන්ෆිඩන්ට්.,මට මෙච්චර විශ්වාසයෙන් දැනෙයි කියලා හිතුවේ නෑ.,intermediate
im-not-sure-how-serious-he,s-everyday-conversations,I'm not sure how serious he was being.,අයිම් නොට් ෂුවර් හව් සීරියස් හී වොස් බීඉං.,එයා ඒක කොච්චර ඇත්තටම කිව්වද කියලා මට විශ්වාස නෑ.,intermediate
i-dont-want-to-make-things-2,s-everyday-conversations,I don't want to make things harder for myself.,අයි ඩෝන්ට් වොන්ට් ටු මේක් තිංස් හාඩර් ෆෝර් මයිසෙල්ෆ්.,මම මටම දේවල් තවත් අමාරු කරගන්න කැමති නෑ.,intermediate
i-think-we-should-stop-and,s-transportation,I think we should stop and think before we respond.,අයි තින්ක් වී ෂුඩ් ස්ටොප් ඇන්ඩ් තින්ක් බිෆෝර් වී රිස්පොන්ඩ්.,උත්තර දෙන්න කලින් ටිකක් නවත්තලා හිතමු.,intermediate
im-trying-to-get-better-at,s-everyday-conversations,I'm trying to get better at trusting my own judgment.,අයිම් ට්‍රයිං ටු ගෙට් බෙටර් ඇට් ට්‍රස්ටිං මයි ඕන් ජජ්මන්ට්.,මගේම තීරණ ගැන විශ්වාස කරන්න මම තව හුරු වෙන්න බලනවා.,intermediate
i-didnt-know-that-was-still,s-everyday-conversations,I didn't know that was still bothering you.,අයි ඩිඩ්න්ට් නෝ දැට් වොස් ස්ටිල් බොදරිං යූ.,ඒක තාමත් ඔයාට කරදරයක් වෙලා තියෙනවා කියලා මම දැනගෙන හිටියේ නෑ.,intermediate
im-not-sure-whether-this-is,s-everyday-conversations,I'm not sure whether this is really worth it.,අයිම් නොට් ෂුවර් වෙදර් දිස් ඉස් රියලි වර්ත් ඉට්.,මේක ඇත්තටම වටිනවද කියලා මට සැකයි.,intermediate
i-dont-want-to-keep-saying,s-everyday-conversations,I don't want to keep saying the same thing over and over.,අයි ඩෝන්ට් වොන්ට් ටු කීප් සේයිං ද සේම් තිං ඕවර් ඇන්ඩ් ඕවර්.,එකම දේ ආයෙ ආයෙත් කියන්න මට ඕන නෑ.,advanced
i-think-we-should-try-to,s-everyday-conversations,I think we should try to keep things civil.,අයි තින්ක් වී ෂුඩ් ට්‍රයි ටු කීප් තිංස් සිවිල්.,අපි තරහ නොගෙන ගරුසරු ඇතිව කතා කරන්න බලමු.,intermediate
im-trying-to-stop-making-decisions,s-transportation,I'm trying to stop making decisions based on other people's opinions.,අයිම් ට්‍රයිං ටු ස්ටොප් මේකිං ඩිසිෂන්ස් බේස්ට් ඔන් අදර් පීපල්ස් ඔපීනියන්ස්.,අනිත් අයගේ අදහස් මත මගේ තීරණ ගන්න එක නවත්තන්න මම බලනවා.,advanced
i-didnt-mean-to-sound-like,s-everyday-conversations,I didn't mean to sound like I was criticizing you.,අයි ඩිඩ්න්ට් මීන් ටු සවුන්ඩ් ලයික් අයි වොස් ක්‍රිටිසයිසිං යූ.,මම ඔයාව විවේචනය කරනවා වගේ කතා කරන්න හිතුවේ නෑ.,intermediate
im-not-sure-whether-he-understood,s-everyday-conversations,I'm not sure whether he understood what I meant.,අයිම් නොට් ෂුවර් වෙදර් හී අන්ඩර්ස්ටුඩ් වට් අයි මෙන්ට්.,මම අදහස් කළ දේ එයාට තේරුණාද කියලා මට විශ්වාස නෑ.,intermediate
i-dont-want-to-keep-avoiding,s-everyday-conversations,I don't want to keep avoiding the obvious.,අයි ඩෝන්ට් වොන්ට් ටු කීප් අවොයිඩිං දි ඔබ්වියස්.,පැහැදිලිවම තියෙන දේ දිගටම මඟහරින්න මට ඕන නෑ.,intermediate
i-think-we-need-to-take,s-everyday-conversations,I think we need to take his feelings into account.,අයි තින්ක් වී නීඩ් ටු ටේක් හිස් ෆීලිංස් ඉන්ටු අකවුන්ට්.,එයාට දැනෙන දේත් අපි සලකා බලන්න ඕන.,intermediate
im-trying-to-be-more-comfortable,s-everyday-conversations,I'm trying to be more comfortable speaking without preparing everything first.,අයිම් ට්‍රයිං ටු බී මෝර් කම්ෆර්ටබල් ස්පීකිං විදවුට් ප්‍රිපෙයාරිං එව්රිතිං ෆර්ස්ට්.,හැම දෙයක්ම කලින් සූදානම් නොකරත් කතා කරන්න හුරු වෙන්න මම බලනවා.,advanced
i-didnt-think-id-get-used,s-everyday-conversations,I didn't think I'd get used to it this quickly.,අයි ඩිඩ්න්ට් තින්ක් අයිඩ් ගෙට් යූස්ට් ටු ඉට් දිස් ක්වික්ලි.,මම මෙච්චර ඉක්මනට ඒකට හුරු වෙයි කියලා හිතුවේ නෑ.,intermediate
im-not-sure-what-were-waiting,s-everyday-conversations,I'm not sure what we're waiting for anymore.,අයිම් නොට් ෂුවර් වට් වියර් වේටිං ෆෝර් එනිමෝර්.,අපි තාම මොනවා බලාගෙන ඉන්නවද කියලා මට හිතාගන්න බෑ.,intermediate
i-dont-want-to-let-this,s-everyday-conversations,I don't want to let this opportunity pass me by.,අයි ඩෝන්ට් වොන්ට් ටු ලෙට් දිස් ඔපර්ටූනිටි පාස් මී බයි.,මේ අවස්ථාව මඟහැරෙන්න දෙන්න මට ඕන නෑ.,intermediate
i-think-we-should-deal-with,s-business,I think we should deal with one thing at a time.,අයි තින්ක් වී ෂුඩ් ඩීල් විත් වන් තිං ඇට් අ ටයිම්.,අපි එක වෙලාවකට එක දෙයක් බැගින් බලාගමු.,advanced
im-trying-to-stop-thinking-that,s-transportation,I'm trying to stop thinking that everything has to be perfect.,අයිම් ට්‍රයිං ටු ස්ටොප් තින්කිං දැට් එව්රිතිං හැස් ටු බී පර්ෆෙක්ට්.,හැම දෙයක්ම සම්පූර්ණයෙන්ම හරියටම වෙන්න ඕන කියලා හිතන එක නවත්තන්න මම බලනවා.,advanced
i-didnt-realize-how-much-id,s-everyday-conversations,I didn't realize how much I'd missed talking to you.,අයි ඩිඩ්න්ට් රියලයිස් හව් මච් අයිඩ් මිස්ට් ටෝකිං ටු යූ.,ඔයා එක්ක කතා කරන එක මට කොච්චර මතක් වෙලාද කියලා මට තේරුණේ නෑ.,intermediate
im-not-sure-whether-that-was,s-everyday-conversations,I'm not sure whether that was meant as a joke.,අයිම් නොට් ෂුවර් වෙදර් දැට් වොස් මෙන්ට් ඇස් අ ජෝක්.,ඒක විහිළුවක් විදිහට කිව්වද කියලා මට විශ්වාස නෑ.,intermediate
i-dont-want-to-get-dragged,s-everyday-conversations,I don't want to get dragged into something that has nothing to do with me.,අයි ඩෝන්ට් වොන්ට් ටු ගෙට් ඩ්‍රැග්ඩ් ඉන්ටු සම්තිං දැට් හැස් නතිං ටු ඩූ විත් මී.,මට කිසි සම්බන්ධයක් නැති ප්‍රශ්නයකට ඇදලා දාගන්න මට ඕන නෑ.,advanced
i-think-we-need-to-be-2,s-everyday-conversations,I think we need to be honest with ourselves first.,අයි තින්ක් වී නීඩ් ටු බී ඔනස්ට් විත් අවර්සෙල්ව්ස් ෆර්ස්ට්.,මුලින්ම අපි අපිටම අවංක වෙන්න ඕන.,intermediate
im-trying-to-focus-more-on,s-everyday-conversations,I'm trying to focus more on what I can improve.,අයිම් ට්‍රයිං ටු ෆෝකස් මෝර් ඔන් වට් අයි කැන් ඉම්පෘව්.,මට හදාගන්න පුළුවන් දේවල් ගැන වැඩියෙන් අවධානය දෙන්න මම බලනවා.,intermediate
i-didnt-mean-to-make-you,s-feelings-emotions,I didn't mean to make you feel like I was ignoring you.,අයි ඩිඩ්න්ට් මීන් ටු මේක් යූ ෆීල් ලයික් අයි වොස් ඉග්නෝරිං යූ.,මම ඔයාව නොසලකා හරිනවා වගේ ඔයාට දැනෙන්න කරන්න මට ඕන වුණේ නෑ.,advanced
im-not-sure-whether-this-is-2,s-work-office,I'm not sure whether this is going to work in the long run.,අයිම් නොට් ෂුවර් වෙදර් දිස් ඉස් ගෝඉං ටු වර්ක් ඉන් ද ලොං රන්.,දිගු කාලයක් ගියාම මේක හරි යයිද කියලා මට විශ්වාස නෑ.,advanced
i-dont-want-to-overcomplicate-a,s-everyday-conversations,I don't want to overcomplicate a simple situation.,අයි ඩෝන්ට් වොන්ට් ටු ඕවර්කම්ප්ලිකේට් අ සිම්පල් සිටුවේෂන්.,සරල තත්ත්වයක් ඕනෑවට වඩා අවුල් කරන්න මට ඕන නෑ.,intermediate
i-think-we-should-ask-before,s-everyday-conversations,I think we should ask before assuming anything.,අයි තින්ක් වී ෂුඩ් ආස්ක් බිෆෝර් අසූමිං එනිතිං.,නිකම්ම හිතාගන්න කලින් අපි අහලා දැනගමු.,intermediate
im-trying-to-be-more-comfortable-2,s-everyday-conversations,I'm trying to be more comfortable admitting when I don't know something.,අයිම් ට්‍රයිං ටු බී මෝර් කම්ෆර්ටබල් ඇඩ්මිටිං වෙන් අයි ඩෝන්ට් නෝ සම්තිං.,මම දෙයක් නොදන්නවා නම් ඒක පිළිගන්න ලැජ්ජා නොවී ඉන්න මම පුරුදු වෙනවා.,advanced
i-didnt-think-that-would-make,s-everyday-conversations,I didn't think that would make such a big difference.,අයි ඩිඩ්න්ට් තින්ක් දැට් වුඩ් මේක් සච් අ බිග් ඩිෆරන්ස්.,ඒකෙන් මෙච්චර ලොකු වෙනසක් වෙයි කියලා හිතුවේ නෑ.,intermediate
im-not-sure-if-im-ready,s-banking-money,I'm not sure if I'm ready to make that kind of change.,අයිම් නොට් ෂුවර් ඉෆ් අයිම් රෙඩි ටු මේක් දැට් කයින්ඩ් ඔෆ් චේන්ජ්.,ඒ වගේ වෙනසක් කරන්න මම සූදානම්ද කියලා සැකයි.,advanced
i-dont-want-to-keep-waiting,s-everyday-conversations,I don't want to keep waiting for the perfect moment.,අයි ඩෝන්ට් වොන්ට් ටු කීප් වේටිං ෆෝර් ද පර්ෆෙක්ට් මෝමන්ට්.,හොඳම වෙලාව එනකම් කියලා දිගටම බලාගෙන ඉන්න මට ඕන නෑ.,intermediate
i-think-we-should-be-careful,s-everyday-conversations,I think we should be careful not to make this about ego.,අයි තින්ක් වී ෂුඩ් බී කෙයාර්ෆුල් නොට් ටු මේක් දිස් අබවුට් ඊගෝ.,මේක අපේ අහංකාරය ගැන ප්‍රශ්නයක් කරගන්නේ නැතුව පරිස්සම් වෙමු.,advanced
im-trying-to-become-better-at,s-everyday-conversations,I'm trying to become better at asking for clarification.,අයිම් ට්‍රයිං ටු බිකම් බෙටර් ඇට් ආස්කිං ෆෝර් ක්ලැරිෆිකේෂන්.,මට තේරෙන්නේ නැති දෙයක් පැහැදිලි කරලා දෙන්න කියලා අහන්න මම තව හුරු වෙනවා.,intermediate
i-didnt-know-you-were-taking,s-everyday-conversations,I didn't know you were taking it that seriously.,අයි ඩිඩ්න්ට් නෝ යූ වර් ටේකිං ඉට් දැට් සීරියස්ලි.,ඔයා ඒක එච්චර බරපතළ විදිහට ගන්නවා කියලා මම දැනගෙන හිටියේ නෑ.,intermediate
im-not-sure-whether-hes-being,s-everyday-conversations,I'm not sure whether he's being completely honest.,අයිම් නොට් ෂුවර් වෙදර් හීස් බීඉං කම්ප්ලීට්ලි ඔනස්ට්.,එයා සම්පූර්ණයෙන්ම අවංකද කියලා මට සැකයි.,intermediate
i-dont-want-to-make-a-2,s-everyday-conversations,I don't want to make a promise before I know I can keep it.,අයි ඩෝන්ට් වොන්ට් ටු මේක් අ ප්‍රොමිස් බිෆෝර් අයි නෝ අයි කැන් කීප් ඉට්.,ඉටු කරන්න පුළුවන් කියලා දැනගන්න කලින් පොරොන්දුවක් දෙන්න මට ඕන නෑ.,advanced
i-think-we-should-stop-blaming,s-transportation,I think we should stop blaming each other and move forward.,අයි තින්ක් වී ෂුඩ් ස්ටොප් බ්ලේමිං ඊච් අදර් ඇන්ඩ් මූව් ෆෝවර්ඩ්.,අපි එකිනෙකාට දොස් කියන එක නවත්තලා ඉස්සරහට යමු.,advanced
im-trying-to-get-into-the,s-everyday-conversations,I'm trying to get into the habit of speaking English every day.,අයිම් ට්‍රයිං ටු ගෙට් ඉන්ටු ද හැබිට් ඔෆ් ස්පීකිං ඉංග්ලිෂ් එව්රි ඩේ.,හැමදාම ඉංග්‍රීසි කතා කරන පුරුද්ද හදාගන්න මම බලනවා.,advanced
i-didnt-expect-you-to-be,s-everyday-conversations,I didn't expect you to be so open about it.,අයි ඩිඩ්න්ට් එක්ස්පෙක්ට් යූ ටු බී සෝ ඕපන් අබවුට් ඉට්.,ඔයා ඒ ගැන මෙච්චර විවෘතව කතා කරයි කියලා මම හිතුවේ නෑ.,intermediate
im-not-sure-if-were-dealing,s-problems-complaints,I'm not sure if we're dealing with the same issue anymore.,අයිම් නොට් ෂුවර් ඉෆ් වියර් ඩීලිං විත් ද සේම් ඉෂූ එනිමෝර්.,අපි තාම කතා කරන්නේ එකම ප්‍රශ්නය ගැනද කියලා මට සැකයි.,advanced
i-dont-want-to-spend-too,s-everyday-conversations,I don't want to spend too much time second-guessing myself.,අයි ඩෝන්ට් වොන්ට් ටු ස්පෙන්ඩ් ටූ මච් ටයිම් සෙකන්ඩ් ගෙසිං මයිසෙල්ෆ්.,මගේම තීරණ ගැන නැවත නැවත සැක කරමින් වැඩි වෙලාවක් ගත කරන්න මට ඕන නෑ.,intermediate
i-think-we-need-to-learn,s-school-education,I think we need to learn how to disagree without arguing.,අයි තින්ක් වී නීඩ් ටු ලර්න් හව් ටු ඩිසඅග්‍රී විදවුට් ආර්ගියුයිං.,රණ්ඩු නොවී එකිනෙකාට එකඟ නැති බව කියන්න අපි ඉගෙනගන්න ඕන.,advanced
im-trying-to-become-more-comfortable,s-everyday-conversations,I'm trying to become more comfortable speaking in front of people.,අයිම් ට්‍රයිං ටු බිකම් මෝර් කම්ෆර්ටබල් ස්පීකිං ඉන් ෆ්‍රන්ට් ඔෆ් පීපල්.,මිනිස්සු ඉස්සරහ කතා කරන්න බය නැතුව ඉන්න මම හුරු වෙනවා.,advanced
i-didnt-realize-how-much-i,s-everyday-conversations,I didn't realize how much I had been depending on you.,අයි ඩිඩ්න්ට් රියලයිස් හව් මච් අයි හැඩ් බීන් ඩිපෙන්ඩිං ඔන් යූ.,මම ඔයා මත කොච්චර රඳා හිටියද කියලා මට තේරුණේ නෑ.,advanced
im-not-sure-whether-im-seeing,s-everyday-conversations,I'm not sure whether I'm seeing the situation clearly.,අයිම් නොට් ෂුවර් වෙදර් අයිම් සීඉං ද සිටුවේෂන් ක්ලියර්ලි.,මම මේ තත්ත්වය පැහැදිලිව දකිනවද කියලා මට සැකයි.,intermediate
i-dont-want-to-make-things-3,s-everyday-conversations,I don't want to make things weird between us.,අයි ඩෝන්ට් වොන්ට් ටු මේක් තිංස් වීර්ඩ් බිට්වීන් අස්.,අපි අතර අමුතු තත්ත්වයක් හදන්න මට ඕන නෑ.,intermediate
i-think-we-should-give-him,s-home,I think we should give him some room to explain himself.,අයි තින්ක් වී ෂුඩ් ගිව් හිම් සම් රූම් ටු එක්ස්ප්ලේන් හිම්සෙල්ෆ්.,එයාට එයාගේ පැත්ත පැහැදිලි කරන්න ටිකක් ඉඩ දෙමු.,advanced
im-trying-to-stop-thinking-that-2,s-problems-complaints,I'm trying to stop thinking that one mistake means I've failed.,අයිම් ට්‍රයිං ටු ස්ටොප් තින්කිං දැට් වන් මිස්ටේක් මීන්ස් අයිව් ෆේල්ඩ්.,එක වැරැද්දක් වුණාම මම අසාර්ථකයි කියලා හිතන එක නවත්තන්න මම බලනවා.,advanced
i-didnt-think-the-answer-would,s-everyday-conversations,I didn't think the answer would be that obvious.,අයි ඩිඩ්න්ට් තින්ක් දි ආන්සර් වුඩ් බී දැට් ඔබ්වියස්.,උත්තරය එච්චර පැහැදිලි වෙයි කියලා හිතුවේ නෑ.,intermediate
im-not-sure-whether-i-should,s-everyday-conversations,I'm not sure whether I should stay or leave.,අයිම් නොට් ෂුවර් වෙදර් අයි ෂුඩ් ස්ටේ ඔර් ලීව්.,මම ඉන්නද යන්නද කියලා මට හිතාගන්න බෑ.,intermediate
i-dont-want-to-keep-making,s-making-requests,I don't want to keep making choices just to please other people.,අයි ඩෝන්ට් වොන්ට් ටු කීප් මේකිං චොයිසස් ජස්ට් ටු ප්ලීස් අදර් පීපල්.,අනිත් අයව සතුටු කරන්න විතරක් තීරණ ගන්න එක දිගටම කරන්න මට ඕන නෑ.,advanced
i-think-we-should-pay-attention,s-banking-money,I think we should pay attention to what isn't being said.,අයි තින්ක් වී ෂුඩ් පේ අටෙන්ෂන් ටු වට් ඉසන්ට් බීඉං සෙඩ්.,කියන්නේ නැති දේවල් ගැනත් අපි අවධානය දෙන්න ඕන.,advanced
im-trying-to-be-less-afraid,s-everyday-conversations,I'm trying to be less afraid of awkward silences.,අයිම් ට්‍රයිං ටු බී ලෙස් අෆ්‍රේඩ් ඔෆ් ඔක්වර්ඩ් සයිලන්සස්.,කතා නැතුව අමුතු නිහඬතාවයක් ආවත් බය නොවී ඉන්න මම හුරු වෙනවා.,intermediate
i-didnt-expect-that-question-to,s-phrasal-verbs,I didn't expect that question to catch me off guard.,අයි ඩිඩ්න්ට් එක්ස්පෙක්ට් දැට් ක්වෙස්චන් ටු කැච් මී ඔෆ් ගාර්ඩ්.,ඒ ප්‍රශ්නය මාව නොසූදානම් වෙලාවක අල්ලගනී කියලා හිතුවේ නෑ.,intermediate
im-not-sure-whether-thats-the,s-everyday-conversations,I'm not sure whether that's the right conclusion to draw.,අයිම් නොට් ෂුවර් වෙදර් දැට්ස් ද රයිට් කන්ක්ලූෂන් ටු ඩ්‍රෝ.,ඒ නිගමනයට එන එක හරිද කියලා මට සැකයි.,intermediate
i-dont-want-to-turn-every,s-everyday-conversations,I don't want to turn every disagreement into a fight.,අයි ඩෝන්ට් වොන්ට් ටු ටර්න් එව්රි ඩිසඅග්‍රීමන්ට් ඉන්ටු අ ෆයිට්.,එකඟ නොවෙන හැම දෙයක්ම රණ්ඩුවක් කරගන්න මට ඕන නෑ.,intermediate
i-think-we-should-stop-expecting,s-transportation,I think we should stop expecting people to read our minds.,අයි තින්ක් වී ෂුඩ් ස්ටොප් එක්ස්පෙක්ටිං පීපල් ටු රීඩ් අවර් මයින්ඩ්ස්.,අපි කියන්නේ නැතුවත් අනිත් අය අපේ හිත දැනගන්න ඕන කියලා බලාපොරොත්තු වෙන එක නවත්තමු.,advanced
im-trying-to-take-more-chances,s-everyday-conversations,I'm trying to take more chances without being reckless.,අයිම් ට්‍රයිං ටු ටේක් මෝර් චාන්සස් විදවුට් බීඉං රෙක්ලස්.,නොසැලකිලිමත් නොවී තව අවස්ථා අරගෙන බලන්න මම උත්සාහ කරනවා.,intermediate
i-didnt-realize-how-much-i-2,s-everyday-conversations,I didn't realize how much I needed some time alone.,අයි ඩිඩ්න්ට් රියලයිස් හව් මච් අයි නීඩඩ් සම් ටයිම් අලෝන්.,මට ටිකක් තනියම ඉන්න කොච්චර අවශ්‍ය වෙලාද කියලා මට තේරුණේ නෑ.,intermediate
im-not-sure-whether-weve-been,s-everyday-conversations,I'm not sure whether we've been completely fair to him.,අයිම් නොට් ෂුවර් වෙදර් වීව් බීන් කම්ප්ලීට්ලි ෆෙයාර් ටු හිම්.,අපි එයාට සම්පූර්ණයෙන්ම සාධාරණ වෙලාද කියලා මට සැකයි.,intermediate
i-dont-want-to-let-one,s-banking-money,I don't want to let one bad conversation change how I see you.,අයි ඩෝන්ට් වොන්ට් ටු ලෙට් වන් බැඩ් කන්වර්සේෂන් චේන්ජ් හව් අයි සී යූ.,එක නරක කතාවක් නිසා ඔයා ගැන මම හිතන විදිහ සම්පූර්ණයෙන් වෙනස් කරන්න මට ඕන නෑ.,advanced
i-think-we-need-to-stop,s-transportation,I think we need to stop trying to predict everything.,අයි තින්ක් වී නීඩ් ටු ස්ටොප් ට්‍රයිං ටු ප්‍රිඩික්ට් එව්රිතිං.,හැම දෙයක්ම කලින්ම මොකද වෙන්නේ කියලා හිතාගන්න උත්සාහ කරන එක නවත්තමු.,intermediate
im-trying-to-make-speaking-english,s-feelings-emotions,I'm trying to make speaking English feel automatic.,අයිම් ට්‍රයිං ටු මේක් ස්පීකිං ඉංග්ලිෂ් ෆීල් ඔටොමැටික්.,ඉංග්‍රීසි කතා කරන එක හිත හිත නොකර ස්වභාවිකව එන්න පුරුදු වෙන්න මම බලනවා.,intermediate
i-didnt-expect-the-situation-to,s-everyday-conversations,I didn't expect the situation to become so tense.,අයි ඩිඩ්න්ට් එක්ස්පෙක්ට් ද සිටුවේෂන් ටු බිකම් සෝ ටෙන්ස්.,තත්ත්වය මෙච්චර උණුසුම් වෙයි කියලා මම හිතුවේ නෑ.,intermediate
im-not-sure-whether-im-being,s-everyday-conversations,I'm not sure whether I'm being realistic about this.,අයිම් නොට් ෂුවර් වෙදර් අයිම් බීඉං රියලිස්ටික් අබවුට් දිස්.,මම මේ ගැන යථාර්ථවාදීව හිතනවද කියලා මට සැකයි.,intermediate
i-dont-want-to-keep-letting,s-everyday-conversations,I don't want to keep letting fear make my choices.,අයි ඩෝන්ට් වොන්ට් ටු කීප් ලෙටිං ෆියර් මේක් මයි චොයිසස්.,බයට මගේ තීරණ දිගටම තීරණය කරන්න දෙන්න මට ඕන නෑ.,intermediate
i-think-we-should-listen-before,s-everyday-conversations,I think we should listen before we defend ourselves.,අයි තින්ක් වී ෂුඩ් ලිසන් බිෆෝර් වී ඩිෆෙන්ඩ් අවර්සෙල්ව්ස්.,අපි අපේ පැත්ත ආරක්ෂා කරන්න කලින් අනිත් කෙනා කියන දේ අහමු.,intermediate
im-trying-to-stop-feeling-guilty,s-transportation,I'm trying to stop feeling guilty for setting boundaries.,අයිම් ට්‍රයිං ටු ස්ටොප් ෆීලිං ගිල්ටි ෆෝර් සෙටිං බවුන්ඩරීස්.,මගේ සීමාවන් දාගත්තම වැරදි කළා වගේ හිතෙන එක නවත්තන්න මම බලනවා.,intermediate
i-didnt-realize-that-was-what,s-everyday-conversations,I didn't realize that was what you were trying to tell me.,අයි ඩිඩ්න්ට් රියලයිස් දැට් වොස් වට් යූ වර් ට්‍රයිං ටු ටෙල් මී.,ඔයා මට කියන්න උත්සාහ කළේ ඒක කියලා මට තේරුණේ නෑ.,advanced
im-not-sure-whether-we-can,s-everyday-conversations,I'm not sure whether we can fix this without talking about it.,අයිම් නොට් ෂුවර් වෙදර් වී කැන් ෆික්ස් දිස් විදවුට් ටෝකිං අබවුට් ඉට්.,මේ ගැන කතා නොකර මේක හදාගන්න පුළුවන්ද කියලා මට සැකයි.,advanced
i-dont-want-to-assume-someones,s-everyday-conversations,I don't want to assume someone's intentions without asking.,අයි ඩෝන්ට් වොන්ට් ටු අසූම් සම්වන්ස් ඉන්ටෙන්ෂන්ස් විදවුට් ආස්කිං.,අහලා දැනගන්නේ නැතුව කෙනෙක්ගේ අදහස මොකක්ද කියලා හිතාගන්න මට ඕන නෑ.,intermediate
i-think-we-should-try-to-2,s-problems-complaints,I think we should try to separate the problem from the person.,අයි තින්ක් වී ෂුඩ් ට්‍රයි ටු සෙපරේට් ද ප්‍රොබ්ලම් ෆ්‍රම් ද පර්සන්.,ප්‍රශ්නයයි පුද්ගලයායි වෙන වෙනම බලන්න අපි උත්සාහ කරමු.,advanced
im-trying-to-stop-rushing-through,s-transportation,I'm trying to stop rushing through everything.,අයිම් ට්‍රයිං ටු ස්ටොප් රෂිං ත්‍රූ එව්රිතිං.,හැම දෙයක්ම හදිසියේ කරගෙන යන එක නවත්තන්න මම බලනවා.,intermediate
i-didnt-expect-to-be-put,s-job-interviews,I didn't expect to be put in that position.,අයි ඩිඩ්න්ට් එක්ස්පෙක්ට් ටු බී පුට් ඉන් දැට් පොසිෂන්.,මාව ඒ වගේ තත්ත්වයකට දායි කියලා මම හිතුවේ නෑ.,intermediate
im-not-sure-if-thats-something,s-everyday-conversations,I'm not sure if that's something I can overlook.,අයිම් නොට් ෂුවර් ඉෆ් දැට්ස් සම්තිං අයි කැන් ඕවර්ලුක්.,ඒක නොසලකා හරින්න මට පුළුවන්ද කියලා සැකයි.,intermediate
i-dont-want-to-waste-a,s-everyday-conversations,I don't want to waste a good opportunity by being afraid.,අයි ඩෝන්ට් වොන්ට් ටු වේස්ට් අ ගුඩ් ඔපර්ටූනිටි බයි බීඉං අෆ්‍රේඩ්.,බය නිසා හොඳ අවස්ථාවක් නාස්ති කරගන්න මට ඕන නෑ.,advanced
i-think-we-should-make-sure,s-everyday-conversations,I think we should make sure everyone understands the situation.,අයි තින්ක් වී ෂුඩ් මේක් ෂුවර් එව්රිවන් අන්ඩර්ස්ටෑන්ඩ්ස් ද සිටුවේෂන්.,තත්ත්වය හැමෝටම හරියට තේරෙනවාද කියලා අපි බලමු.,intermediate
im-trying-to-stop-treating-every,s-emergencies,I'm trying to stop treating every problem like an emergency.,අයිම් ට්‍රයිං ටු ස්ටොප් ට්‍රීටිං එව්රි ප්‍රොබ්ලම් ලයික් ඇන් ඉමර්ජන්සි.,හැම ප්‍රශ්නයක්ම හදිසි මහ ප්‍රශ්නයක් වගේ ගන්න එක නවත්තන්න මම බලනවා.,intermediate
i-didnt-know-you-had-been,s-everyday-conversations,I didn't know you had been waiting for me.,අයි ඩිඩ්න්ට් නෝ යූ හැඩ් බීන් වේටිං ෆෝර් මී.,ඔයා මං එනකම් බලාගෙන හිටියා කියලා මම දැනගෙන හිටියේ නෑ.,intermediate
im-not-sure-whether-this-is-3,s-everyday-conversations,I'm not sure whether this is something we can ignore anymore.,අයිම් නොට් ෂුවර් වෙදර් දිස් ඉස් සම්තිං වී කැන් ඉග්නෝර් එනිමෝර්.,මේක තවත් නොසලකා හරින්න පුළුවන්ද කියලා මට සැකයි.,advanced
i-dont-want-to-let-one-2,s-everyday-conversations,I don't want to let one awkward moment define the whole conversation.,අයි ඩෝන්ට් වොන්ට් ටු ලෙට් වන් ඔක්වර්ඩ් මෝමන්ට් ඩිෆයින් ද හෝල් කන්වර්සේෂන්.,එක අමුතු මොහොතක් නිසා මුළු කතාවම නරකයි කියලා හිතන්න මට ඕන නෑ.,advanced
i-think-weve-both-learned-something,s-everyday-conversations,I think we've both learned something from this.,අයි තින්ක් වීව් බෝත් ලර්න්ඩ් සම්තිං ෆ්‍රම් දිස්.,මේකෙන් අපි දෙන්නම මොනවාහරි ඉගෙනගෙන තියෙනවා කියලා හිතෙනවා.,intermediate
im-trying-to-get-more-comfortable,s-everyday-conversations,I'm trying to get more comfortable with thinking out loud.,අයිම් ට්‍රයිං ටු ගෙට් මෝර් කම්ෆර්ටබල් විත් තින්කිං අවුට් ලවුඩ්.,හිතන දේ ඒ වෙලාවෙම වචනවලින් කියන්න හුරු වෙන්න මම බලනවා.,intermediate
i-didnt-think-id-have-this,s-everyday-conversations,I didn't think I'd have this much trouble deciding.,අයි ඩිඩ්න්ට් තින්ක් අයිඩ් හැව් දිස් මච් ට්‍රබල් ඩිසයිඩිං.,තීරණයක් ගන්න මෙච්චර අමාරු වෙයි කියලා මම හිතුවේ නෑ.,intermediate
im-not-sure-whether-we-should,s-everyday-conversations,I'm not sure whether we should keep pushing this.,අයිම් නොට් ෂුවර් වෙදර් වී ෂුඩ් කීප් පුෂිං දිස්.,අපි මේක බලෙන් තව ඉස්සරහට ගෙනියන්න ඕනද කියලා මට සැකයි.,intermediate
i-dont-want-to-let-one-3,s-problems-complaints,I don't want to let one mistake erase all the progress I've made.,අයි ඩෝන්ට් වොන්ට් ටු ලෙට් වන් මිස්ටේක් ඉරේස් ඕල් ද ප්‍රොග්‍රෙස් අයිව් මේඩ්.,එක වැරැද්දක් නිසා මම මෙතෙක් කරපු දියුණුව හැම එකම නැති වුණා වගේ හිතන්න මට ඕන නෑ.,advanced
i-think-we-should-let-things,s-everyday-conversations,I think we should let things settle before making a decision.,අයි තින්ක් වී ෂුඩ් ලෙට් තිංස් සෙට්ල් බිෆෝර් මේකිං අ ඩිසිෂන්.,තීරණයක් ගන්න කලින් දේවල් ටිකක් සන්සුන් වෙන්න දෙමු.,advanced
im-trying-to-be-more-willing,s-everyday-conversations,I'm trying to be more willing to admit when I need help.,අයිම් ට්‍රයිං ටු බී මෝර් විලිං ටු ඇඩ්මිට් වෙන් අයි නීඩ් හෙල්ප්.,මට උදව් ඕන වෙලාවට ඒක පිළිගන්න මම තව හුරු වෙන්න බලනවා.,advanced
i-didnt-realize-i-had-been,s-everyday-conversations,I didn't realize I had been avoiding that conversation.,අයි ඩිඩ්න්ට් රියලයිස් අයි හැඩ් බීන් අවොයිඩිං දැට් කන්වර්සේෂන්.,මම ඒ කතාව මඟහරිමින් හිටියා කියලා මට තේරුණේ නෑ.,intermediate
im-not-sure-whether-were-expecting,s-everyday-conversations,I'm not sure whether we're expecting an answer too quickly.,අයිම් නොට් ෂුවර් වෙදර් වියර් එක්ස්පෙක්ටිං ඇන් ආන්සර් ටූ ක්වික්ලි.,අපි උත්තරයක් ඕනෑවට වඩා ඉක්මනට බලාපොරොත්තු වෙනවද කියලා සැකයි.,intermediate
i-dont-want-to-let-a,s-feelings-emotions,I don't want to let a temporary feeling decide something permanent.,අයි ඩෝන්ට් වොන්ට් ටු ලෙට් අ ටෙම්පරරි ෆීලිං ඩිසයිඩ් සම්තිං පර්මනන්ට්.,තාවකාලික හැඟීමක් නිසා දිගටම බලපාන තීරණයක් ගන්න මට ඕන නෑ.,advanced
i-think-we-should-keep-our,s-everyday-conversations,I think we should keep our personal feelings separate from the facts.,අයි තින්ක් වී ෂුඩ් කීප් අවර් පර්සනල් ෆීලිංස් සෙපරේට් ෆ්‍රම් ද ෆැක්ට්ස්.,අපේ පුද්ගලික හැඟීම් සහ ඇත්ත තොරතුරු වෙන වෙනම බලමු.,advanced
im-trying-to-stop-filling-every,s-transportation,I'm trying to stop filling every silence with words.,අයිම් ට්‍රයිං ටු ස්ටොප් ෆිලිං එව්රි සයිලන්ස් විත් වර්ඩ්ස්.,නිහඬ වෙන හැම වෙලාවකම අනිවාර්යයෙන්ම මොනවාහරි කියන්න හදන එක නවත්තන්න මම බලනවා.,intermediate
i-didnt-expect-you-to-understand,s-agreeing-disagreeing,I didn't expect you to understand exactly what I meant.,අයි ඩිඩ්න්ට් එක්ස්පෙක්ට් යූ ටු අන්ඩර්ස්ටෑන්ඩ් එක්සැක්ට්ලි වට් අයි මෙන්ට්.,මම අදහස් කළ දේ ඔයා හරියටම තේරුම්ගනී කියලා මම හිතුවේ නෑ.,intermediate
im-not-sure-if-weve-reached,s-everyday-conversations,I'm not sure if we've reached a point of no return.,අයිම් නොට් ෂුවර් ඉෆ් වීව් රීච්ට් අ පොයින්ට් ඔෆ් නෝ රිටර්න්.,ආපහු හැරෙන්න බැරි තැනකට අපි ඇවිත්ද කියලා මට සැකයි.,advanced
i-dont-want-to-keep-waiting-2,s-everyday-conversations,I don't want to keep waiting for someone else to make the first move.,අයි ඩෝන්ට් වොන්ට් ටු කීප් වේටිං ෆෝර් සම්වන් එල්ස් ටු මේක් ද ෆර්ස්ට් මූව්.,අනිත් කෙනා මුලින්ම දෙයක් කරනකම් දිගටම බලාගෙන ඉන්න මට ඕන නෑ.,advanced
i-think-we-should-take-what,s-everyday-conversations,I think we should take what he said with a grain of salt.,අයි තින්ක් වී ෂුඩ් ටේක් වට් හී සෙඩ් විත් අ ග්‍රේන් ඔෆ් සෝල්ට්.,එයා කියපු දේ සම්පූර්ණයෙන්ම විශ්වාස නොකර ටිකක් සැකයෙන් බලමු.,advanced
im-trying-to-get-better-at-2,s-everyday-conversations,I'm trying to get better at responding without getting defensive.,අයිම් ට්‍රයිං ටු ගෙට් බෙටර් ඇට් රිස්පොන්ඩිං විදවුට් ගෙටිං ඩිෆෙන්සිව්.,මට දොස් කියනවා වගේ දැනුණත් එකපාරම ආරක්ෂා වෙන්න නොගිහින් උත්තර දෙන්න මම හුරු වෙනවා.,intermediate
i-didnt-realize-how-much-that-2,s-everyday-conversations,I didn't realize how much that decision would affect everyone.,අයි ඩිඩ්න්ට් රියලයිස් හව් මච් දැට් ඩිසිෂන් වුඩ් අෆෙක්ට් එව්රිවන්.,ඒ තීරණය හැමෝටම මෙච්චර බලපායි කියලා මට තේරුණේ නෑ.,intermediate
im-not-sure-whether-were-giving,s-everyday-conversations,I'm not sure whether we're giving this too much importance.,අයිම් නොට් ෂුවර් වෙදර් වියර් ගිවිං දිස් ටූ මච් ඉම්පෝර්ටන්ස්.,අපි මේකට ඕනෑවට වඩා වැදගත්කමක් දෙනවද කියලා මට සැකයි.,intermediate
i-dont-want-to-make-someone,s-feelings-emotions,I don't want to make someone feel bad just to prove a point.,අයි ඩෝන්ට් වොන්ට් ටු මේක් සම්වන් ෆීල් බැඩ් ජස්ට් ටු පෘව් අ පොයින්ට්.,මගේ කතාව හරි කියලා ඔප්පු කරන්න විතරක් කෙනෙක්ගේ හිත රිද්දන්න මට ඕන නෑ.,advanced
i-think-we-should-be-willing,s-agreeing-disagreeing,I think we should be willing to hear things we don't agree with.,අයි තින්ක් වී ෂුඩ් බී විලිං ටු හියර් තිංස් වී ඩෝන්ට් අග්‍රී විත්.,අපි එකඟ නැති දේවල්වත් අහන්න සූදානම් වෙන්න ඕන.,advanced
im-trying-to-stop-waiting-until,s-transportation,I'm trying to stop waiting until I feel completely ready.,අයිම් ට්‍රයිං ටු ස්ටොප් වේටිං අන්ටිල් අයි ෆීල් කම්ප්ලීට්ලි රෙඩි.,මම සම්පූර්ණයෙන්ම සූදානම් කියලා දැනෙනකම් බලාගෙන ඉන්න එක නවත්තන්න මම බලනවා.,intermediate
i-didnt-think-it-would-be,s-everyday-conversations,I didn't think it would be this hard to let go.,අයි ඩිඩ්න්ට් තින්ක් ඉට් වුඩ් බී දිස් හාඩ් ටු ලෙට් ගෝ.,ඒක අතහැරලා දාන්න මෙච්චර අමාරු වෙයි කියලා හිතුවේ නෑ.,advanced
im-not-sure-whether-were-solving,s-everyday-conversations,I'm not sure whether we're solving anything by arguing.,අයිම් නොට් ෂුවර් වෙදර් වියර් සොල්විං එනිතිං බයි ආර්ගියුයිං.,වාද කරලා අපි ඇත්තටම මොනවාහරි විසඳනවද කියලා මට සැකයි.,intermediate
i-dont-want-to-make-a-3,s-problems-complaints,I don't want to make a permanent choice based on a temporary problem.,අයි ඩෝන්ට් වොන්ට් ටු මේක් අ පර්මනන්ට් චොයිස් බේස්ට් ඔන් අ ටෙම්පරරි ප්‍රොබ්ලම්.,තාවකාලික ප්‍රශ්නයක් නිසා දිගටම බලපාන තීරණයක් ගන්න මට ඕන නෑ.,advanced
i-think-we-should-ask-ourselves,s-everyday-conversations,I think we should ask ourselves what really matters here.,අයි තින්ක් වී ෂුඩ් ආස්ක් අවර්සෙල්ව්ස් වට් රියලි මැටර්ස් හියර්.,මෙතන ඇත්තටම වැදගත් මොකක්ද කියලා අපි අපෙන්ම අහමු.,intermediate
im-trying-to-become-more-comfortable-2,s-school-education,I'm trying to become more comfortable changing my mind when I learn something new.,අයිම් ට්‍රයිං ටු බිකම් මෝර් කම්ෆර්ටබල් චේන්ජිං මයි මයින්ඩ් වෙන් අයි ලර්න් සම්තිං නියූ.,අලුත් දෙයක් දැනගත්තම මගේ අදහස වෙනස් කරන්න ලැජ්ජා නොවී ඉන්න මම හුරු වෙනවා.,advanced
i-didnt-realize-how-much-i-3,s-everyday-conversations,I didn't realize how much I was expecting from myself.,අයි ඩිඩ්න්ට් රියලයිස් හව් මච් අයි වොස් එක්ස්පෙක්ටිං ෆ්‍රම් මයිසෙල්ෆ්.,මම මගෙන්ම කොච්චර වැඩියෙන් බලාපොරොත්තු වෙලාද කියලා මට තේරුණේ නෑ.,intermediate
im-not-sure-if-were-seeing,s-everyday-conversations,I'm not sure if we're seeing things as they really are.,අයිම් නොට් ෂුවර් ඉෆ් වියර් සීඉං තිංස් ඇස් දේ රියලි ආර්.,දේවල් ඇත්තටම තියෙන විදිහට අපි දකිනවද කියලා මට සැකයි.,advanced
i-dont-want-to-spend-years,s-everyday-conversations,I don't want to spend years wondering what would have happened if I'd tried.,අයි ඩෝන්ට් වොන්ට් ටු ස්පෙන්ඩ් යියර්ස් වන්ඩරිං වට් වුඩ් හැව් හැපන්ඩ් ඉෆ් අයිඩ් ට්‍රයිඩ්.,මම උත්සාහ කළා නම් මොකද වෙන්නේ කියලා අවුරුදු ගාණක් හිත හිත ඉන්න මට ඕන නෑ.,advanced
i-think-we-should-leave-room,s-home,I think we should leave room for people to surprise us.,අයි තින්ක් වී ෂුඩ් ලීව් රූම් ෆෝර් පීපල් ටු සප්‍රයිස් අස්.,මිනිස්සු අපි හිතනවට වඩා වෙනස් වෙන්න පුළුවන් කියලා ටිකක් ඉඩ තියාගමු.,advanced
im-trying-to-stop-assuming-that,s-problems-complaints,I'm trying to stop assuming that silence means something is wrong.,අයිම් ට්‍රයිං ටු ස්ටොප් අසූමිං දැට් සයිලන්ස් මීන්ස් සම්තිං ඉස් රොං.,කෙනෙක් නිහඬව ඉන්න හැම වෙලාවකම මොකක්හරි වැරදියි කියලා හිතන එක නවත්තන්න මම බලනවා.,advanced
i-didnt-expect-that-experience-to,s-job-interviews,I didn't expect that experience to change me this much.,අයි ඩිඩ්න්ට් එක්ස්පෙක්ට් දැට් එක්ස්පීරියන්ස් ටු චේන්ජ් මී දිස් මච්.,ඒ අත්දැකීම මාව මෙච්චර වෙනස් කරයි කියලා හිතුවේ නෑ.,intermediate
im-not-sure-whether-we-need,s-everyday-conversations,I'm not sure whether we need to respond right away.,අයිම් නොට් ෂුවර් වෙදර් වී නීඩ් ටු රිස්පොන්ඩ් රයිට් අවේ.,අපි දැන්ම උත්තර දෙන්න ඕනද කියලා මට සැකයි.,intermediate
i-dont-want-to-confuse-being,s-everyday-conversations,I don't want to confuse being busy with actually making progress.,අයි ඩෝන්ට් වොන්ට් ටු කන්ෆියුස් බීඉං බිසි විත් ඇක්චුවලි මේකිං ප්‍රොග්‍රෙස්.,වැඩ ගොඩක් කරන එකම දියුණුවක් කියලා වැරදියට හිතන්න මට ඕන නෑ.,advanced
i-think-we-should-stop-looking,s-transportation,I think we should stop looking for someone to blame.,අයි තින්ක් වී ෂුඩ් ස්ටොප් ලුකිං ෆෝර් සම්වන් ටු බ්ලේම්.,කාට දොස් කියන්නද කියලා හොයන එක නවත්තමු.,intermediate
im-trying-to-become-better-at-2,s-everyday-conversations,I'm trying to become better at letting conversations flow naturally.,අයිම් ට්‍රයිං ටු බිකම් බෙටර් ඇට් ලෙටිං කන්වර්සේෂන්ස් ෆ්ලෝ නැචුරලි.,කතාබහ බලෙන් ගෙනියන්නේ නැතුව ස්වභාවිකව යන්න දෙන්න මම හුරු වෙනවා.,intermediate
i-didnt-know-that-was-something,s-everyday-conversations,I didn't know that was something you cared so much about.,අයි ඩිඩ්න්ට් නෝ දැට් වොස් සම්තිං යූ කෙයාර්ඩ් සෝ මච් අබවුට්.,ඒ දේ ඔයාට මෙච්චර වැදගත් කියලා මම දැනගෙන හිටියේ නෑ.,advanced
im-not-sure-whether-this-is-4,s-everyday-conversations,I'm not sure whether this is helping us understand each other.,අයිම් නොට් ෂුවර් වෙදර් දිස් ඉස් හෙල්පිං අස් අන්ඩර්ස්ටෑන්ඩ් ඊච් අදර්.,මේකෙන් අපිට එකිනෙකා තේරුම්ගන්න උදව් වෙනවද කියලා මට සැකයි.,advanced
i-dont-want-to-let-disappointment,s-everyday-conversations,I don't want to let disappointment turn into bitterness.,අයි ඩෝන්ට් වොන්ට් ටු ලෙට් ඩිසපොයින්ට්මන්ට් ටර්න් ඉන්ටු බිටර්නස්.,කලකිරීම දිගටම හිතේ තරහක් වෙලා තියාගන්න මට ඕන නෑ.,intermediate
i-think-we-need-to-stop-2,s-transportation,I think we need to stop pretending we have everything figured out.,අයි තින්ක් වී නීඩ් ටු ස්ටොප් ප්‍රිටෙන්ඩිං වී හැව් එව්රිතිං ෆිගර්ඩ් අවුට්.,හැම දෙයක්ම අපි දන්නවා වගේ රඟපාන එක නවත්තන්න ඕන.,advanced
im-trying-to-stop-using-perfection,s-transportation,I'm trying to stop using perfection as an excuse not to start.,අයිම් ට්‍රයිං ටු ස්ටොප් යූසිං පර්ෆෙක්ෂන් ඇස් ඇන් එක්ස්කියුස් නොට් ටු ස්ටාර්ට්.,හරියටම කරන්න බැරි නම් පටන් නොගන්න එකට ඒක නිදහසට කරුණක් කරගන්න එක නවත්තන්න මම බලනවා.,advanced
i-didnt-expect-you-to-be-2,s-everyday-conversations,I didn't expect you to be that straightforward.,අයි ඩිඩ්න්ට් එක්ස්පෙක්ට් යූ ටු බී දැට් ස්ට්‍රේට්ෆෝවර්ඩ්.,ඔයා මෙච්චර සෘජුව කතා කරයි කියලා මම හිතුවේ නෑ.,intermediate
im-not-sure-if-were-ready,s-everyday-conversations,I'm not sure if we're ready to have that conversation yet.,අයිම් නොට් ෂුවර් ඉෆ් වියර් රෙඩි ටු හැව් දැට් කන්වර්සේෂන් යෙට්.,අපි තාම ඒ කතාව කරන්න සූදානම්ද කියලා මට සැකයි.,advanced
i-dont-want-to-let-one-4,s-phrasal-verbs,I don't want to let one difficult day make me give up.,අයි ඩෝන්ට් වොන්ට් ටු ලෙට් වන් ඩිෆිකල්ට් ඩේ මේක් මී ගිව් අප්.,එක අමාරු දවසක් නිසා මම අතහරින්න කැමති නෑ.,advanced
i-think-we-should-try-to-3,s-everyday-conversations,I think we should try to understand before trying to be understood.,අයි තින්ක් වී ෂුඩ් ට්‍රයි ටු අන්ඩර්ස්ටෑන්ඩ් බිෆෝර් ට්‍රයිං ටු බී අන්ඩර්ස්ටුඩ්.,අනිත් අයට අපිව තේරුම් කරවන්න කලින් අපි එයාලව තේරුම්ගන්න බලමු.,advanced
im-trying-to-be-more-confident,s-everyday-conversations,I'm trying to be more confident about speaking even when I make mistakes.,අයිම් ට්‍රයිං ටු බී මෝර් කන්ෆිඩන්ට් අබවුට් ස්පීකිං ඊවන් වෙන් අයි මේක් මිස්ටේක්ස්.,වැරදි වුණත් විශ්වාසයෙන් කතා කරන්න මම හුරු වෙනවා.,advanced
i-didnt-realize-how-much-easier,s-everyday-conversations,I didn't realize how much easier it would be once I started.,අයි ඩිඩ්න්ට් රියලයිස් හව් මච් ඊසියර් ඉට් වුඩ් බී වන්ස් අයි ස්ටාර්ටඩ්.,පටන් ගත්තට පස්සේ මේක කොච්චර ලේසි වෙයිද කියලා මට තේරුණේ නෑ.,advanced
im-not-sure-whether-we-should-2,s-everyday-conversations,I'm not sure whether we should keep this to ourselves.,අයිම් නොට් ෂුවර් වෙදර් වී ෂුඩ් කීප් දිස් ටු අවර්සෙල්ව්ස්.,මේක අපි අතරම තියාගන්න ඕනද කියලා මට සැකයි.,intermediate
i-dont-want-to-let-embarrassment,s-transportation,I don't want to let embarrassment stop me from asking.,අයි ඩෝන්ට් වොන්ට් ටු ලෙට් ඉම්බැරස්මන්ට් ස්ටොප් මී ෆ්‍රම් ආස්කිං.,ලැජ්ජාව නිසා අහන්න තියෙන දේ නොඅහා ඉන්න මට ඕන නෑ.,intermediate
i-think-we-should-give-people,s-everyday-conversations,I think we should give people time to show who they really are.,අයි තින්ක් වී ෂුඩ් ගිව් පීපල් ටයිම් ටු ෂෝ හූ දේ රියලි ආර්.,මිනිස්සු ඇත්තටම කොයි වගේද කියලා පෙන්නන්න එයාලට කාලයක් දෙමු.,advanced
im-trying-to-stop-thinking-i,s-transportation,I'm trying to stop thinking I need everyone's approval.,අයිම් ට්‍රයිං ටු ස්ටොප් තින්කිං අයි නීඩ් එව්රිවන්ස් අප්‍රූවල්.,හැමෝගෙම කැමැත්ත මට අනිවාර්යයෙන් ඕන කියලා හිතන එක නවත්තන්න මම බලනවා.,intermediate
i-didnt-expect-that-simple-advice,s-everyday-conversations,I didn't expect that simple advice to help so much.,අයි ඩිඩ්න්ට් එක්ස්පෙක්ට් දැට් සිම්පල් ඇඩ්වයිස් ටු හෙල්ප් සෝ මච්.,ඒ සරල උපදෙස මෙච්චර උදව් වෙයි කියලා මම හිතුවේ නෑ.,intermediate
im-not-sure-whether-we-should-3,s-everyday-conversations,I'm not sure whether we should take his word for it.,අයිම් නොට් ෂුවර් වෙදර් වී ෂුඩ් ටේක් හිස් වර්ඩ් ෆෝර් ඉට්.,එයා කියන නිසාම ඒක විශ්වාස කරන්න ඕනද කියලා මට සැකයි.,advanced
i-dont-want-to-spend-my,s-everyday-conversations,I don't want to spend my whole life trying to avoid mistakes.,අයි ඩෝන්ට් වොන්ට් ටු ස්පෙන්ඩ් මයි හෝල් ලයිෆ් ට්‍රයිං ටු අවොයිඩ් මිස්ටේක්ස්.,වැරදි වෙන්නේ නැතුව ඉන්න උත්සාහ කරමින්ම මුළු ජීවිතයම ගත කරන්න මට ඕන නෑ.,advanced
i-think-we-should-accept-that,s-agreeing-disagreeing,I think we should accept that we may never agree on everything.,අයි තින්ක් වී ෂුඩ් ඇක්සෙප්ට් දැට් වී මේ නෙවර් අග්‍රී ඔන් එව්රිතිං.,හැම දෙයක් ගැනම අපි එකඟ නොවෙන්න පුළුවන් කියලා පිළිගන්න ඕන.,advanced
im-trying-to-get-better-at-3,s-everyday-conversations,I'm trying to get better at speaking without translating everything in my head.,අයිම් ට්‍රයිං ටු ගෙට් බෙටර් ඇට් ස්පීකිං විදවුට් ට්‍රාන්ස්ලේටිං එව්රිතිං ඉන් මයි හෙඩ්.,හැම දෙයක්ම හිතෙන් සිංහලට පෙරළලා නොගෙන සෘජුව ඉංග්‍රීසියෙන් කතා කරන්න මම හුරු වෙනවා.,advanced
i-didnt-realize-i-had-become,s-everyday-conversations,I didn't realize I had become so comfortable with the routine.,අයි ඩිඩ්න්ට් රියලයිස් අයි හැඩ් බිකම් සෝ කම්ෆර්ටබල් විත් ද රූටීන්.,ඒ දිනපතා පුරුද්දට මම මෙච්චර හුරු වෙලා කියලා මට තේරුණේ නෑ.,advanced
im-not-sure-if-i-can,s-everyday-conversations,I'm not sure if I can look at him the same way after that.,අයිම් නොට් ෂුවර් ඉෆ් අයි කැන් ලුක් ඇට් හිම් ද සේම් වේ ආෆ්ටර් දැට්.,ඒකට පස්සේ එයා ගැන කලින් වගේම හිතන්න මට පුළුවන්ද කියලා සැකයි.,advanced
i-dont-want-to-keep-putting,s-everyday-conversations,I don't want to keep putting my life on hold.,අයි ඩෝන්ට් වොන්ට් ටු කීප් පුටිං මයි ලයිෆ් ඔන් හෝල්ඩ්.,මගේ ජීවිතය දිගටම නවත්තලා තියාගෙන ඉන්න මට ඕන නෑ.,intermediate
i-think-we-should-learn-to,s-school-education,I think we should learn to recognize when enough is enough.,අයි තින්ක් වී ෂුඩ් ලර්න් ටු රෙකග්නයිස් වෙන් ඉනෆ් ඉස් ඉනෆ්.,දැන් ඇති කියලා නවත්තන්න ඕන වෙලාව හඳුනාගන්න අපි ඉගෙනගන්න ඕන.,advanced
im-trying-to-be-more-honest,s-everyday-conversations,I'm trying to be more honest when something bothers me.,අයිම් ට්‍රයිං ටු බී මෝර් ඔනස්ට් වෙන් සම්තිං බොදර්ස් මී.,මට දෙයක් කරදරයක් නම් ඒක අවංකව කියන්න මම හුරු වෙනවා.,intermediate
i-didnt-think-it-would-be-2,s-everyday-conversations,I didn't think it would be so easy to misunderstand each other.,අයි ඩිඩ්න්ට් තින්ක් ඉට් වුඩ් බී සෝ ඊසි ටු මිස්අන්ඩර්ස්ටෑන්ඩ් ඊච් අදර්.,අපිට එකිනෙකා වැරදියට තේරුම්ගන්න මෙච්චර ලේසි වෙයි කියලා හිතුවේ නෑ.,advanced
im-not-sure-whether-im-expecting,s-everyday-conversations,I'm not sure whether I'm expecting too much from him.,අයිම් නොට් ෂුවර් වෙදර් අයිම් එක්ස්පෙක්ටිං ටූ මච් ෆ්‍රම් හිම්.,මම එයාගෙන් ඕනෑවට වඩා බලාපොරොත්තු වෙනවද කියලා සැකයි.,intermediate
i-dont-want-to-let-one-5,s-everyday-conversations,I don't want to let one negative comment stay in my head all day.,අයි ඩෝන්ට් වොන්ට් ටු ලෙට් වන් නෙගටිව් කොමෙන්ට් ස්ටේ ඉන් මයි හෙඩ් ඕල් ඩේ.,එක නරක කතාවක් දවසම හිතේ තියාගෙන ඉන්න මට ඕන නෑ.,advanced
i-think-we-should-stop-trying,s-transportation,I think we should stop trying to force an answer.,අයි තින්ක් වී ෂුඩ් ස්ටොප් ට්‍රයිං ටු ෆෝර්ස් ඇන් ආන්සර්.,බලෙන් උත්තරයක් හොයන එක නවත්තමු.,intermediate
im-trying-to-become-more-comfortable-3,s-everyday-conversations,I'm trying to become more comfortable pausing while I speak.,අයිම් ට්‍රයිං ටු බිකම් මෝර් කම්ෆර්ටබල් පෝසිං වයිල් අයි ස්පීක්.,කතා කරන අතරතුර ටිකක් නවත්තලා හිතන්න වුණත් බය නොවී ඉන්න මම හුරු වෙනවා.,intermediate
i-didnt-realize-how-much-pressure,s-everyday-conversations,I didn't realize how much pressure I was putting on the situation.,අයි ඩිඩ්න්ට් රියලයිස් හව් මච් ප්‍රෙෂර් අයි වොස් පුටිං ඔන් ද සිටුවේෂන්.,මේ තත්ත්වය ගැන මමම කොච්චර පීඩනයක් හදාගෙන හිටියද කියලා මට තේරුණේ නෑ.,advanced
im-not-sure-whether-weve-been-2,s-problems-complaints,I'm not sure whether we've been asking the wrong questions.,අයිම් නොට් ෂුවර් වෙදර් වීව් බීන් ආස්කිං ද රොං ක්වෙස්චන්ස්.,අපි මෙච්චර වෙලා වැරදි ප්‍රශ්න අහමින් හිටියද කියලා මට සැකයි.,intermediate
i-dont-want-to-become-someone,s-everyday-conversations,I don't want to become someone who always expects the worst.,අයි ඩෝන්ට් වොන්ට් ටු බිකම් සම්වන් හූ ඕල්වේස් එක්ස්පෙක්ට්ස් ද වර්ස්ට්.,හැම වෙලාවෙම නරකම දේ බලාපොරොත්තු වෙන කෙනෙක් වෙන්න මට ඕන නෑ.,advanced
i-think-we-should-leave-the,s-home,I think we should leave the door open for another conversation.,අයි තින්ක් වී ෂුඩ් ලීව් ද ඩෝර් ඕපන් ෆෝර් අනදර් කන්වර්සේෂන්.,පස්සේ ආයෙත් මේ ගැන කතා කරන්න ඉඩ තියාගමු.,advanced
im-trying-to-stop-seeing-every,s-transportation,I'm trying to stop seeing every setback as a failure.,අයිම් ට්‍රයිං ටු ස්ටොප් සීඉං එව්රි සෙට්බැක් ඇස් අ ෆේලියර්.,හැම පසුබෑමක්ම අසාර්ථකත්වයක් කියලා බලන එක නවත්තන්න මම උත්සාහ කරනවා.,intermediate
i-didnt-expect-a-small-conversation,s-banking-money,I didn't expect a small conversation to change my perspective.,අයි ඩිඩ්න්ට් එක්ස්පෙක්ට් අ ස්මෝල් කන්වර්සේෂන් ටු චේන්ජ් මයි පර්ස්පෙක්ටිව්.,පොඩි කතාවක් නිසා මම දේවල් බලන විදිහ වෙනස් වෙයි කියලා හිතුවේ නෑ.,intermediate
im-not-sure-whether-this-is-5,s-everyday-conversations,I'm not sure whether this is something worth worrying about yet.,අයිම් නොට් ෂුවර් වෙදර් දිස් ඉස් සම්තිං වර්ත් වරීඉං අබවුට් යෙට්.,දැන්ම මේ ගැන වද වෙන්න ඕනද කියලා මට සැකයි.,advanced
i-dont-want-to-keep-replaying,s-everyday-conversations,I don't want to keep replaying that conversation in my head.,අයි ඩෝන්ට් වොන්ට් ටු කීප් රීප්ලේයිං දැට් කන්වර්සේෂන් ඉන් මයි හෙඩ්.,ඒ කතාව ආයෙ ආයෙත් හිතෙන් මතක් කරමින් ඉන්න මට ඕන නෑ.,advanced
i-think-we-should-make-sure-2,s-everyday-conversations,I think we should make sure we're reacting to what actually happened.,අයි තින්ක් වී ෂුඩ් මේක් ෂුවර් වියර් රියැක්ටිං ටු වට් ඇක්චුවලි හැපන්ඩ්.,අපි ප්‍රතිචාර දක්වන්නේ ඇත්තටම වුණු දේටද කියලා බලමු.,advanced
im-trying-to-speak-more-freely,s-everyday-conversations,I'm trying to speak more freely instead of searching for perfect words.,අයිම් ට්‍රයිං ටු ස්පීක් මෝර් ෆ්‍රීලි ඉන්ස්ටෙඩ් ඔෆ් සර්චිං ෆෝර් පර්ෆෙක්ට් වර්ඩ්ස්.,හරියටම ගැලපෙන වචන හොය හොය ඉන්නවට වඩා නිදහසේ කතා කරන්න මම බලනවා.,advanced
i-didnt-realize-how-much-confidence,s-everyday-conversations,I didn't realize how much confidence I'd gained.,අයි ඩිඩ්න්ට් රියලයිස් හව් මච් කන්ෆිඩන්ස් අයිඩ් ගේන්ඩ්.,මගේ විශ්වාසය කොච්චර වැඩි වෙලාද කියලා මටම තේරුණේ නෑ.,intermediate
im-not-sure-whether-we-need-2,s-banking-money,I'm not sure whether we need to change everything at once.,අයිම් නොට් ෂුවර් වෙදර් වී නීඩ් ටු චේන්ජ් එව්රිතිං ඇට් වන්ස්.,හැම දෙයක්ම එකපාර වෙනස් කරන්න ඕනද කියලා මට සැකයි.,advanced
i-dont-want-to-keep-judging,s-everyday-conversations,I don't want to keep judging myself by one bad moment.,අයි ඩෝන්ට් වොන්ට් ටු කීප් ජජිං මයිසෙල්ෆ් බයි වන් බැඩ් මෝමන්ට්.,එක නරක මොහොතක් මත මම මාවම තීරණය කරන්න මට ඕන නෑ.,advanced
i-think-we-should-take-some,s-everyday-conversations,I think we should take some of the pressure off ourselves.,අයි තින්ක් වී ෂුඩ් ටේක් සම් ඔෆ් ද ප්‍රෙෂර් ඔෆ් අවර්සෙල්ව්ස්.,අපි අපිටම දාගෙන තියෙන පීඩනය ටිකක් අඩු කරගමු.,advanced
im-trying-to-get-used-to-2,s-everyday-conversations,I'm trying to get used to not knowing what comes next.,අයිම් ට්‍රයිං ටු ගෙට් යූස්ට් ටු නොට් නෝඉං වට් කම්ස් නෙක්ස්ට්.,ඊළඟට මොකද වෙන්නේ කියලා නොදැනත් ඉන්න හුරු වෙන්න මම බලනවා.,advanced
i-didnt-think-that-would-stay,s-everyday-conversations,I didn't think that would stay on my mind for so long.,අයි ඩිඩ්න්ට් තින්ක් දැට් වුඩ් ස්ටේ ඔන් මයි මයින්ඩ් ෆෝර් සෝ ලොං.,ඒක මෙච්චර කාලයක් මගේ හිතේ තියෙයි කියලා හිතුවේ නෑ.,advanced
im-not-sure-whether-were-making,s-everyday-conversations,I'm not sure whether we're making progress or just staying busy.,අයිම් නොට් ෂුවර් වෙදර් වියර් මේකිං ප්‍රොග්‍රෙස් ඔර් ජස්ට් ස්ටේයිං බිසි.,"අපි ඇත්තටම ඉස්සරහට යනවද, නැත්නම් වැඩ කර කර ඉන්නවා විතරද කියලා මට සැකයි.",advanced
i-dont-want-to-keep-comparing,s-everyday-conversations,I don't want to keep comparing where I am with where I thought I'd be.,අයි ඩෝන්ට් වොන්ට් ටු කීප් කම්පෙයාරිං වෙයාර් අයි ඇම් විත් වෙයාර් අයි තෝට් අයිඩ් බී.,"මම දැන් ඉන්න තැනත්, මේ වෙද්දි ඉන්න ඕන කියලා හිතපු තැනත් දිගටම සසඳන්න මට ඕන නෑ.",advanced
i-think-we-should-focus-on,s-everyday-conversations,I think we should focus on what's working instead of only what isn't.,අයි තින්ක් වී ෂුඩ් ෆෝකස් ඔන් වට්ස් වර්කිං ඉන්ස්ටෙඩ් ඔෆ් ඕන්ලි වට් ඉසන්ට්.,වැරදි දේවල් ගැන විතරක් නොබලා හොඳට යන දේවල් ගැනත් අවධානය දෙමු.,advanced
im-trying-to-speak-even-when,s-everyday-conversations,I'm trying to speak even when I'm unsure of the grammar.,අයිම් ට්‍රයිං ටු ස්පීක් ඊවන් වෙන් අයිම් අන්ෂුවර් ඔෆ් ද ග්‍රැමර්.,ව්‍යාකරණය හරිද කියලා සැක තිබුණත් කතා කරන්න මම හුරු වෙනවා.,advanced
i-didnt-expect-that-one-decision,s-everyday-conversations,I didn't expect that one decision to simplify so many things.,අයි ඩිඩ්න්ට් එක්ස්පෙක්ට් දැට් වන් ඩිසිෂන් ටු සිම්ප්ලිෆයි සෝ මෙනි තිංස්.,එක තීරණයක් නිසා මෙච්චර දේවල් සරල වෙයි කියලා මම හිතුවේ නෑ.,advanced
im-not-sure-whether-were-being-2,s-everyday-conversations,I'm not sure whether we're being honest about what isn't working.,අයිම් නොට් ෂුවර් වෙදර් වියර් බීඉං ඔනස්ට් අබවුට් වට් ඉසන්ට් වර්කිං.,හරි නොයන දේවල් ගැන අපි ඇත්තටම අවංකද කියලා මට සැකයි.,advanced
i-dont-want-to-keep-making-2,s-everyday-conversations,I don't want to keep making the same choice and expecting a different result.,අයි ඩෝන්ට් වොන්ට් ටු කීප් මේකිං ද සේම් චොයිස් ඇන්ඩ් එක්ස්පෙක්ටිං අ ඩිෆරන්ට් රිසල්ට්.,එකම තීරණය ආයෙ ආයෙත් ගෙන වෙනස් ප්‍රතිඵලයක් බලාපොරොත්තු වෙන්න මට ඕන නෑ.,advanced
i-think-we-should-give-ourselves-2,s-everyday-conversations,I think we should give ourselves permission to start again.,අයි තින්ක් වී ෂුඩ් ගිව් අවර්සෙල්ව්ස් පර්මිෂන් ටු ස්ටාර්ට් අගේන්.,අවශ්‍ය නම් ආයෙත් මුල ඉඳන් පටන් ගන්න අපි අපිටම ඉඩ දෙමු.,intermediate
im-trying-to-become-more-comfortable-4,s-everyday-conversations,I'm trying to become more comfortable being corrected.,අයිම් ට්‍රයිං ටු බිකම් මෝර් කම්ෆර්ටබල් බීඉං කරෙක්ටඩ්.,කෙනෙක් මගේ වැරදි හදලා දුන්නම ලැජ්ජා නොවී ඒක පිළිගන්න මම හුරු වෙනවා.,intermediate
i-didnt-think-id-ever-feel,s-feelings-emotions,I didn't think I'd ever feel this calm about it.,අයි ඩිඩ්න්ට් තින්ක් අයිඩ් එවර් ෆීල් දිස් කාම් අබවුට් ඉට්.,මේ ගැන කවදාහරි මට මෙච්චර සන්සුන්ව දැනෙයි කියලා හිතුවේ නෑ.,intermediate
im-not-sure-whether-we-should-4,s-banking-money,I'm not sure whether we should keep trying to change his mind.,අයිම් නොට් ෂුවර් වෙදර් වී ෂුඩ් කීප් ට්‍රයිං ටු චේන්ජ් හිස් මයින්ඩ්.,එයාගේ අදහස වෙනස් කරන්න දිගටම උත්සාහ කරන්න ඕනද කියලා මට සැකයි.,advanced
i-dont-want-to-let-one-6,s-everyday-conversations,I don't want to let one uncomfortable truth ruin something good.,අයි ඩෝන්ට් වොන්ට් ටු ලෙට් වන් අන්කම්ෆර්ටබල් ට්‍රූත් රූඉන් සම්තිං ගුඩ්.,අහන්න අමාරු එක ඇත්තක් නිසා හොඳ දෙයක් සම්පූර්ණයෙන් නරක් කරගන්න මට ඕන නෑ.,advanced
i-think-we-should-be-willing-2,s-everyday-conversations,I think we should be willing to start small.,අයි තින්ක් වී ෂුඩ් බී විලිං ටු ස්ටාර්ට් ස්මෝල්.,මුලින් පොඩියෙන් පටන් ගන්න අපි සූදානම් වෙන්න ඕන.,intermediate
im-trying-to-stop-thinking-fluency,s-transportation,I'm trying to stop thinking fluency means never making mistakes.,අයිම් ට්‍රයිං ටු ස්ටොප් තින්කිං ෆ්ලූඑන්සි මීන්ස් නෙවර් මේකිං මිස්ටේක්ස්.,චතුරව කතා කරනවා කියන්නේ කිසිම වැරැද්දක් නොකරන එක කියලා හිතන එක නවත්තන්න මම බලනවා.,intermediate
i-didnt-realize-i-was-already,s-everyday-conversations,I didn't realize I was already making progress.,අයි ඩිඩ්න්ට් රියලයිස් අයි වොස් ඕල්රෙඩි මේකිං ප්‍රොග්‍රෙස්.,මම දැනටමත් දියුණු වෙමින් ඉන්නවා කියලා මට තේරුණේ නෑ.,intermediate
im-not-sure-whether-this-is-6,s-everyday-conversations,I'm not sure whether this is something we need to solve today.,අයිම් නොට් ෂුවර් වෙදර් දිස් ඉස් සම්තිං වී නීඩ් ටු සොල්ව් ටුඩේ.,මේක අදම විසඳන්න ඕන දෙයක්ද කියලා මට සැකයි.,advanced
i-dont-want-to-keep-waiting-3,s-everyday-conversations,I don't want to keep waiting until I have the perfect words.,අයි ඩෝන්ට් වොන්ට් ටු කීප් වේටිං අන්ටිල් අයි හැව් ද පර්ෆෙක්ට් වර්ඩ්ස්.,හරියටම ගැලපෙන වචන ලැබෙනකම් කතා නොකර බලාගෙන ඉන්න මට ඕන නෑ.,advanced
im-learning-that-speaking-naturally-matters,s-everyday-conversations,I'm learning that speaking naturally matters more than sounding perfect.,අයිම් ලර්නිං දැට් ස්පීකිං නැචුරලි මැටර්ස් මෝර් දෑන් සවුන්ඩිං පර්ෆෙක්ට්.,කිසිම වැරැද්දක් නැතිව කතා කරනවට වඩා ස්වභාවිකව කතා කරන එක වැදගත් කියලා මම ඉගෙනගන්නවා.,intermediate
i-need-to-confirm-my-reservation,s-hotel,I need to confirm my reservation.,අයි නීඩ් ටු කන්ෆර්ම් මයි රෙසර්වේෂන්.,මගේ වෙන්කිරීම තහවුරු කරගන්න ඕන.,intermediate
could-you-check-whether-my-booking,s-hotel,Could you check whether my booking went through?,කුඩ් යූ චෙක් වෙදර් මයි බුකින් වෙන්ට් ත්‍රූ?,මගේ වෙන්කිරීම හරියට සිද්ධ වුණාද බලන්න පුළුවන්ද?,intermediate
i-booked-it-under-my-full,s-everyday-conversations,I booked it under my full name.,අයි බුක්ට් ඉට් අන්ඩර් මයි ෆුල් නේම්.,මම ඒක මගේ සම්පූර්ණ නමට වෙන් කළා.,intermediate
i-may-have-entered-the-wrong,s-problems-complaints,I may have entered the wrong email address.,අයි මේ හැව් එන්ටර්ඩ් ද රොන් ඊමේල් ඇඩ්‍රස්.,මම වැරදි ඊමේල් ලිපිනයක් දාලා ඇති.,intermediate
could-you-update-my-contact-details,s-making-requests,Could you update my contact details?,කුඩ් යූ අප්ඩේට් මයි කන්ටැක්ට් ඩීටේල්ස්?,මගේ සම්බන්ධතා තොරතුරු වෙනස් කරලා දෙන්න පුළුවන්ද?,intermediate
id-like-to-add-another-passenger,s-everyday-conversations,I'd like to add another passenger.,අයිඩ් ලයික් ටු ඇඩ් අනදර් පැසෙන්ජර්.,තව මගියෙක් එකතු කරන්න ඕන.,intermediate
can-i-change-the-passenger-name,s-banking-money,Can I change the passenger name?,කැන් අයි චේන්ජ් ද පැසෙන්ජර් නේම්?,මගියාගේ නම වෙනස් කරන්න පුළුවන්ද?,intermediate
i-need-to-change-my-departure,s-banking-money,I need to change my departure time.,අයි නීඩ් ටු චේන්ජ් මයි ඩිපාර්චර් ටයිම්.,මගේ පිටත්වෙන වෙලාව වෙනස් කරන්න ඕන.,intermediate
is-there-an-earlier-flight-available,s-airport,Is there an earlier flight available?,ඉස් දෙයාර් ඇන් අර්ලියර් ෆ්ලයිට් අවේලබල්?,මීට කලින් යන ගුවන් ගමනක් තියෙනවද?,intermediate
is-there-a-later-flight-available,s-airport,Is there a later flight available?,ඉස් දෙයාර් අ ලේටර් ෆ්ලයිට් අවේලබල්?,මීට පස්සේ යන ගුවන් ගමනක් තියෙනවද?,intermediate
id-prefer-a-nonstop-flight,s-airport,I'd prefer a nonstop flight.,අයිඩ් ප්‍රිෆර් අ නන්ස්ටොප් ෆ්ලයිට්.,අතරමග නවත්තන්නේ නැති ගුවන් ගමනක් මට හොඳයි.,beginner
how-many-layovers-are-there,s-asking-questions,How many layovers are there?,හව් මෙනි ලේඕවර්ස් ආර් දෙයාර්?,අතරමග නවතින වාර කීයක් තියෙනවද?,beginner
how-long-is-the-layover,s-asking-questions,How long is the layover?,හව් ලෝන් ඉස් ද ලේඕවර්?,අතරමග නවතින වෙලාව කොච්චරද?,beginner
do-i-need-a-transit-visa,s-asking-questions,Do I need a transit visa?,ඩූ අයි නීඩ් අ ට්‍රාන්සිට් වීසා?,අතරමග රටට ඇතුළුවෙන්න වීසා එකක් ඕනද?,intermediate
can-i-leave-the-airport-during,s-airport,Can I leave the airport during the layover?,කැන් අයි ලීව් දි එයාර්පෝට් ඩියුරින් ද ලේඕවර්?,අතරමග නවතින වෙලාවේ ගුවන් තොටුපොළෙන් පිටතට යන්න පුළුවන්ද?,intermediate
will-i-have-enough-time-to,s-banking-money,Will I have enough time to change terminals?,විල් අයි හැව් ඉනෆ් ටයිම් ටු චේන්ජ් ටර්මිනල්ස්?,පර්යන්තය මාරු කරන්න මට ඇති තරම් වෙලාව තියෙනවද?,intermediate
is-the-connection-protected-by-the,s-asking-questions,Is the connection protected by the airline?,ඉස් ද කනෙක්ෂන් ප්‍රොටෙක්ටඩ් බයි දි එයාර්ලයින්?,සම්බන්ධිත ගුවන් ගමන මඟහැරුණොත් ගුවන් සමාගම ඒක බලාගන්නවද?,intermediate
what-happens-if-i-miss-the,s-asking-questions,What happens if I miss the connection?,වට් හැපන්ස් ඉෆ් අයි මිස් ද කනෙක්ෂන්?,සම්බන්ධිත ගුවන් ගමන මඟහැරුණොත් මොකද වෙන්නේ?,intermediate
can-i-choose-a-seat-with,s-asking-questions,Can I choose a seat with extra legroom?,කැන් අයි චූස් අ සීට් විත් එක්ස්ට්‍රා ලෙග්රූම්?,කකුල් දිගහරින්න වැඩි ඉඩ තියෙන අසුනක් තෝරගන්න පුළුවන්ද?,intermediate
is-there-a-fee-for-seat,s-banking-money,Is there a fee for seat selection?,ඉස් දෙයාර් අ ෆී ෆෝ සීට් සෙලෙක්ෂන්?,අසුන තෝරගන්න වෙනම ගාස්තුවක් තියෙනවද?,intermediate
id-like-a-seat-near-the,s-everyday-conversations,I'd like a seat near the front.,අයිඩ් ලයික් අ සීට් නියර් ද ෆ්‍රන්ට්.,ඉස්සරහ පැත්තට ළඟ අසුනක් ඕන.,intermediate
id-rather-not-sit-near-the,s-everyday-conversations,I'd rather not sit near the restroom.,අයිඩ් රාදර් නොට් සිට් නියර් ද රෙස්ට්රූම්.,වැසිකිළිය ළඟ ඉඳගන්න මම කැමති නැහැ.,intermediate
can-you-seat-us-in-the,s-making-requests,Can you seat us in the same row?,කැන් යූ සීට් අස් ඉන් ද සේම් රෝ?,අපිව එකම පේළියේ අසුන්වල දාන්න පුළුවන්ද?,intermediate
im-traveling-with-a-child,s-everyday-conversations,I'm traveling with a child.,අයිම් ට්‍රැවලින් විත් අ චයිල්ඩ්.,මම ළමයෙක් එක්ක ගමන් කරනවා.,beginner
do-you-offer-priority-boarding-for,s-airport,Do you offer priority boarding for families?,ඩූ යූ ඔෆර් ප්‍රයෝරිටි බෝඩින් ෆෝ ෆැමිලීස්?,පවුල්වලට කලින් ගුවන් යානයට නැගීමට අවස්ථාව තියෙනවද?,intermediate
can-i-take-a-stroller-to,s-airport,Can I take a stroller to the gate?,කැන් අයි ටේක් අ ස්ට්‍රෝලර් ටු ද ගේට්?,ළමා තල්ලු රථය ගේට් එක දක්වා ගෙනියන්න පුළුවන්ද?,intermediate
where-do-i-check-in-oversized,s-airport,Where do I check in oversized luggage?,වෙයාර් ඩූ අයි චෙක් ඉන් ඕවර්සයිස්ඩ් ලගේජ්?,විශාල බඩු භාර දෙන්නේ කොහෙද?,intermediate
im-carrying-sports-equipment,s-everyday-conversations,I'm carrying sports equipment.,අයිම් කැරින් ස්පෝට්ස් ඉක්විප්මන්ට්.,මම ක්‍රීඩා උපකරණ ගෙනියනවා.,beginner
is-there-an-extra-charge-for,s-asking-questions,Is there an extra charge for this bag?,ඉස් දෙයාර් ඇන් එක්ස්ට්‍රා චාර්ජ් ෆෝ දිස් බෑග්?,මේ බෑගයට අමතර ගාස්තුවක් තියෙනවද?,intermediate
can-i-prepay-for-extra-baggage,s-airport,Can I prepay for extra baggage?,කැන් අයි ප්‍රීපේ ෆෝ එක්ස්ට්‍රා බැගේජ්?,අමතර බඩු බරට කලින්ම ගෙවන්න පුළුවන්ද?,intermediate
my-suitcase-has-a-fragile-item,s-everyday-conversations,My suitcase has a fragile item inside.,මයි සූට්කේස් හැස් අ ෆ්‍රැජයිල් අයිටම් ඉන්සයිඩ්.,මගේ ගමන් මල්ලේ ලේසියෙන් කැඩෙන දෙයක් තියෙනවා.,intermediate
could-you-attach-a-fragile-tag,s-making-requests,Could you attach a fragile tag?,කුඩ් යූ ඇටෑච් අ ෆ්‍රැජයිල් ටැග්?,කැඩෙන බඩුවක් කියලා ලකුණක් දාන්න පුළුවන්ද?,intermediate
is-this-bag-small-enough-for,s-asking-questions,Is this bag small enough for the cabin?,ඉස් දිස් බෑග් ස්මෝල් ඉනෆ් ෆෝ ද කැබින්?,මේ බෑගය ගුවන් යානය ඇතුළට ගෙනියන්න තරම් පොඩිද?,intermediate
could-you-measure-my-carry-on,s-making-requests,Could you measure my carry-on bag?,කුඩ් යූ මෙෂර් මයි කැරි-ඔන් බෑග්?,මගේ අතේ ගෙනියන බෑගය මැනලා බලන්න පුළුවන්ද?,intermediate
what-are-the-cabin-baggage-dimensions,s-airport,What are the cabin baggage dimensions?,වට් ආර් ද කැබින් බැගේජ් ඩිමෙන්ෂන්ස්?,ඇතුළට ගෙනියන බෑගයේ ප්‍රමාණ සීමාව මොකක්ද?,intermediate
can-i-bring-a-laptop-bag,s-asking-questions,Can I bring a laptop bag as well?,කැන් අයි බ්‍රින්ග් අ ලැප්ටොප් බෑග් ඇස් වෙල්?,laptop bag එකත් අමතරව ගෙනියන්න පුළුවන්ද?,intermediate
is-a-handbag-counted-separately,s-asking-questions,Is a handbag counted separately?,ඉස් අ හෑන්ඩ්බෑග් කවුන්ටඩ් සෙපරට්ලි?,අත්බෑගය වෙනම ගණන් කරනවද?,beginner
where-is-the-bag-drop-counter,s-giving-directions,Where is the bag-drop counter?,වෙයාර් ඉස් ද බෑග්-ඩ්‍රොප් කවුන්ටර්?,බෑග් භාරදෙන කවුන්ටරය කොහෙද?,beginner
the-bag-drop-line-is-very,s-everyday-conversations,The bag-drop line is very long.,ද බෑග්-ඩ්‍රොප් ලයින් ඉස් වෙරි ලෝන්.,බෑග් භාරදෙන පෝලිම ගොඩක් දිගයි.,intermediate
is-there-another-counter-open,s-asking-questions,Is there another counter open?,ඉස් දෙයාර් අනදර් කවුන්ටර් ඕපන්?,වෙනත් කවුන්ටරයක් විවෘතද?,beginner
im-running-late-for-my-flight,s-airport,I'm running late for my flight.,අයිම් රනින් ලේට් ෆෝ මයි ෆ්ලයිට්.,මගේ ගුවන් ගමනට මම පරක්කු වෙලා.,intermediate
could-someone-help-me-get-through,s-asking-for-help,Could someone help me get through faster?,කුඩ් සම්වන් හෙල්ප් මී ගෙට් ත්‍රූ ෆාස්ටර්?,ඉක්මනින් මේ වැඩ ටික ඉවර කරගන්න කෙනෙක් උදව් කරන්න පුළුවන්ද?,intermediate
my-gate-is-about-to-close,s-airport,My gate is about to close.,මයි ගේට් ඉස් අබවුට් ටු ක්ලෝස්.,මගේ ගේට් එක වහන්න ළඟයි.,intermediate
could-you-tell-them-im-on,s-making-requests,Could you tell them I'm on my way?,කුඩ් යූ ටෙල් දම් අයිම් ඔන් මයි වේ?,මම එන ගමන් කියලා එයාලට කියන්න පුළුවන්ද?,intermediate
has-final-boarding-been-announced,s-airport,Has final boarding been announced?,හැස් ෆයිනල් බෝඩින් බීන් අනවුන්ස්ට්?,අන්තිම boarding නිවේදනය කරලාද?,beginner
did-they-call-my-name,s-asking-questions,Did they call my name?,ඩිඩ් දේ කෝල් මයි නේම්?,මගේ නම කියලා කතා කළාද?,beginner
im-not-sure-which-gate-announcement,s-airport,I'm not sure which gate announcement I heard.,අයිම් නොට් ෂුවර් විච් ගේට් අනවුන්ස්මන්ට් අයි හර්ඩ්.,මම ඇහුවේ මොන ගේට් එකේ නිවේදනයද කියලා sure නැහැ.,intermediate
could-you-check-the-departure-screen,s-technology,Could you check the departure screen?,කුඩ් යූ චෙක් ද ඩිපාර්චර් ස්ක්‍රීන්?,පිටත්වීම් පෙන්වන තිරය බලන්න පුළුවන්ද?,intermediate
the-flight-number-isnt-showing-up,s-airport,The flight number isn't showing up.,ද ෆ්ලයිට් නම්බර් ඉසන්ට් ෂෝයින් අප්.,ගුවන් ගමන් අංකය තිරයේ පේන්නේ නැහැ.,intermediate
has-the-departure-time-been-moved,s-asking-questions,Has the departure time been moved?,හැස් ද ඩිපාර්චර් ටයිම් බීන් මූව්ඩ්?,පිටත්වෙන වෙලාව වෙනස් කරලාද?,intermediate
weve-been-sitting-on-the-runway,s-everyday-conversations,We've been sitting on the runway for a while.,වීව් බීන් සිටින් ඔන් ද රන්වේ ෆෝ අ වයිල්.,අපි ටික වෙලාවක් තිස්සේ ධාවන පථයේම ඉන්නවා.,intermediate
do-you-know-why-we-havent,s-asking-questions,Do you know why we haven't taken off yet?,ඩූ යූ නෝ වයි වී හැවන්ට් ටේකන් ඔෆ් යෙට්?,තාම ගුවන්ගත නොවුණේ ඇයි කියලා දන්නවද?,intermediate
are-we-waiting-for-clearance,s-asking-questions,Are we waiting for clearance?,ආර් වී වේටින් ෆෝ ක්ලියරන්ස්?,පිටත්වීමට අවසර ලැබෙනකම්ද ඉන්නේ?,beginner
how-much-longer-is-the-delay,s-problems-complaints,How much longer is the delay expected to be?,හව් මච් ලෝන්ගර් ඉස් ද ඩිලේ එක්ස්පෙක්ටඩ් ටු බී?,පරක්කුව තව කොච්චර වෙලාවක් වෙයි කියලා හිතනවද?,intermediate
will-we-make-up-time-in,s-asking-questions,Will we make up time in the air?,විල් වී මේක් අප් ටයිම් ඉන් දි එයාර්?,ගුවනේදී පරක්කුව ටිකක් අඩු කරගන්න පුළුවන්ද?,intermediate
i-have-a-tight-connection-after,s-everyday-conversations,I have a tight connection after landing.,අයි හැව් අ ටයිට් කනෙක්ෂන් ආෆ්ටර් ලෑන්ඩින්.,බැස්සම ඊළඟ ගුවන් ගමනට මට වෙලාව ගොඩක් අඩුයි.,intermediate
could-you-let-the-ground-staff,s-making-requests,Could you let the ground staff know?,කුඩ් යූ ලෙට් ද ග්‍රවුන්ඩ් ස්ටාෆ් නෝ?,මේ ගැන බිම් සේවකයන්ට දැනුම් දෙන්න පුළුවන්ද?,intermediate
will-someone-meet-connecting-passengers,s-asking-questions,Will someone meet connecting passengers?,විල් සම්වන් මීට් කනෙක්ටින් පැසෙන්ජර්ස්?,ඊළඟ ගුවන් ගමනට යන අයව කෙනෙක් හමුවෙලා මඟ පෙන්වනවද?,beginner
which-side-of-the-plane-will,s-everyday-conversations,Which side of the plane will have the better view?,විච් සයිඩ් ඔෆ් ද ප්ලේන් විල් හැව් ද බෙටර් වීව්?,හොඳ දර්ශනය පේන්නේ ගුවන් යානයේ මොන පැත්තෙන්ද?,intermediate
can-i-take-photos-during-the,s-airport,Can I take photos during the flight?,කැන් අයි ටේක් ෆොටෝස් ඩියුරින් ද ෆ්ලයිට්?,ගුවන් ගමන අතරතුර පින්තූර ගන්න පුළුවන්ද?,intermediate
the-cabin-feels-a-little-stuffy,s-everyday-conversations,The cabin feels a little stuffy.,ද කැබින් ෆීල්ස් අ ලිට්ල් ස්ටෆි.,ඇතුළේ වාතය ටිකක් බර වගේ දැනෙනවා.,intermediate
could-i-get-some-fresh-air,s-asking-questions,Could I get some fresh air from the vent?,කුඩ් අයි ගෙට් සම් ෆ්‍රෙෂ් එයාර් ෆ්‍රම් ද වෙන්ට්?,වායු නළයෙන් ටිකක් හොඳ වාතය එන්න හදන්න පුළුවන්ද?,intermediate
how-do-i-adjust-the-air,s-asking-questions,How do I adjust the air vent?,හව් ඩූ අයි අජස්ට් දි එයාර් වෙන්ට්?,වායු නළය හරියට සකස් කරන්නේ කොහොමද?,intermediate
my-seat-feels-a-little-uncomfortable,s-everyday-conversations,My seat feels a little uncomfortable.,මයි සීට් ෆීල්ස් අ ලිට්ල් අන්කම්ෆටබල්.,මගේ අසුන ටිකක් අපහසුයි.,intermediate
do-you-have-a-cushion-i,s-asking-questions,Do you have a cushion I could use?,ඩූ යූ හැව් අ කුෂන් අයි කුඩ් යූස්?,පාවිච්චි කරන්න කුෂන් එකක් තියෙනවද?,intermediate
could-i-have-a-second-blanket,s-asking-questions,Could I have a second blanket?,කුඩ් අයි හැව් අ සෙකන්ඩ් බ්ලැන්කට්?,තව පොරවනයක් දෙන්න පුළුවන්ද?,intermediate
im-trying-to-get-some-sleep,s-home,I'm trying to get some sleep.,අයිම් ට්‍රයින් ටු ගෙට් සම් ස්ලීප්.,මම ටිකක් නිදාගන්න හදන්නේ.,intermediate
could-you-wake-me-for-the,s-making-requests,Could you wake me for the meal service?,කුඩ් යූ වේක් මී ෆෝ ද මීල් සර්විස්?,කෑම දෙන වෙලාවට මාව ඇහැරවන්න පුළුවන්ද?,intermediate
ill-skip-the-meal-thanks,s-thanking,"I'll skip the meal, thanks.","අයිල් ස්කිප් ද මීල්, තෑන්ක්ස්.","කෑම ඕන නැහැ, ස්තුතියි.",beginner
could-you-save-the-meal-for,s-making-requests,Could you save the meal for later?,කුඩ් යූ සේව් ද මීල් ෆෝ ලේටර්?,කෑම පස්සේට තියාගන්න පුළුවන්ද?,intermediate
does-this-contain-shellfish,s-asking-questions,Does this contain shellfish?,ඩස් දිස් කන්ටේන් ෂෙල්ෆිෂ්?,මේකේ බෙල්ලන් වගේ මුහුදු ආහාර තියෙනවද?,beginner
does-this-contain-sesame,s-asking-questions,Does this contain sesame?,ඩස් දිස් කන්ටේන් සෙසමි?,මේකේ තල තියෙනවද?,beginner
is-there-a-low-salt-option,s-asking-questions,Is there a low-salt option?,ඉස් දෙයාර් අ ලෝ-සෝල්ට් ඔප්ෂන්?,ලුණු අඩු කෑමක් තියෙනවද?,beginner
could-i-just-have-the-fruit,s-asking-questions,Could I just have the fruit?,කුඩ් අයි ජස්ට් හැව් ද ෆෘට්?,මට පලතුරු විතරක් ගන්න පුළුවන්ද?,intermediate
could-i-have-plain-rice-instead,s-asking-questions,Could I have plain rice instead?,කුඩ් අයි හැව් ප්ලේන් රයිස් ඉන්ස්ටෙඩ්?,ඒ වෙනුවට සාමාන්‍ය බත් ටිකක් දෙන්න පුළුවන්ද?,intermediate
do-you-have-anything-light-to,s-restaurants-food,Do you have anything light to eat?,ඩූ යූ හැව් එනිතින් ලයිට් ටු ඊට්?,බර නැති සැහැල්ලු කෑමක් තියෙනවද?,intermediate
im-not-very-hungry-right-now,s-everyday-conversations,I'm not very hungry right now.,අයිම් නොට් වෙරි හන්ග්‍රි රයිට් නව්.,දැන් මට ගොඩක් බඩගිනි නැහැ.,intermediate
could-i-get-a-small-snack,s-asking-questions,Could I get a small snack later?,කුඩ් අයි ගෙට් අ ස්මෝල් ස්නැක් ලේටර්?,පස්සේ පොඩි කෑමක් ගන්න පුළුවන්ද?,intermediate
is-coffee-served-throughout-the-flight,s-airport,Is coffee served throughout the flight?,ඉස් කොෆී සර්ව්ඩ් ත්‍රූඅවුට් ද ෆ්ලයිට්?,ගුවන් ගමන පුරාම කෝපි ඉල්ලගන්න පුළුවන්ද?,intermediate
could-i-have-decaf-coffee,s-restaurants-food,Could I have decaf coffee?,කුඩ් අයි හැව් ඩීකැෆ් කොෆී?,කැෆේන් අඩු කෝපි එකක් දෙන්න පුළුවන්ද?,beginner
do-you-have-herbal-tea,s-restaurants-food,Do you have herbal tea?,ඩූ යූ හැව් හර්බල් ටී?,ඖෂධ පැළෑටි තේ තියෙනවද?,beginner
could-you-fill-up-my-water,s-making-requests,Could you fill up my water bottle?,කුඩ් යූ ෆිල් අප් මයි වෝටර් බොට්ල්?,මගේ වතුර බෝතලය පුරවලා දෙන්න පුළුවන්ද?,intermediate
id-like-to-stay-hydrated-during,s-airport,I'd like to stay hydrated during the flight.,අයිඩ් ලයික් ටු ස්ටේ හයිඩ්‍රේටඩ් ඩියුරින් ද ෆ්ලයිට්.,ගුවන් ගමනේදී වතුර හොඳට බොන්න මට ඕන.,intermediate
where-can-i-dispose-of-this,s-asking-questions,Where can I dispose of this cup?,වෙයාර් කැන් අයි ඩිස්පෝස් ඔෆ් දිස් කප්?,මේ කෝප්පය ඉවත දාන්නේ කොහෙද?,intermediate
could-you-take-this-tray-away,s-making-requests,Could you take this tray away?,කුඩ් යූ ටේක් දිස් ට්‍රේ අවේ?,මේ තැටිය අරගෙන යන්න පුළුවන්ද?,intermediate
is-landing-expected-to-be-smooth,s-asking-questions,Is landing expected to be smooth?,ඉස් ලෑන්ඩින් එක්ස්පෙක්ටඩ් ටු බී ස්මූත්?,බැස්සවීම සාමාන්‍යව මෘදු වෙයිද?,intermediate
the-turbulence-is-making-me-nervous,s-feelings-emotions,The turbulence is making me nervous.,ද ටර්බියුලන්ස් ඉස් මේකින් මී නර්වස්.,ගුවන් යානය හෙලවෙන එක නිසා මට ටිකක් බයයි.,intermediate
is-this-level-of-turbulence-normal,s-asking-questions,Is this level of turbulence normal?,ඉස් දිස් ලෙවල් ඔෆ් ටර්බියුලන්ස් නෝමල්?,මේ තරම් හෙලවෙන එක සාමාන්‍යද?,intermediate
how-long-will-the-turbulence-last,s-asking-questions,How long will the turbulence last?,හව් ලෝන් විල් ද ටර්බියුලන්ස් ලාස්ට්?,මේ හෙලවීම තව කොච්චර වෙලා තියෙයිද?,intermediate
ill-keep-my-seat-belt-fastened,s-everyday-conversations,I'll keep my seat belt fastened.,අයිල් කීප් මයි සීට් බෙල්ට් ෆාස්න්ඩ්.,මම අසුන් පටිය දාගෙනම ඉන්නම්.,intermediate
are-we-beginning-our-descent,s-asking-questions,Are we beginning our descent?,ආර් වී බිගිනින් අවර් ඩිසෙන්ට්?,අපි දැන් පහළට බහින්න පටන්ගන්නවද?,beginner
how-long-until-touchdown,s-asking-questions,How long until touchdown?,හව් ලෝන් අන්ටිල් ටච්ඩවුන්?,ගුවන් යානය බිමට බස්සන්න තව කොච්චර වෙලාවක්ද?,beginner
which-terminal-will-we-arrive-at,s-airport,Which terminal will we arrive at?,විච් ටර්මිනල් විල් වී අරයිව් ඇට්?,අපි බහින්නේ මොන පර්යන්තයටද?,intermediate
will-we-use-a-jet-bridge,s-asking-questions,Will we use a jet bridge?,විල් වී යූස් අ ජෙට් බ්‍රිජ්?,ගුවන් යානයෙන් සෘජුව පර්යන්තයට යන පාලම භාවිත කරනවද?,intermediate
do-we-need-to-take-a,s-airport,Do we need to take a bus to the terminal?,ඩූ වී නීඩ් ටු ටේක් අ බස් ටු ද ටර්මිනල්?,පර්යන්තයට bus එකක යන්න ඕනද?,intermediate
can-i-leave-the-plane-quickly,s-asking-questions,Can I leave the plane quickly?,කැන් අයි ලීව් ද ප්ලේන් ක්වික්ලි?,මට ඉක්මනින් ගුවන් යානයෙන් බහින්න පුළුවන්ද?,intermediate
i-have-a-train-to-catch,s-transportation,I have a train to catch after landing.,අයි හැව් අ ට්‍රේන් ටු කැච් ආෆ්ටර් ලෑන්ඩින්.,බැස්සම අල්ලගන්න දුම්රියක් තියෙනවා.,intermediate
could-i-get-off-ahead-of,s-asking-questions,Could I get off ahead of the crowd?,කුඩ් අයි ගෙට් ඔෆ් අහෙඩ් ඔෆ් ද ක්‍රවුඩ්?,සෙනඟට කලින් බහින්න පුළුවන්ද?,intermediate
i-left-something-in-the-seat,s-everyday-conversations,I left something in the seat pocket.,අයි ලෙෆ්ට් සම්තින් ඉන් ද සීට් පොකට්.,අසුනේ පොකට් එකේ දෙයක් දාලා ඇවිත්.,intermediate
can-i-go-back-and-get,s-asking-questions,Can I go back and get it?,කැන් අයි ගෝ බැක් ඇන්ඩ් ගෙට් ඉට්?,ආපහු ගිහින් ඒක ගන්න පුළුවන්ද?,intermediate
which-immigration-line-is-for-visitors,s-airport,Which immigration line is for visitors?,විච් ඉමිග්‍රේෂන් ලයින් ඉස් ෆෝ විසಿಟර්ස්?,සංචාරකයන්ට තියෙන immigration පෝලිම මොකක්ද?,intermediate
is-there-an-electronic-passport-gate,s-airport,Is there an electronic passport gate?,ඉස් දෙයාර් ඇන් ඉලෙක්ට්‍රොනික් පාස්පෝට් ගේට්?,විද්‍යුත් පාස්පෝට් ගේට් එකක් තියෙනවද?,intermediate
can-i-use-the-e-gate,s-airport,Can I use the e-gate with this passport?,කැන් අයි යූස් දි ඊ-ගේට් විත් දිස් පාස්පෝට්?,මේ පාස්පෝට් එකෙන් e-gate එක පාවිච්චි කරන්න පුළුවන්ද?,intermediate
the-machine-isnt-reading-my-passport,s-airport,The machine isn't reading my passport.,ද මෂීන් ඉසන්ට් රීඩින් මයි පාස්පෝට්.,යන්ත්‍රය මගේ පාස්පෝට් එක කියවන්නේ නැහැ.,intermediate
do-i-need-to-have-my,s-asking-questions,Do I need to have my fingerprints taken?,ඩූ අයි නීඩ් ටු හැව් මයි ෆින්ගර්ප්‍රින්ට්ස් ටේකන්?,මගේ ඇඟිලි සලකුණු දෙන්න ඕනද?,intermediate
do-i-need-to-look-at,s-asking-questions,Do I need to look at the camera?,ඩූ අයි නීඩ් ටු ලුක් ඇට් ද කැමරා?,කැමරාව දිහා බලන්න ඕනද?,intermediate
im-staying-with-a-friend,s-family-friends,I'm staying with a friend.,අයිම් ස්ටේයින් විත් අ ෆ්‍රෙන්ඩ්.,මම යාළුවෙක්ගේ ගෙදර ඉන්නේ.,beginner
heres-the-address-where-ill-be,s-everyday-conversations,Here's the address where I'll be staying.,හියර්ස් දි ඇඩ්‍රස් වෙයාර් අයිල් බී ස්ටේයින්.,මම ඉන්න තැනේ ලිපිනය මෙන්න.,intermediate
my-friend-is-meeting-me-outside,s-meetings,My friend is meeting me outside.,මයි ෆ්‍රෙන්ඩ් ඉස් මීටින් මී අවුට්සයිඩ්.,මගේ යාළුවා මාව එළියේ හමුවෙනවා.,intermediate
im-attending-a-conference,s-meetings,I'm attending a conference.,අයිම් අටෙන්ඩින් අ කොන්ෆරන්ස්.,මම සම්මන්ත්‍රණයකට සහභාගී වෙන්න ආවේ.,beginner
im-here-for-a-short-course,s-school-education,I'm here for a short course.,අයිම් හියර් ෆෝ අ ෂෝට් කෝස්.,මම කෙටි පාඨමාලාවකට ආවේ.,intermediate
im-here-for-a-family-visit,s-travel,I'm here for a family visit.,අයිම් හියර් ෆෝ අ ෆැමිලි විසිට්.,මම පවුලේ අය බලන්න ආවේ.,intermediate
ill-leave-before-my-visa-expires,s-everyday-conversations,I'll leave before my visa expires.,අයිල් ලීව් බිෆෝර් මයි වීසා එක්ස්පයර්ස්.,මගේ වීසා එක ඉවර වෙන්න කලින් මම යනවා.,intermediate
my-return-flight-is-already-booked,s-airport,My return flight is already booked.,මයි රිටර්න් ෆ්ලයිට් ඉස් ඕල්රෙඩි බුක්ට්.,ආපහු යන ගුවන් ගමන දැනටමත් වෙන් කරලා.,intermediate
i-have-enough-funds-for-my,s-everyday-conversations,I have enough funds for my stay.,අයි හැව් ඉනෆ් ෆන්ඩ්ස් ෆෝ මයි ස්ටේ.,මෙහෙ ඉන්න කාලයට මට ප්‍රමාණවත් මුදල් තියෙනවා.,intermediate
would-you-like-to-see-my,s-travel,Would you like to see my travel itinerary?,වුඩ් යූ ලයික් ටු සී මයි ට්‍රැවල් අයිටිනරරි?,මගේ ගමන් සැලැස්ම බලන්න ඕනද?,intermediate
im-visiting-several-cities,s-everyday-conversations,I'm visiting several cities.,අයිම් විසිටින් සෙවරල් සිටීස්.,මම නගර කිහිපයකට යනවා.,beginner
ill-be-traveling-by-train-between,s-transportation,I'll be traveling by train between cities.,අයිල් බී ට්‍රැවලින් බයි ට්‍රේන් බිට්වීන් සිටීස්.,නගර අතර මම දුම්රියෙන් යනවා.,intermediate
this-is-my-first-entry-into,s-everyday-conversations,This is my first entry into the country.,දිස් ඉස් මයි ෆර්ස්ට් එන්ට්‍රි ඉන්ටු ද කන්ට්‍රි.,මේ රටට මම ඇතුළුවෙන පළවෙනි වතාව.,intermediate
i-have-a-valid-tourist-visa,s-travel,I have a valid tourist visa.,අයි හැව් අ වැලිඩ් ටුවරිස්ට් වීසා.,මට වලංගු සංචාරක වීසා එකක් තියෙනවා.,intermediate
where-should-i-collect-checked-luggage,s-airport,Where should I collect checked luggage?,වෙයාර් ෂුඩ් අයි කලෙක්ට් චෙක්ට් ලගේජ්?,භාරදීපු බඩු ගන්නේ කොහෙන්ද?,intermediate
has-baggage-from-our-flight-started,s-airport,Has baggage from our flight started coming out?,හැස් බැගේජ් ෆ්‍රම් අවර් ෆ්ලයිට් ස්ටාර්ටඩ් කමින් අවුට්?,අපේ ගුවන් ගමනේ බෑග් එන්න පටන් අරන්ද?,intermediate
my-bag-is-taking-a-long,s-everyday-conversations,My bag is taking a long time to appear.,මයි බෑග් ඉස් ටේකින් අ ලෝන් ටයිම් ටු අපියර්.,මගේ බෑගය එන්න ගොඩක් වෙලා යනවා.,intermediate
could-my-bag-be-on-another,s-asking-questions,Could my bag be on another carousel?,කුඩ් මයි බෑග් බී ඔන් අනදර් කැරසෙල්?,මගේ බෑගය වෙන බෙල්ට් එකක එනවා වෙන්න පුළුවන්ද?,intermediate
this-suitcase-looks-similar-to-mine,s-everyday-conversations,This suitcase looks similar to mine.,දිස් සූට්කේස් ලුක්ස් සිමිලර් ටු මයින්.,මේ suitcase එක මගේ එක වගේ.,intermediate
let-me-check-the-baggage-tag,s-airport,Let me check the baggage tag.,ලෙට් මී චෙක් ද බැගේජ් ටැග්.,baggage tag එක බලන්න දෙන්න.,intermediate
someone-may-have-taken-my-bag,s-problems-complaints,Someone may have taken my bag by mistake.,සම්වන් මේ හැව් ටේකන් මයි බෑග් බයි මිස්ටේක්.,කෙනෙක් වැරදීමකින් මගේ බෑගය අරගෙන ඇති.,intermediate
is-there-cctv-around-the-baggage,s-airport,Is there CCTV around the baggage area?,ඉස් දෙයාර් සීසීටීවී අරවුන්ඩ් ද බැගේජ් ඒරියා?,baggage area එකේ ආරක්ෂක කැමරා තියෙනවද?,intermediate
my-bag-was-opened-during-transit,s-everyday-conversations,My bag was opened during transit.,මයි බෑග් වස් ඕපන්ඩ් ඩියුරින් ට්‍රාන්සිට්.,අතරමගදී මගේ බෑගය අරලා තියෙනවා.,intermediate
something-is-missing-from-my-suitcase,s-everyday-conversations,Something is missing from my suitcase.,සම්තින් ඉස් මිසින් ෆ්‍රම් මයි සූට්කේස්.,මගේ suitcase එකෙන් දෙයක් නැතිවෙලා.,intermediate
id-like-to-file-a-baggage,s-airport,I'd like to file a baggage claim.,අයිඩ් ලයික් ටු ෆයිල් අ බැගේජ් ක්ලේම්.,luggage ගැන පැමිණිල්ලක් දාන්න ඕන.,intermediate
could-you-give-me-a-claim,s-making-requests,Could you give me a claim reference number?,කුඩ් යූ ගිව් මී අ ක්ලේම් රෙෆරන්ස් නම්බර්?,පැමිණිල්ලේ යොමු අංකය දෙන්න පුළුවන්ද?,intermediate
how-can-i-track-my-missing,s-asking-questions,How can I track my missing bag?,හව් කැන් අයි ට්‍රැක් මයි මිසින් බෑග්?,නැතිවුණු බෑගය කොහේද කියලා බලන්නේ කොහොමද?,intermediate
will-i-receive-updates-by-email,s-technology,Will I receive updates by email?,විල් අයි රිසීව් අප්ඩේට්ස් බයි ඊමේල්?,අලුත් තොරතුරු මට ඊමේල් එකෙන් ලැබෙනවද?,intermediate
will-the-airline-reimburse-essential-purchases,s-asking-questions,Will the airline reimburse essential purchases?,විල් දි එයාර්ලයින් රීඉම්බර්ස් එසෙන්ෂල් පර්චසස්?,අවශ්‍ය බඩු ගන්න ගිය වියදම් ගුවන් සමාගම ආපහු ගෙවනවද?,intermediate
should-i-keep-all-my-receipts,s-everyday-conversations,Should I keep all my receipts?,ෂුඩ් අයි කීප් ඕල් මයි රිසීට්ස්?,මම හැම බිල්පතක්ම තියාගන්න ඕනද?,intermediate
my-suitcase-wheel-is-broken,s-problems-complaints,My suitcase wheel is broken.,මයි සූට්කේස් වීල් ඉස් බ්‍රෝකන්.,මගේ suitcase එකේ රෝදයක් කැඩිලා.,beginner
the-zipper-has-been-damaged,s-problems-complaints,The zipper has been damaged.,ද සිපර් හැස් බීන් ඩැමජ්ඩ්.,zipper එකට හානි වෙලා.,beginner
the-handle-has-come-off,s-everyday-conversations,The handle has come off.,ද හැන්ඩල් හැස් කම් ඔෆ්.,handle එක ගැලවිලා.,beginner
id-like-to-report-the-damage,s-work-office,I'd like to report the damage before leaving.,අයිඩ් ලයික් ටු රිපෝට් ද ඩැමජ් බිෆෝර් ලීවින්.,යන්න කලින් මේ හානිය වාර්තා කරන්න ඕන.,intermediate
which-exit-leads-to-public-transportation,s-everyday-conversations,Which exit leads to public transportation?,විච් එක්සිට් ලීඩ්ස් ටු පබ්ලික් ට්‍රාන්ස්පෝර්ටේෂන්?,පොදු ප්‍රවාහනයට යන්නේ මොන exit එකෙන්ද?,intermediate
where-can-i-find-the-airport,s-airport,Where can I find the airport train?,වෙයාර් කැන් අයි ෆයින්ඩ් දි එයාර්පෝට් ට්‍රේන්?,airport train එක තියෙන්නේ කොහෙද?,intermediate
does-the-airport-train-run-all,s-airport,Does the airport train run all night?,ඩස් දි එයාර්පෝට් ට්‍රේන් රන් ඕල් නයිට්?,airport train එක මුළු රෑම යනවද?,intermediate
whats-the-last-train-into-the,s-transportation,What's the last train into the city?,වට්ස් ද ලාස්ට් ට්‍රේන් ඉන්ටු ද සිටි?,නගරයට යන අන්තිම train එක කීයටද?,intermediate
can-i-buy-the-train-ticket,s-transportation,Can I buy the train ticket with a card?,කැන් අයි බයි ද ට්‍රේන් ටිකට් විත් අ කාඩ්?,train ticket එක card එකෙන් ගන්න පුළුවන්ද?,intermediate
is-contactless-payment-accepted,s-asking-questions,Is contactless payment accepted?,ඉස් කන්ටැක්ට්ලස් පේමන්ට් ඇක්සෙප්ටඩ්?,card එක tap කරලා ගෙවන්න පුළුවන්ද?,beginner
do-i-need-to-validate-this,s-transportation,Do I need to validate this ticket?,ඩූ අයි නීඩ් ටු වැලිඩේට් දිස් ටිකට්?,මේ ticket එක ගමනට කලින් සලකුණු කරගන්න ඕනද?,intermediate
where-do-i-validate-it,s-asking-questions,Where do I validate it?,වෙයාර් ඩූ අයි වැලිඩේට් ඉට්?,ඒක validate කරන්නේ කොහෙද?,beginner
is-this-ticket-valid-all-day,s-transportation,Is this ticket valid all day?,ඉස් දිස් ටිකට් වැලිඩ් ඕල් ඩේ?,මේ ticket එක දවස පුරාම වලංගුද?,intermediate
does-this-ticket-cover-buses-too,s-transportation,Does this ticket cover buses too?,ඩස් දිස් ටිකට් කවර් බසස් ටූ?,මේ ticket එක bus වලටත් වලංගුද?,intermediate
id-like-a-day-pass,s-everyday-conversations,I'd like a day pass.,අයිඩ් ලයික් අ ඩේ පාස්.,මට දවස පුරා පාවිච්චි කරන්න පුළුවන් ගමන් බලපත්‍රයක් ඕන.,beginner
is-there-a-three-day-travel,s-travel,Is there a three-day travel pass?,ඉස් දෙයාර් අ ත්‍රී-ඩේ ට්‍රැවල් පාස්?,දවස් තුනකට ගමන් කරන්න පුළුවන් pass එකක් තියෙනවද?,intermediate
which-pass-is-best-for-tourists,s-everyday-conversations,Which pass is best for tourists?,විච් පාස් ඉස් බෙස්ට් ෆෝ ටුවරිස්ට්ස්?,සංචාරකයන්ට වඩා හොඳ ගමන් pass එක මොකක්ද?,intermediate
does-the-pass-include-airport-transport,s-airport,Does the pass include airport transport?,ඩස් ද පාස් ඉන්ක්ලූඩ් එයාර්පෝට් ට්‍රාන්ස්පෝර්ට්?,ඒ pass එකෙන් airport ගමනත් යන්න පුළුවන්ද?,intermediate
can-two-people-share-one-card,s-banking-money,Can two people share one card?,කැන් ටූ පීපල් ෂෙයාර් වන් කාඩ්?,දෙන්නෙකුට එක card එකක් පාවිච්චි කරන්න පුළුවන්ද?,intermediate
do-i-need-one-card-per,s-banking-money,Do I need one card per person?,ඩූ අයි නීඩ් වන් කාඩ් පර් පර්සන්?,එක් එක් කෙනාට වෙනම card එකක් ඕනද?,intermediate
where-can-i-check-the-remaining,s-asking-questions,Where can I check the remaining balance?,වෙයාර් කැන් අයි චෙක් ද රිමේනින් බැලන්ස්?,card එකේ ඉතුරු මුදල බලන්නේ කොහෙද?,intermediate
the-machine-charged-me-twice,s-everyday-conversations,The machine charged me twice.,ද මෂීන් චාර්ජ්ඩ් මී ට්වයිස්.,යන්ත්‍රය මගෙන් දෙවරක් ගාස්තුව අරගෙන.,beginner
can-i-get-a-refund-for,s-asking-questions,Can I get a refund for the extra charge?,කැන් අයි ගෙට් අ රීෆන්ඩ් ෆෝ දි එක්ස්ට්‍රා චාර්ජ්?,වැඩිපුර අරගත්ත මුදල ආපහු ගන්න පුළුවන්ද?,intermediate
my-travel-card-stopped-working,s-travel,My travel card stopped working.,මයි ට්‍රැවල් කාඩ් ස්ටොප්ට් වර්කින්.,මගේ ගමන් card එක වැඩ කරන්නේ නැහැ.,beginner
could-you-check-whether-it-still,s-making-requests,Could you check whether it still has credit?,කුඩ් යූ චෙක් වෙදර් ඉට් ස්ටිල් හැස් ක්‍රෙඩිට්?,ඒකේ තාම මුදල් තියෙනවද බලන්න පුළුවන්ද?,intermediate
i-think-i-tapped-the-wrong,s-problems-complaints,I think I tapped the wrong reader.,අයි තින්ක් අයි ටැප්ට් ද රොන් රීඩර්.,මම වැරදි යන්ත්‍රයට card එක tap කළා වගේ.,intermediate
the-gate-wont-open-for-me,s-airport,The gate won't open for me.,ද ගේට් වෝන්ට් ඕපන් ෆෝ මී.,මට gate එක ඇරෙන්නේ නැහැ.,intermediate
could-a-staff-member-help-me,s-asking-for-help,Could a staff member help me?,කුඩ් අ ස්ටාෆ් මෙම්බර් හෙල්ප් මී?,සේවකයෙක් මට උදව් කරන්න පුළුවන්ද?,intermediate
i-accidentally-went-through-the-wrong,s-problems-complaints,I accidentally went through the wrong gate.,අයි ඇක්සිඩෙන්ටලි වෙන්ට් ත්‍රූ ද රොන් ගේට්.,වැරදීමකින් මම වැරදි gate එකෙන් ගියා.,intermediate
how-do-i-get-back-to,s-transportation,How do I get back to the other platform?,හව් ඩූ අයි ගෙට් බැක් ටු දි අදර් ප්ලැට්ෆෝම්?,අනිත් platform එකට ආපහු යන්නේ කොහොමද?,intermediate
is-there-an-underground-passage,s-asking-questions,Is there an underground passage?,ඉස් දෙයාර් ඇන් අන්ඩර්ග්‍රවුන්ඩ් පැසෙජ්?,යටින් යන මාර්ගයක් තියෙනවද?,beginner
is-there-a-footbridge-over-the,s-asking-questions,Is there a footbridge over the tracks?,ඉස් දෙයාර් අ ෆුට්බ්‍රිජ් ඕවර් ද ට්‍රැක්ස්?,රේල් පාර උඩින් යන පාලමක් තියෙනවද?,intermediate
which-carriage-is-closest-to-the,s-everyday-conversations,Which carriage is closest to the exit?,විච් කැරිජ් ඉස් ක්ලෝසස්ට් ටු දි එක්සිට්?,exit එකට ළඟම train compartment එක මොකක්ද?,intermediate
should-we-sit-near-the-front,s-transportation,Should we sit near the front of the train?,ෂුඩ් වී සිට් නියර් ද ෆ්‍රන්ට් ඔෆ් ද ට්‍රේන්?,train එකේ ඉස්සරහ පැත්තේ ඉඳගමුද?,intermediate
is-this-train-reservation-only,s-hotel,Is this train reservation-only?,ඉස් දිස් ට්‍රේන් රෙසර්වේෂන්-ඕන්ලි?,මේ train එකේ යන්න කලින් seat එක වෙන්කරලා තියෙන්න ඕනද?,beginner
can-i-stand-if-there-are,s-asking-questions,Can I stand if there are no seats?,කැන් අයි ස්ටෑන්ඩ් ඉෆ් දෙයාර් ආර් නෝ සීට්ස්?,seat නැත්නම් හිටගෙන යන්න පුළුවන්ද?,intermediate
is-first-class-much-more-expensive,s-school-education,Is first class much more expensive?,ඉස් ෆර්ස්ට් ක්ලාස් මච් මෝර් එක්ස්පෙන්සිව්?,පළමු පන්තිය ගොඩක් ගණන්ද?,intermediate
whats-included-in-first-class,s-school-education,What's included in first class?,වට්ස් ඉන්ක්ලූඩඩ් ඉන් ෆර්ස්ට් ක්ලාස්?,පළමු පන්තියට ඇතුළත් පහසුකම් මොනවද?,beginner
does-this-train-have-a-dining,s-transportation,Does this train have a dining car?,ඩස් දිස් ට්‍රේන් හැව් අ ඩයිනින් කාර්?,මේ train එකේ කෑම ගන්න compartment එකක් තියෙනවද?,intermediate
is-there-a-caf-on-board,s-asking-questions,Is there a café on board?,ඉස් දෙයාර් අ කැෆේ ඔන් බෝඩ්?,train එකේ කෑම බීම ගන්න තැනක් තියෙනවද?,intermediate
can-i-bring-my-own-food,s-restaurants-food,Can I bring my own food?,කැන් අයි බ්‍රින්ග් මයි ඕන් ෆුඩ්?,මගේම කෑම ගෙනියන්න පුළුවන්ද?,intermediate
is-there-a-place-for-large,s-asking-questions,Is there a place for large suitcases?,ඉස් දෙයාර් අ ප්ලේස් ෆෝ ලාර්ජ් සූට්කේසස්?,ලොකු suitcase තියන්න තැනක් තියෙනවද?,intermediate
should-i-keep-my-luggage-with,s-airport,Should I keep my luggage with me?,ෂුඩ් අයි කීප් මයි ලගේජ් විත් මී?,luggage එක මගේ ළඟම තියාගන්නද?,intermediate
is-luggage-theft-common-on-this,s-airport,Is luggage theft common on this route?,ඉස් ලගේජ් තෙෆ්ට් කොමන් ඔන් දිස් රූට්?,මේ පාරේ luggage හොරකම් වෙන එක සාමාන්‍යද?,intermediate
can-i-lock-my-suitcase-to,s-asking-questions,Can I lock my suitcase to the rack?,කැන් අයි ලොක් මයි සූට්කේස් ටු ද රැක්?,suitcase එක rack එකට lock කරන්න පුළුවන්ද?,intermediate
does-this-train-have-sleeping-compartments,s-transportation,Does this train have sleeping compartments?,ඩස් දිස් ට්‍රේන් හැව් ස්ලීපින් කම්පාර්ට්මන්ට්ස්?,මේ train එකේ නිදාගන්න කාමර වගේ කොටස් තියෙනවද?,intermediate
id-like-a-lower-berth,s-everyday-conversations,I'd like a lower berth.,අයිඩ් ලයික් අ ලෝවර් බර්ත්.,මට පහළ නිදන තැනක් ඕන.,beginner
is-bedding-provided,s-asking-questions,Is bedding provided?,ඉස් බෙඩින් ප්‍රොවයිඩඩ්?,නිදාගන්න ඇඳ ඇතිරිලි දෙනවද?,beginner
can-i-lock-the-compartment-from,s-asking-questions,Can I lock the compartment from inside?,කැන් අයි ලොක් ද කම්පාර්ට්මන්ට් ෆ්‍රම් ඉන්සයිඩ්?,compartment එක ඇතුළෙන් lock කරන්න පුළුවන්ද?,intermediate
what-time-will-we-cross-the,s-asking-questions,What time will we cross the border?,වට් ටයිම් විල් වී ක්‍රොස් ද බෝඩර්?,අපි border එක පහු කරන්නේ කීයටද?,intermediate
will-immigration-officers-board-the-train,s-airport,Will immigration officers board the train?,විල් ඉමිග්‍රේෂන් ඔෆිසර්ස් බෝඩ් ද ට්‍රේන්?,immigration නිලධාරීන් train එකට එනවද?,intermediate
do-we-need-to-leave-the,s-airport,Do we need to leave the train for passport control?,ඩූ වී නීඩ් ටු ලීව් ද ට්‍රේන් ෆෝ පාස්පෝට් කන්ට්‍රෝල්?,පාස්පෝට් පරීක්ෂාවට train එකෙන් බහින්න ඕනද?,intermediate
how-long-will-we-stop-at,s-transportation,How long will we stop at the border?,හව් ලෝන් විල් වී ස්ටොප් ඇට් ද බෝඩර්?,border එකේ කොච්චර වෙලා නවතිනවද?,intermediate
please-wake-me-before-we-reach,s-transportation,Please wake me before we reach my stop.,ප්ලීස් වේක් මී බිෆෝර් වී රීච් මයි ස්ටොප්.,මම බහින්න ඕන තැනට කලින් මාව ඇහැරවන්න.,intermediate
is-there-a-luggage-storage-room,s-airport,Is there a luggage storage room at the station?,ඉස් දෙයාර් අ ලගේජ් ස්ටෝරේජ් රූම් ඇට් ද ස්ටේෂන්?,station එකේ බෑග් තියලා යන්න තැනක් තියෙනවද?,intermediate
how-much-does-luggage-storage-cost,s-airport,How much does luggage storage cost?,හව් මච් ඩස් ලගේජ් ස්ටෝරේජ් කොස්ට්?,luggage තියලා යන්න ගාස්තුව කීයද?,intermediate
can-i-leave-my-suitcase-here,s-asking-questions,Can I leave my suitcase here all day?,කැන් අයි ලීව් මයි සූට්කේස් හියර් ඕල් ඩේ?,suitcase එක දවසම මෙතන තියලා යන්න පුළුවන්ද?,intermediate
what-time-does-the-luggage-office,s-airport,What time does the luggage office close?,වට් ටයිම් ඩස් ද ලගේජ් ඔෆිස් ක්ලෝස්?,luggage office එක වහන්නේ කීයටද?,intermediate
do-i-need-my-passport-to,s-airport,Do I need my passport to collect the bag?,ඩූ අයි නීඩ් මයි පාස්පෝට් ටු කලෙක්ට් ද බෑග්?,bag එක ආපහු ගන්න passport එක ඕනද?,intermediate
could-you-keep-this-receipt-safe,s-banking-money,Could you keep this receipt safe?,කුඩ් යූ කීප් දිස් රිසීට් සේෆ්?,මේ receipt එක පරිස්සමින් තියාගන්න පුළුවන්ද?,intermediate
we-need-to-collect-our-bags,s-everyday-conversations,We need to collect our bags before closing time.,වී නීඩ් ටු කලෙක්ට් අවර් බෑග්ස් බිෆෝර් ක්ලෝසින් ටයිම්.,තැන වහන්න කලින් bags ගන්න ඕන.,intermediate
is-there-a-taxi-rank-outside,s-transportation,Is there a taxi rank outside the station?,ඉස් දෙයාර් අ ටැක්සි රෑන්ක් අවුට්සයිඩ් ද ස්ටේෂන්?,station එක එළියේ taxi stand එකක් තියෙනවද?,intermediate
are-taxis-metered-here,s-asking-questions,Are taxis metered here?,ආර් ටැක්සිස් මීටර්ඩ් හියර්?,මෙහෙ taxis meter එකෙන්ද යන්නේ?,beginner
should-i-agree-on-the-fare,s-transportation,Should I agree on the fare beforehand?,ෂුඩ් අයි අග්‍රී ඔන් ද ෆෙයාර් බිෆෝර්හෑන්ඩ්?,යන්න කලින් ගාණ කතා කරගන්නද?,intermediate
could-you-take-me-to-the,s-making-requests,Could you take me to the old town?,කුඩ් යූ ටේක් මී ටු දි ඕල්ඩ් ටවුන්?,මාව පැරණි නගර ප්‍රදේශයට ගෙනියන්න පුළුවන්ද?,intermediate
id-like-to-avoid-rush-hour,s-transportation,I'd like to avoid rush-hour traffic.,අයිඩ් ලයික් ටු අවොයිඩ් රෂ්-අවර් ට්‍රැෆික්.,traffic වැඩිම වෙලාව මඟහරින්න මට ඕන.,intermediate
is-there-a-scenic-route,s-transportation,Is there a scenic route?,ඉස් දෙයාර් අ සීනික් රූට්?,ලස්සන දර්ශන තියෙන පාරක් තියෙනවද?,beginner
i-dont-mind-if-it-takes,s-everyday-conversations,I don't mind if it takes a little longer.,අයි ඩෝන්ට් මයින්ඩ් ඉෆ් ඉට් ටේක්ස් අ ලිට්ල් ලෝන්ගර්.,ටිකක් වැඩි වෙලා ගියත් මට අවුලක් නැහැ.,intermediate
could-we-stop-for-a-photo,s-transportation,Could we stop for a photo on the way?,කුඩ් වී ස්ටොප් ෆෝ අ ෆොටෝ ඔන් ද වේ?,අතරමග පින්තූරයක් ගන්න නවත්තන්න පුළුවන්ද?,intermediate
is-there-a-good-viewpoint-along,s-asking-questions,Is there a good viewpoint along the road?,ඉස් දෙයාර් අ ගුඩ් වීව්පොයින්ට් අලෝන් ද රෝඩ්?,පාරේ හොඳ view එකක් තියෙන තැනක් තියෙනවද?,intermediate
can-we-stop-for-coffee-somewhere,s-transportation,Can we stop for coffee somewhere?,කැන් වී ස්ටොප් ෆෝ කොෆී සම්වෙයාර්?,අතරමග කොහෙ හරි කෝපි බොන්න නවත්තමුද?,intermediate
i-need-to-use-a-restroom,s-everyday-conversations,I need to use a restroom.,අයි නීඩ් ටු යූස් අ රෙස්ට්රූම්.,මට වැසිකිළියකට යන්න ඕන.,intermediate
is-there-a-rest-stop-ahead,s-transportation,Is there a rest stop ahead?,ඉස් දෙයාර් අ රෙස්ට් ස්ටොප් අහෙඩ්?,ඉස්සරහ නැවතිලා විවේක ගන්න තැනක් තියෙනවද?,intermediate
could-we-stop-at-the-next,s-transportation,Could we stop at the next service area?,කුඩ් වී ස්ටොප් ඇට් ද නෙක්ස්ට් සර්විස් ඒරියා?,ඊළඟ විවේක ස්ථානයේ නවත්තන්න පුළුවන්ද?,intermediate
i-get-carsick-on-winding-roads,s-everyday-conversations,I get carsick on winding roads.,අයි ගෙට් කාර්සික් ඔන් වයින්ඩින් රෝඩ්ස්.,වංගු පාරවල්වල යද්දි මට වමනය එන වගේ වෙනවා.,intermediate
could-you-drive-smoothly-please,s-making-requests,"Could you drive smoothly, please?","කුඩ් යූ ඩ්‍රයිව් ස්මූත්ලි, ප්ලීස්?",ටිකක් මෘදුව drive කරන්න පුළුවන්ද?,beginner
please-avoid-sudden-braking,s-making-requests,Please avoid sudden braking.,ප්ලීස් අවොයිඩ් සඩන් බ්‍රේකින්.,එකපාරට brake කරන්න එපා.,beginner
could-you-turn-the-music-down,s-making-requests,Could you turn the music down?,කුඩ් යූ ටර්න් ද මියුසික් ඩවුන්?,music එක ටිකක් අඩු කරන්න පුළුවන්ද?,intermediate
could-you-turn-the-air-conditioning,s-making-requests,Could you turn the air conditioning up a little?,කුඩ් යූ ටර්න් දි එයාර් කන්ඩිෂනින් අප් අ ලිට්ල්?,AC එක ටිකක් වැඩි කරන්න පුළුවන්ද?,intermediate
could-you-open-the-window-slightly,s-home,Could you open the window slightly?,කුඩ් යූ ඕපන් ද වින්ඩෝ ස්ලයිට්ලි?,ජනේලය ටිකක් අරින්න පුළුවන්ද?,intermediate
im-fine-with-the-temperature-now,s-everyday-conversations,I'm fine with the temperature now.,අයිම් ෆයින් විත් ද ටෙම්පරචර් නව්.,දැන් උෂ්ණත්වය හොඳයි.,intermediate
how-much-further-do-we-have,s-asking-questions,How much further do we have to go?,හව් මච් ෆර්දර් ඩූ වී හැව් ටු ගෝ?,තව කොච්චර දුර යන්න තියෙනවද?,intermediate
are-we-close-to-the-hotel,s-hotel,Are we close to the hotel?,ආර් වී ක්ලෝස් ටු ද හෝටෙල්?,අපි hotel එකට ළඟද?,intermediate
could-you-tell-me-when-were,s-meetings,Could you tell me when we're five minutes away?,කුඩ් යූ ටෙල් මී වෙන් වීර් ෆයිව් මිනිට්ස් අවේ?,තව විනාඩි පහක් වගේ තියෙද්දි මට කියන්න පුළුවන්ද?,intermediate
i-need-to-call-the-hotel,s-hotel,I need to call the hotel before we arrive.,අයි නීඩ් ටු කෝල් ද හෝටෙල් බිෆෝර් වී අරයිව්.,අපි යන්න කලින් hotel එකට call කරන්න ඕන.,intermediate
the-entrance-should-be-around-the,s-everyday-conversations,The entrance should be around the back.,දි එන්ට්‍රන්ස් ෂුඩ් බී අරවුන්ඩ් ද බැක්.,entrance එක පිටිපස්ස පැත්තේ වගේ.,intermediate
could-you-drop-me-at-the,s-making-requests,Could you drop me at the side entrance?,කුඩ් යූ ඩ්‍රොප් මී ඇට් ද සයිඩ් එන්ට්‍රන්ස්?,පැත්තේ entrance එක ළඟ මාව බස්සන්න පුළුවන්ද?,intermediate
ill-get-out-here-to-avoid,s-transportation,I'll get out here to avoid the traffic.,අයිල් ගෙට් අවුට් හියර් ටු අවොයිඩ් ද ට්‍රැෆික්.,traffic මඟහරින්න මම මෙතනින් බහින්නම්.,intermediate
how-much-do-i-owe-you,s-asking-questions,How much do I owe you?,හව් මච් ඩූ අයි ඕ යූ?,මම ඔයාට කීයක් ගෙවන්න ඕනද?,intermediate
does-the-fare-include-luggage,s-airport,Does the fare include luggage?,ඩස් ද ෆෙයාර් ඉන්ක්ලූඩ් ලගේජ්?,ගාස්තුවට luggage එකත් ඇතුළත්ද?,beginner
is-there-an-airport-surcharge,s-airport,Is there an airport surcharge?,ඉස් දෙයාර් ඇන් එයාර්පෝට් සර්චාර්ජ්?,airport එක නිසා අමතර ගාස්තුවක් තියෙනවද?,beginner
could-you-show-me-the-fare,s-transportation,Could you show me the fare on the meter?,කුඩ් යූ ෂෝ මී ද ෆෙයාර් ඔන් ද මීටර්?,meter එකේ ගාණ මට පෙන්නන්න පුළුවන්ද?,intermediate
i-think-the-meter-is-running,s-everyday-conversations,I think the meter is running too fast.,අයි තින්ක් ද මීටර් ඉස් රනින් ටූ ෆාස්ට්.,meter එක අසාමාන්‍ය විදිහට ඉක්මනින් ගාණ වැඩි කරනවා වගේ.,intermediate
could-you-explain-the-extra-charge,s-making-requests,Could you explain the extra charge?,කුඩ් යූ එක්ස්ප්ලේන් දි එක්ස්ට්‍රා චාර්ජ්?,මේ අමතර ගාස්තුව මොකටද කියලා කියන්න පුළුවන්ද?,intermediate
i-only-have-a-large-bill,s-banking-money,I only have a large bill.,අයි ඕන්ලි හැව් අ ලාර්ජ් බිල්.,මගේ ළඟ තියෙන්නේ ලොකු නෝට්ටුවක් විතරයි.,intermediate
can-you-give-me-the-correct,s-banking-money,Can you give me the correct change?,කැන් යූ ගිව් මී ද කරෙක්ට් චේන්ජ්?,හරි ඉතුරු මුදල දෙන්න පුළුවන්ද?,intermediate
id-like-a-printed-receipt,s-banking-money,I'd like a printed receipt.,අයිඩ් ලයික් අ ප්‍රින්ටඩ් රිසීට්.,මට මුද්‍රිත බිල්පතක් ඕන.,beginner
could-you-write-your-vehicle-number,s-making-requests,Could you write your vehicle number on it?,කුඩ් යූ රයිට් යුවර් වීහිකල් නම්බර් ඔන් ඉට්?,ඒකේ වාහන අංකය ලියන්න පුළුවන්ද?,intermediate
i-may-need-the-receipt-for,s-banking-money,I may need the receipt for expenses.,අයි මේ නීඩ් ද රිසීට් ෆෝ එක්ස්පෙන්සස්.,වියදම් පෙන්වන්න මේ receipt එක ඕන වෙන්න පුළුවන්.,intermediate
can-i-book-the-return-ride,s-asking-questions,Can I book the return ride with you?,කැන් අයි බුක් ද රිටර්න් රයිඩ් විත් යූ?,ආපහු යන ගමනත් ඔයා එක්ක වෙන්කරගන්න පුළුවන්ද?,intermediate
ill-need-pickup-at-five-tomorrow,s-making-plans,I'll need pickup at five tomorrow morning.,අයිල් නීඩ් පික්අප් ඇට් ෆයිව් ටුමොරෝ මෝනින්.,හෙට උදේ පහට මාව ගන්න එන්න ඕන.,intermediate
could-you-send-me-a-confirmation,s-phone-conversations,Could you send me a confirmation message?,කුඩ් යූ සෙන්ඩ් මී අ කන්ෆමේෂන් මෙසේජ්?,තහවුරු කරන පණිවිඩයක් එවන්න පුළුවන්ද?,intermediate
please-dont-be-late-tomorrow,s-making-plans,Please don't be late tomorrow.,ප්ලීස් ඩෝන්ට් බී ලේට් ටුමොරෝ.,හෙට පරක්කු වෙන්න එපා.,beginner
ill-be-waiting-in-the-hotel,s-hotel,I'll be waiting in the hotel lobby.,අයිල් බී වේටින් ඉන් ද හෝටෙල් ලොබි.,මම hotel එකේ lobby එකේ බලන් ඉන්නම්.,intermediate
i-have-a-booking-for-three,s-hotel,I have a booking for three nights.,අයි හැව් අ බුකින් ෆෝ ත්‍රී නයිට්ස්.,මට රෑ තුනකට වෙන්කිරීමක් තියෙනවා.,intermediate
could-you-verify-the-room-type,s-home,Could you verify the room type?,කුඩ් යූ වෙරිෆයි ද රූම් ටයිප්?,මම වෙන් කරපු කාමර වර්ගය තහවුරු කරන්න පුළුවන්ද?,intermediate
i-booked-a-room-with-breakfast,s-restaurants-food,I booked a room with breakfast included.,අයි බුක්ට් අ රූම් විත් බ්‍රෙක්ෆස්ට් ඉන්ක්ලූඩඩ්.,උදේ කෑමත් ඇතුළත් කාමරයක් මම වෙන් කළා.,intermediate
my-confirmation-says-the-room-has,s-home,My confirmation says the room has a balcony.,මයි කන්ෆමේෂන් සෙස් ද රූම් හැස් අ බැල්කනි.,මගේ තහවුරු ලිපියේ balcony එකක් තියෙනවා කියලා තියෙනවා.,intermediate
could-you-check-whether-thats-correct,s-making-requests,Could you check whether that's correct?,කුඩ් යූ චෙක් වෙදර් දැට්ස් කරෙක්ට්?,ඒක හරිද බලන්න පුළුවන්ද?,intermediate
i-requested-a-quiet-room,s-home,I requested a quiet room.,අයි රික්වෙස්ටඩ් අ ක්වයිට් රූම්.,මම සද්දෙ අඩු කාමරයක් ඉල්ලලා තිබුණා.,beginner
is-there-a-room-away-from,s-home,Is there a room away from the elevator?,ඉස් දෙයාර් අ රූම් අවේ ෆ්‍රම් දි එලිවේටර්?,lift එකෙන් ඈත කාමරයක් තියෙනවද?,intermediate
im-a-light-sleeper,s-everyday-conversations,I'm a light sleeper.,අයිම් අ ලයිට් ස්ලීපර්.,පොඩි සද්දෙකටත් මට ඇහැරෙනවා.,beginner
is-there-construction-noise-nearby,s-giving-directions,Is there construction noise nearby?,ඉස් දෙයාර් කන්ස්ට්‍රක්ෂන් නොයිස් නියර්බයි?,ළඟ ගොඩනැගිලි වැඩවල සද්දෙ තියෙනවද?,beginner
does-the-room-face-the-main,s-home,Does the room face the main road?,ඩස් ද රූම් ෆේස් ද මේන් රෝඩ්?,කාමරය ප්‍රධාන පාර පැත්තටද තියෙන්නේ?,intermediate
could-i-see-the-room-before,s-home,Could I see the room before checking in?,කුඩ් අයි සී ද රූම් බිෆෝර් චෙකින් ඉන්?,check in වෙන්න කලින් කාමරය බලන්න පුළුවන්ද?,intermediate
is-there-a-better-room-available,s-home,Is there a better room available?,ඉස් දෙයාර් අ බෙටර් රූම් අවේලබල්?,මීට හොඳ කාමරයක් තියෙනවද?,intermediate
how-much-is-the-upgrade-per,s-asking-questions,How much is the upgrade per night?,හව් මච් ඉස් දි අප්ග්‍රේඩ් පර් නයිට්?,රෑකට වඩා හොඳ කාමරයකට මාරු වෙන්න කීයක් වැඩිපුර ගෙවන්න ඕනද?,intermediate
could-you-upgrade-me-if-something,s-making-requests,Could you upgrade me if something becomes available?,කුඩ් යූ අප්ග්‍රේඩ් මී ඉෆ් සම්තින් බිකම්ස් අවේලබල්?,හොඳ කාමරයක් හිස් වුණොත් මාව ඒකට මාරු කරන්න පුළුවන්ද?,intermediate
is-the-deposit-refundable,s-asking-questions,Is the deposit refundable?,ඉස් ද ඩිපොසිට් රීෆන්ඩබල්?,තැන්පතු මුදල ආපහු ලැබෙනවද?,beginner
when-will-the-deposit-be-returned,s-asking-questions,When will the deposit be returned?,වෙන් විල් ද ඩිපොසිට් බී රිටර්න්ඩ්?,තැන්පතු මුදල ආපහු ලැබෙන්නේ කවදාද?,intermediate
do-you-need-my-physical-card,s-banking-money,Do you need my physical card for the deposit?,ඩූ යූ නීඩ් මයි ෆිසිකල් කාඩ් ෆෝ ද ඩිපොසිට්?,තැන්පතුවට මගේ card එකම ඕනද?,intermediate
can-i-pay-the-deposit-in,s-banking-money,Can I pay the deposit in cash?,කැන් අයි පේ ද ඩිපොසිට් ඉන් කැෂ්?,තැන්පතුව cash වලින් ගෙවන්න පුළුවන්ද?,intermediate
could-i-get-a-receipt-for,s-banking-money,Could I get a receipt for the deposit?,කුඩ් අයි ගෙට් අ රිසීට් ෆෝ ද ඩිපොසිට්?,තැන්පතු මුදලට receipt එකක් දෙන්න පුළුවන්ද?,intermediate
is-there-a-city-tax-to,s-banking-money,Is there a city tax to pay separately?,ඉස් දෙයාර් අ සිටි ටැක්ස් ටු පේ සෙපරට්ලි?,නගර බද්ද වෙනම ගෙවන්න තියෙනවද?,intermediate
is-that-tax-per-person-or,s-home,Is that tax per person or per room?,ඉස් දැට් ටැක්ස් පර් පර්සන් ඕර් පර් රූම්?,"ඒ බද්ද එක් කෙනෙකුටද, කාමරයකටද?",intermediate
could-you-explain-all-the-charges,s-making-requests,Could you explain all the charges?,කුඩ් යූ එක්ස්ප්ලේන් ඕල් ද චාර්ජස්?,හැම ගාස්තුවක්ම පැහැදිලි කරන්න පුළුවන්ද?,intermediate
i-dont-recognize-this-charge-on,s-banking-money,I don't recognize this charge on the bill.,අයි ඩෝන්ට් රෙකග්නයිස් දිස් චාර්ජ් ඔන් ද බිල්.,මේ bill එකේ තියෙන මේ ගාස්තුව මට තේරෙන්නේ නැහැ.,intermediate
i-didnt-use-the-minibar,s-everyday-conversations,I didn't use the minibar.,අයි ඩිඩන්ට් යූස් ද මිනිබාර්.,මම minibar එකේ කිසි දෙයක් ගත්තේ නැහැ.,beginner
could-you-remove-that-charge,s-making-requests,Could you remove that charge?,කුඩ් යූ රිමූව් දැට් චාර්ජ්?,ඒ ගාස්තුව අයින් කරන්න පුළුවන්ද?,beginner
i-think-ive-been-charged-twice,s-restaurants-food,I think I've been charged twice for breakfast.,අයි තින්ක් අයිව් බීන් චාර්ජ්ඩ් ට්වයිස් ෆෝ බ්‍රෙක්ෆස්ට්.,breakfast එකට දෙපාරක් ගාස්තුව දාලා වගේ.,intermediate
could-you-check-the-bill-again,s-banking-money,Could you check the bill again?,කුඩ් යූ චෙක් ද බිල් අගේන්?,bill එක ආයෙත් බලන්න පුළුවන්ද?,intermediate
can-you-email-me-the-final,s-technology,Can you email me the final invoice?,කැන් යූ ඊමේල් මී ද ෆයිනල් ඉන්වොයිස්?,අවසාන බිල්පත ඊමේල් කරන්න පුළුවන්ද?,intermediate
i-need-an-itemized-bill,s-banking-money,I need an itemized bill.,අයි නීඩ් ඇන් අයිටමයිස්ඩ් බිල්.,එක් එක් ගාස්තුව වෙන වෙනම පෙන්නන bill එකක් ඕන.,beginner
could-you-add-my-company-name,s-business,Could you add my company name to the invoice?,කුඩ් යූ ඇඩ් මයි කම්පනි නේම් ටු දි ඉන්වොයිස්?,බිල්පතට මගේ සමාගමේ නම එකතු කරන්න පුළුවන්ද?,intermediate
is-there-a-luggage-scale-in,s-airport,Is there a luggage scale in the hotel?,ඉස් දෙයාර් අ ලගේජ් ස්කේල් ඉන් ද හෝටෙල්?,hotel එකේ luggage weigh කරන්න scale එකක් තියෙනවද?,intermediate
could-i-borrow-a-luggage-scale,s-airport,Could I borrow a luggage scale?,කුඩ් අයි බොරෝ අ ලගේජ් ස්කේල්?,luggage scale එකක් ටිකකට ඉල්ලගන්න පුළුවන්ද?,intermediate
i-need-to-repack-my-suitcase,s-everyday-conversations,I need to repack my suitcase.,අයි නීඩ් ටු රීපැක් මයි සූට්කේස්.,suitcase එක ආයෙත් අසුරගන්න ඕන.,intermediate
could-you-provide-some-tape,s-making-requests,Could you provide some tape?,කුඩ් යූ ප්‍රොවයිඩ් සම් ටේප්?,tape ටිකක් දෙන්න පුළුවන්ද?,beginner
do-you-have-a-box-i,s-asking-questions,Do you have a box I could use?,ඩූ යූ හැව් අ බොක්ස් අයි කුඩ් යූස්?,පාවිච්චි කරන්න box එකක් තියෙනවද?,intermediate
can-the-hotel-arrange-shipping,s-hotel,Can the hotel arrange shipping?,කැන් ද හෝටෙල් අරේන්ජ් ෂිපින්?,බඩුවක් යවන්න hotel එකෙන් සූදානම් කරලා දෙන්න පුළුවන්ද?,beginner
i-bought-too-many-souvenirs,s-shopping,I bought too many souvenirs.,අයි බෝට් ටූ මෙනි සූවනියර්ස්.,මම ගොඩක් මතක සටහන් බඩු අරගෙන.,beginner
they-wont-all-fit-in-my,s-shopping,They won't all fit in my suitcase.,දේ වෝන්ට් ඕල් ෆිට් ඉන් මයි සූට්කේස්.,ඒවා ඔක්කොම suitcase එකට දාගන්න බැහැ.,intermediate
can-i-send-a-parcel-home,s-home,Can I send a parcel home from here?,කැන් අයි සෙන්ඩ් අ පාර්සල් හෝම් ෆ්‍රම් හියර්?,මෙතනින් ගෙදරට parcel එකක් යවන්න පුළුවන්ද?,intermediate
where-is-the-nearest-post-office,s-giving-directions,Where is the nearest post office?,වෙයාර් ඉස් ද නියරස්ට් පෝස්ට් ඔෆිස්?,ළඟම තැපැල් කාර්යාලය කොහෙද?,intermediate
id-like-some-advice-on-what,s-everyday-conversations,I'd like some advice on what to see today.,අයිඩ් ලයික් සම් ඇඩ්වයිස් ඔන් වට් ටු සී ටුඩේ.,අද බලන්න හොඳ තැන් ගැන උපදෙස් ටිකක් ඕන.,intermediate
i-only-have-half-a-day,s-everyday-conversations,I only have half a day free.,අයි ඕන්ලි හැව් හාෆ් අ ඩේ ෆ්‍රී.,මට නිදහස් වෙලාව තියෙන්නේ දවසෙන් බාගයක් විතරයි.,intermediate
what-can-i-realistically-see-in,s-asking-questions,What can I realistically see in four hours?,වට් කැන් අයි රියලිස්ටිකලි සී ඉන් ෆෝර් අවර්ස්?,පැය හතරකින් ඇත්තටම බලන්න පුළුවන් තැන් මොනවද?,intermediate
i-dont-want-to-rush-from,s-everyday-conversations,I don't want to rush from place to place.,අයි ඩෝන්ට් වොන්ට් ටු රෂ් ෆ්‍රම් ප්ලේස් ටු ප්ලේස්.,තැනින් තැනට හදිස්සියෙන් දුවන්න මට ඕන නැහැ.,intermediate
id-rather-see-fewer-places-properly,s-everyday-conversations,I'd rather see fewer places properly.,අයිඩ් රාදර් සී ෆියුවර් ප්ලේසස් ප්‍රොපර්ලි.,තැන් ගොඩක් බලනවට වඩා ටිකක් හොඳට බලන්න මම කැමතියි.,intermediate
whats-within-walking-distance-from-here,s-asking-questions,What's within walking distance from here?,වට්ස් විදින් වෝකින් ඩිස්ටන්ස් ෆ්‍රම් හියර්?,මෙතනින් පයින් යන්න පුළුවන් දුරේ මොනවද තියෙන්නේ?,intermediate
is-there-a-walking-route-you,s-transportation,Is there a walking route you recommend?,ඉස් දෙයාර් අ වෝකින් රූට් යූ රෙකමෙන්ඩ්?,ඔයා යෝජනා කරන පයින් යන මාර්ගයක් තියෙනවද?,intermediate
could-you-mark-the-route-on,s-transportation,Could you mark the route on the map?,කුඩ් යූ මාර්ක් ද රූට් ඔන් ද මැප්?,map එකේ පාර සලකුණු කරලා දෙන්න පුළුවන්ද?,intermediate
which-attractions-are-close-to-each,s-everyday-conversations,Which attractions are close to each other?,විච් ඇට්‍රැක්ෂන්ස් ආර් ක්ලෝස් ටු ඊච් අදර්?,එකිනෙකට ළඟ සංචාරක තැන් මොනවද?,intermediate
can-i-visit-these-places-in,s-travel,Can I visit these places in one morning?,කැන් අයි විසිට් දීස් ප්ලේසස් ඉන් වන් මෝනින්?,මේ තැන් ටික එක උදේක බලන්න පුළුවන්ද?,intermediate
which-place-gets-crowded-first,s-everyday-conversations,Which place gets crowded first?,විච් ප්ලේස් ගෙට්ස් ක්‍රවුඩඩ් ෆර්ස්ට්?,මුලින්ම සෙනඟ වැඩි වෙන්නේ මොන තැනටද?,beginner
which-attraction-should-i-visit-early,s-travel,Which attraction should I visit early?,විච් ඇට්‍රැක්ෂන් ෂුඩ් අයි විසිට් අර්ලි?,උදේම යන්න හොඳම තැන මොකක්ද?,intermediate
which-place-is-better-in-the,s-everyday-conversations,Which place is better in the evening?,විච් ප්ලේස් ඉස් බෙටර් ඉන් දි ඊවිනින්?,හවසට බලන්න හොඳ තැන මොකක්ද?,intermediate
where-can-i-see-the-city,s-asking-questions,Where can I see the city lights at night?,වෙයාර් කැන් අයි සී ද සිටි ලයිට්ස් ඇට් නයිට්?,රෑ නගරයේ lights ලස්සනට බලන්න පුළුවන් කොහෙද?,intermediate
is-there-a-rooftop-viewpoint,s-asking-questions,Is there a rooftop viewpoint?,ඉස් දෙයාර් අ රූෆ්ටොප් වීව්පොයින්ට්?,වහලක් උඩින් නගරය බලන්න තැනක් තියෙනවද?,beginner
is-it-free-to-go-up,s-asking-questions,Is it free to go up there?,ඉස් ඉට් ෆ්‍රී ටු ගෝ අප් දෙයාර්?,එතනට උඩට යන්න නොමිලේද?,intermediate
do-i-need-to-reserve-a,s-asking-questions,Do I need to reserve a time slot?,ඩූ අයි නීඩ් ටු රිසර්ව් අ ටයිම් ස්ලොට්?,යන වෙලාව කලින් වෙන්කරගන්න ඕනද?,intermediate
can-i-arrive-earlier-than-my,s-asking-questions,Can I arrive earlier than my time slot?,කැන් අයි අරයිව් අර්ලියර් දෑන් මයි ටයිම් ස්ලොට්?,මම වෙන්කරපු වෙලාවට කලින් එන්න පුළුවන්ද?,intermediate
what-happens-if-im-late,s-asking-questions,What happens if I'm late?,වට් හැපන්ස් ඉෆ් අයිම් ලේට්?,මම පරක්කු වුණොත් මොකද වෙන්නේ?,beginner
can-i-change-my-entry-time,s-banking-money,Can I change my entry time?,කැන් අයි චේන්ජ් මයි එන්ට්‍රි ටයිම්?,ඇතුළට යන වෙලාව වෙනස් කරන්න පුළුවන්ද?,intermediate
is-there-a-separate-entrance-for,s-transportation,Is there a separate entrance for ticket holders?,ඉස් දෙයාර් අ සෙපරට් එන්ට්‍රන්ස් ෆෝ ටිකට් හෝල්ඩර්ස්?,ticket තියෙන අයට වෙනම entrance එකක් තියෙනවද?,intermediate
do-i-need-to-show-identification,s-asking-questions,Do I need to show identification?,ඩූ අයි නීඩ් ටු ෂෝ අයිඩෙන්ටිෆිකේෂන්?,අනන්‍යතාව පෙන්වන ලේඛනයක් පෙන්නන්න ඕනද?,intermediate
is-a-photo-of-my-passport,s-airport,Is a photo of my passport acceptable?,ඉස් අ ෆොටෝ ඔෆ් මයි පාස්පෝට් ඇක්සෙප්ටබල්?,passport එකේ photo එකක් පෙන්නුවම ඇතිද?,intermediate
are-large-bags-allowed-inside,s-asking-questions,Are large bags allowed inside?,ආර් ලාර්ජ් බෑග්ස් අලවුඩ් ඉන්සයිඩ්?,ලොකු bags ඇතුළට ගෙනියන්න පුළුවන්ද?,beginner
where-can-i-leave-my-backpack,s-asking-questions,Where can I leave my backpack?,වෙයාර් කැන් අයි ලීව් මයි බැක්පැක්?,backpack එක තියලා යන්න පුළුවන් කොහෙද?,intermediate
are-the-lockers-coin-operated,s-asking-questions,Are the lockers coin-operated?,ආර් ද ලොකර්ස් කොයින්-ඔපරේටඩ්?,lockers පාවිච්චි කරන්න coins දාන්න ඕනද?,beginner
do-i-get-the-locker-deposit,s-asking-questions,Do I get the locker deposit back?,ඩූ අයි ගෙට් ද ලොකර් ඩිපොසිට් බැක්?,locker එකට දෙන තැන්පතු මුදල ආපහු ලැබෙනවද?,intermediate
can-i-bring-a-bottle-of,s-asking-questions,Can I bring a bottle of water inside?,කැන් අයි බ්‍රින්ග් අ බොට්ල් ඔෆ් වෝටර් ඉන්සයිඩ්?,වතුර බෝතලයක් ඇතුළට ගෙනියන්න පුළුවන්ද?,intermediate
is-food-allowed-inside,s-restaurants-food,Is food allowed inside?,ඉස් ෆුඩ් අලවුඩ් ඉන්සයිඩ්?,කෑම ඇතුළට ගෙනියන්න පුළුවන්ද?,beginner
where-is-the-nearest-drinking-fountain,s-giving-directions,Where is the nearest drinking fountain?,වෙයාර් ඉස් ද නියරස්ට් ඩ්‍රින්කින් ෆවුන්ටන්?,බොන්න වතුර ගන්න ළඟම තැන කොහෙද?,intermediate
is-there-a-caf-inside-the,s-asking-questions,Is there a café inside the museum?,ඉස් දෙයාර් අ කැෆේ ඉන්සයිඩ් ද මියුසියම්?,කෞතුකාගාරය ඇතුළේ café එකක් තියෙනවද?,intermediate
can-i-leave-and-come-back,s-asking-questions,Can I leave and come back in?,කැන් අයි ලීව් ඇන්ඩ් කම් බැක් ඉන්?,පිටතට ගිහින් ආයෙත් ඇතුළට එන්න පුළුවන්ද?,intermediate
will-my-ticket-still-be-valid,s-transportation,Will my ticket still be valid?,විල් මයි ටිකට් ස්ටිල් බී වැලිඩ්?,මගේ ticket එක තාම වලංගු වෙයිද?,intermediate
is-there-a-stamp-for-re,s-asking-questions,Is there a stamp for re-entry?,ඉස් දෙයාර් අ ස්ටෑම්ප් ෆෝ රී-එන්ට්‍රි?,ආයෙත් ඇතුළට එන්න ලකුණක් හෝ මුද්‍රාවක් දෙනවද?,intermediate
which-section-should-i-start-with,s-everyday-conversations,Which section should I start with?,විච් සෙක්ෂන් ෂුඩ් අයි ස්ටාර්ට් විත්?,මුලින්ම බලන්න ඕන කොටස මොකක්ද?,intermediate
whats-the-most-famous-exhibit-here,s-asking-questions,What's the most famous exhibit here?,වට්ස් ද මෝස්ට් ෆේමස් එක්සිබිට් හියර්?,මෙතන ජනප්‍රියම ප්‍රදර්ශනය මොකක්ද?,intermediate
is-this-the-original-artifact,s-asking-questions,Is this the original artifact?,ඉස් දිස් දි ඔරිජිනල් ආටිෆැක්ට්?,මේක ඇත්ත මුල් භාණ්ඩයද?,beginner
is-this-a-replica,s-asking-questions,Is this a replica?,ඉස් දිස් අ රෙප්ලිකා?,මේක පිටපතක්ද?,beginner
what-period-is-this-from,s-asking-questions,What period is this from?,වට් පීරියඩ් ඉස් දිස් ෆ්‍රම්?,මේක මොන කාලයට අයිතිද?,beginner
how-was-this-used-originally,s-asking-questions,How was this used originally?,හව් වස් දිස් යූස්ඩ් ඔරිජිනලි?,මුලින් මේක පාවිච්චි කළේ කොහොමද?,beginner
is-there-an-english-description,s-asking-questions,Is there an English description?,ඉස් දෙයාර් ඇන් ඉංග්ලිෂ් ඩිස්ක්‍රිප්ෂන්?,English විස්තරයක් තියෙනවද?,beginner
can-i-scan-this-code-for,s-technology,Can I scan this code for more information?,කැන් අයි ස්කෑන් දිස් කෝඩ් ෆෝ මෝර් ඉන්ෆමේෂන්?,තව තොරතුරු ගන්න මේ code එක scan කරන්න පුළුවන්ද?,intermediate
is-there-a-free-audio-guide,s-technology,Is there a free audio guide app?,ඉස් දෙයාර් අ ෆ්‍රී ඕඩියෝ ගයිඩ් ඇප්?,නොමිලේ අහන්න පුළුවන් guide app එකක් තියෙනවද?,intermediate
do-i-need-headphones-for-the,s-asking-questions,Do I need headphones for the audio guide?,ඩූ අයි නීඩ් හෙඩ්ෆෝන්ස් ෆෝ දි ඕඩියෝ ගයිඩ්?,audio guide එක අහන්න headphones ඕනද?,intermediate
how-long-does-the-full-museum,s-asking-questions,How long does the full museum take?,හව් ලෝන් ඩස් ද ෆුල් මියුසියම් ටේක්?,මුළු museum එක බලන්න කොච්චර වෙලාවක් යනවද?,intermediate
what-should-i-skip-if-im,s-airport,What should I skip if I'm short on time?,වට් ෂුඩ් අයි ස්කිප් ඉෆ් අයිම් ෂෝට් ඔන් ටයිම්?,වෙලාව අඩු නම් අත්හරින්න පුළුවන් කොටස් මොනවද?,intermediate
is-there-a-shortcut-to-the,s-asking-questions,Is there a shortcut to the main gallery?,ඉස් දෙයාර් අ ෂෝට්කට් ටු ද මේන් ගැලරි?,ප්‍රධාන ප්‍රදර්ශන ශාලාවට කෙටි පාරක් තියෙනවද?,intermediate
where-is-the-temporary-exhibition,s-giving-directions,Where is the temporary exhibition?,වෙයාර් ඉස් ද ටෙම්පරරි එක්සිබිෂන්?,තාවකාලික ප්‍රදර්ශනය තියෙන්නේ කොහෙද?,beginner
is-the-temporary-exhibition-included,s-asking-questions,Is the temporary exhibition included?,ඉස් ද ටෙම්පරරි එක්සිබිෂන් ඉන්ක්ලූඩඩ්?,තාවකාලික ප්‍රදර්ශනයත් ticket එකට ඇතුළත්ද?,beginner
do-i-need-a-separate-ticket,s-transportation,Do I need a separate ticket for it?,ඩූ අයි නීඩ් අ සෙපරට් ටිකට් ෆෝ ඉට්?,ඒකට වෙනම ticket එකක් ඕනද?,intermediate
could-you-recommend-a-local-dish,s-making-requests,Could you recommend a local dish that isn't too spicy?,කුඩ් යූ රෙකමෙන්ඩ් අ ලෝකල් ඩිෂ් දැට් ඉසන්ට් ටූ ස්පයිසි?,සැර වැඩි නැති local කෑමක් කියන්න පුළුවන්ද?,intermediate
id-like-to-try-something-traditional,s-everyday-conversations,I'd like to try something traditional.,අයිඩ් ලයික් ටු ට්‍රයි සම්තින් ට්‍රඩිෂනල්.,මට මෙහෙ සාම්ප්‍රදායික කෑමක් රස බලන්න ඕන.,intermediate
what-do-locals-usually-order-here,s-restaurants-food,What do locals usually order here?,වට් ඩූ ලෝකල්ස් යූෂුවලි ඕඩර් හියර්?,මෙහෙ අය සාමාන්‍යයෙන් order කරන්නේ මොනවද?,intermediate
which-dish-is-best-for-a,s-everyday-conversations,Which dish is best for a first-time visitor?,විච් ඩිෂ් ඉස් බෙස්ට් ෆෝ අ ෆර්ස්ට්-ටයිම් විසിറ്റර්?,පළවෙනි වතාවට ආපු කෙනෙක්ට හොඳ කෑම මොකක්ද?,intermediate
is-this-portion-enough-for-two,s-asking-questions,Is this portion enough for two people?,ඉස් දිස් පෝෂන් ඉනෆ් ෆෝ ටූ පීපල්?,මේ ප්‍රමාණය දෙන්නෙකුට ඇතිද?,intermediate
is-this-dish-meant-to-be,s-asking-questions,Is this dish meant to be shared?,ඉස් දිස් ඩිෂ් මෙන්ට් ටු බී ෂෙයාර්ඩ්?,මේ කෑම එකට බෙදාගෙන කන්නද හදලා තියෙන්නේ?,intermediate
could-we-order-a-few-dishes,s-restaurants-food,Could we order a few dishes to share?,කුඩ් වී ඕඩර් අ ෆියූ ඩිෂස් ටු ෂෙයාර්?,අපිට කෑම වර්ග කිහිපයක් බෙදාගෙන කන්න order කරන්න පුළුවන්ද?,intermediate
what-side-dishes-come-with-this,s-asking-questions,What side dishes come with this?,වට් සයිඩ් ඩිෂස් කම් විත් දිස්?,මේකත් එක්ක අමතරව මොනවද එන්නේ?,intermediate
does-this-come-with-rice,s-asking-questions,Does this come with rice?,ඩස් දිස් කම් විත් රයිස්?,මේකට බත්ත් එක්ක එනවද?,beginner
can-i-replace-the-fries-with,s-asking-questions,Can I replace the fries with vegetables?,කැන් අයි රිප්ලේස් ද ෆ්‍රයිස් විත් වෙජිටබල්ස්?,fries වෙනුවට එළවළු ගන්න පුළුවන්ද?,intermediate
could-i-have-the-dressing-on,s-asking-questions,Could I have the dressing on the side?,කුඩ් අයි හැව් ද ඩ්‍රෙසින් ඔන් ද සයිඩ්?,sauce එක වෙනම දෙන්න පුළුවන්ද?,intermediate
please-dont-add-too-much-oil,s-making-requests,Please don't add too much oil.,ප්ලීස් ඩෝන්ට් ඇඩ් ටූ මච් ඔයිල්.,තෙල් වැඩියෙන් දාන්න එපා.,intermediate
could-you-grill-it-instead-of,s-making-requests,Could you grill it instead of frying it?,කුඩ් යූ ග්‍රිල් ඉට් ඉන්ස්ටෙඩ් ඔෆ් ෆ්‍රයින් ඉට්?,තෙලේ බදින එක වෙනුවට ග්‍රිල් කරලා දෙන්න පුළුවන්ද?,intermediate
could-you-leave-out-the-butter,s-making-requests,Could you leave out the butter?,කුඩ් යූ ලීව් අවුට් ද බටර්?,butter නොදා හදලා දෙන්න පුළුවන්ද?,intermediate
can-i-have-the-sauce-separately,s-asking-questions,Can I have the sauce separately?,කැන් අයි හැව් ද සෝස් සෙපරට්ලි?,sauce එක වෙනම දෙන්න පුළුවන්ද?,intermediate
id-like-a-smaller-portion,s-everyday-conversations,I'd like a smaller portion.,අයිඩ් ලයික් අ ස්මෝලර් පෝෂන්.,මට ටිකක් පොඩි ප්‍රමාණයක් ඕන.,beginner
could-we-order-a-half-portion,s-restaurants-food,Could we order a half portion?,කුඩ් වී ඕඩර් අ හාෆ් පෝෂන්?,අඩු ප්‍රමාණයක් order කරන්න පුළුවන්ද?,intermediate
is-there-a-childrens-portion,s-family-friends,Is there a children's portion?,ඉස් දෙයාර් අ චිල්ඩ්‍රන්ස් පෝෂන්?,ළමයින්ට දෙන පොඩි ප්‍රමාණයක් තියෙනවද?,beginner
could-i-taste-this-before-ordering,s-restaurants-food,Could I taste this before ordering?,කුඩ් අයි ටේස්ට් දිස් බිෆෝර් ඕඩරින්?,order කරන්න කලින් පොඩ්ඩක් රස බලන්න පුළුවන්ද?,intermediate
what-kind-of-meat-is-this,s-asking-questions,What kind of meat is this?,වට් කයින්ඩ් ඔෆ් මීට් ඉස් දිස්?,මේ මොන මස් වර්ගයද?,intermediate
is-the-fish-fresh-today,s-asking-questions,Is the fish fresh today?,ඉස් ද ෆිෂ් ෆ්‍රෙෂ් ටුඩේ?,අද මාළු fresh ද?,beginner
was-this-caught-locally,s-everyday-conversations,Was this caught locally?,වස් දිස් කෝට් ලෝකලි?,මේ මාළු මෙහෙම අල්ලපු එකක්ද?,beginner
is-this-dish-cooked-to-order,s-restaurants-food,Is this dish cooked to order?,ඉස් දිස් ඩිෂ් කුක්ට් ටු ඕඩර්?,order කළාට පස්සේද මේ කෑම හදන්නේ?,intermediate
how-long-will-it-take-to,s-asking-questions,How long will it take to prepare?,හව් ලෝන් විල් ඉට් ටේක් ටු ප්‍රිපෙයාර්?,මේක හදන්න කොච්චර වෙලා යනවද?,intermediate
were-in-a-bit-of-a,s-everyday-conversations,We're in a bit of a hurry.,වීර් ඉන් අ බිට් ඔෆ් අ හරි.,අපිට ටිකක් හදිස්සියි.,intermediate
which-dishes-can-be-served-quickly,s-everyday-conversations,Which dishes can be served quickly?,විච් ඩිෂස් කැන් බී සර්ව්ඩ් ක්වික්ලි?,ඉක්මනින් දෙන්න පුළුවන් කෑම මොනවද?,intermediate
could-we-get-the-drinks-first,s-asking-questions,Could we get the drinks first?,කුඩ් වී ගෙට් ද ඩ්‍රින්ක්ස් ෆර්ස්ට්?,මුලින් බීම ටික දෙන්න පුළුවන්ද?,intermediate
could-you-bring-some-water-for,s-making-requests,Could you bring some water for the table?,කුඩ් යූ බ්‍රින්ග් සම් වෝටර් ෆෝ ද ටේබල්?,table එකට වතුර ටිකක් ගෙනත් දෙන්න පුළුවන්ද?,intermediate
is-the-water-complimentary,s-asking-questions,Is the water complimentary?,ඉස් ද වෝටර් කොම්ප්ලිමෙන්ටරි?,වතුර නොමිලේද?,beginner
is-there-a-charge-for-bottled,s-asking-questions,Is there a charge for bottled water?,ඉස් දෙයාර් අ චාර්ජ් ෆෝ බොට්ල්ඩ් වෝටර්?,bottled water වලට ගාස්තුවක් තියෙනවද?,intermediate
could-i-have-the-dessert-menu,s-restaurants-food,Could I have the dessert menu?,කුඩ් අයි හැව් ද ඩෙසර්ට් මෙනූ?,අතුරුපස ලැයිස්තුව දෙන්න පුළුවන්ද?,intermediate
what-dessert-is-this-place-known,s-asking-questions,What dessert is this place known for?,වට් ඩෙසර්ට් ඉස් දිස් ප්ලේස් නෝන් ෆෝ?,මේ තැන ප්‍රසිද්ධ අතුරුපස මොකක්ද?,intermediate
is-this-dessert-very-sweet,s-asking-questions,Is this dessert very sweet?,ඉස් දිස් ඩෙසර්ට් වෙරි ස්වීට්?,මේ අතුරුපස ගොඩක් පැණිද?,beginner
could-we-share-one-dessert,s-asking-questions,Could we share one dessert?,කුඩ් වී ෂෙයාර් වන් ඩෙසර්ට්?,අපිට එක අතුරුපසක් බෙදාගෙන කන්න පුළුවන්ද?,beginner
could-we-have-two-spoons,s-asking-questions,Could we have two spoons?,කුඩ් වී හැව් ටූ ස්පූන්ස්?,හැඳි දෙකක් දෙන්න පුළුවන්ද?,beginner
im-completely-full,s-everyday-conversations,I'm completely full.,අයිම් කම්ප්ලීට්ලි ෆුල්.,මගේ බඩ හොඳටම පිරිලා.,beginner
i-couldnt-eat-another-bite,s-restaurants-food,I couldn't eat another bite.,අයි කුඩන්ට් ඊට් අනදර් බයිට්.,තව කටක්වත් කන්න බැහැ.,beginner
could-you-pack-the-leftovers,s-making-requests,Could you pack the leftovers?,කුඩ් යූ පැක් ද ලෙෆ්ට්ඕවර්ස්?,ඉතුරු කෑම pack කරලා දෙන්න පුළුවන්ද?,beginner
do-you-have-a-container-for,s-asking-questions,Do you have a container for takeaway?,ඩූ යූ හැව් අ කන්ටේනර් ෆෝ ටේක්අවේ?,ඉතුරු කෑම ගෙනියන්න පෙට්ටියක් තියෙනවද?,intermediate
could-you-keep-the-sauce-separate,s-making-requests,Could you keep the sauce separate?,කුඩ් යූ කීප් ද සෝස් සෙපරට්?,sauce එක වෙනම pack කරන්න පුළුවන්ද?,intermediate
wed-like-to-pay-whenever-youre,s-banking-money,We'd like to pay whenever you're ready.,වීඩ් ලයික් ටු පේ වෙන්එවර් යූර් රෙඩි.,පුළුවන් වෙලාවක අපි bill එක ගෙවන්න කැමතියි.,intermediate
could-you-bring-the-card-machine,s-banking-money,Could you bring the card machine?,කුඩ් යූ බ්‍රින්ග් ද කාඩ් මෂීන්?,card machine එක මෙතනට ගෙනත් දෙන්න පුළුවන්ද?,intermediate
do-i-need-to-enter-a,s-asking-questions,Do I need to enter a PIN?,ඩූ අයි නීඩ් ටු එන්ටර් අ පින්?,රහස් අංකය දාන්න ඕනද?,intermediate
the-payment-seems-to-have-failed,s-everyday-conversations,The payment seems to have failed.,ද පේමන්ට් සීම්ස් ටු හැව් ෆේල්ඩ්.,ගෙවීම සිද්ධ වුණේ නැහැ වගේ.,intermediate
could-you-check-whether-it-went,s-making-requests,Could you check whether it went through?,කුඩ් යූ චෙක් වෙදර් ඉට් වෙන්ට් ත්‍රූ?,ගෙවීම සාර්ථක වුණාද බලන්න පුළුවන්ද?,intermediate
please-dont-charge-the-card-twice,s-banking-money,Please don't charge the card twice.,ප්ලීස් ඩෝන්ට් චාර්ජ් ද කාඩ් ට්වයිස්.,card එකෙන් දෙපාරක් සල්ලි ගන්න එපා.,intermediate
could-i-get-a-copy-of,s-banking-money,Could I get a copy of the receipt?,කුඩ් අයි ගෙට් අ කොපි ඔෆ් ද රිසීට්?,receipt එකේ පිටපතක් දෙන්න පුළුවන්ද?,intermediate
everything-was-excellent,s-everyday-conversations,Everything was excellent.,එව්රිතින් වස් එක්සලන්ට්.,හැමදේම ගොඩක් හොඳයි.,beginner
please-give-my-compliments-to-the,s-making-requests,Please give my compliments to the chef.,ප්ලීස් ගිව් මයි කොම්ප්ලිමන්ට්ස් ටු ද ෂෙෆ්.,කෑම හදපු කෙනාට මම ගොඩක් කැමති වුණා කියලා කියන්න.,intermediate
well-definitely-come-back,s-everyday-conversations,We'll definitely come back.,වීල් ඩෙෆිනිට්ලි කම් බැක්.,අපි අනිවාර්යයෙන් ආයෙත් එනවා.,beginner
is-there-a-local-market-worth,s-business,Is there a local market worth visiting?,ඉස් දෙයාර් අ ලෝකල් මාර්කට් වර්ත් විසිටින්?,බලන්න වටින local market එකක් තියෙනවද?,intermediate
what-days-is-the-market-open,s-business,What days is the market open?,වට් ඩේස් ඉස් ද මාර්කට් ඕපන්?,market එක විවෘත වෙන්නේ මොන දවස්වලද?,intermediate
what-time-should-i-go-to,s-asking-questions,What time should I go to avoid the crowds?,වට් ටයිම් ෂුඩ් අයි ගෝ ටු අවොයිඩ් ද ක්‍රවුඩ්ස්?,සෙනඟ මඟහරින්න කීයට යන්නද?,intermediate
do-vendors-usually-bargain-here,s-asking-questions,Do vendors usually bargain here?,ඩූ වෙන්ඩර්ස් යූෂුවලි බාර්ගන් හියර්?,මෙහෙ ගාණ කතා කරලා අඩු කරගන්න පුළුවන්ද?,beginner
is-it-okay-to-negotiate-the,s-business,Is it okay to negotiate the price?,ඉස් ඉට් ඕකේ ටු නිගෝෂියේට් ද ප්‍රයිස්?,ගාණ අඩු කරගන්න කතා කරන එක okay ද?,intermediate
what-would-be-a-fair-price,s-banking-money,What would be a fair price for this?,වට් වුඩ් බී අ ෆෙයාර් ප්‍රයිස් ෆෝ දිස්?,මේකට සාධාරණ ගාණක් කොච්චරද?,intermediate
i-dont-want-to-overpay,s-everyday-conversations,I don't want to overpay.,අයි ඩෝන්ට් වොන්ට් ටු ඕවර්පේ.,මට වැඩිපුර ගෙවන්න ඕන නැහැ.,beginner
could-you-do-a-better-price,s-banking-money,Could you do a better price?,කුඩ් යූ ඩූ අ බෙටර් ප්‍රයිස්?,ගාණ තව ටිකක් අඩු කරන්න පුළුවන්ද?,intermediate
what-if-i-buy-two,s-shopping,What if I buy two?,වට් ඉෆ් අයි බයි ටූ?,මම දෙකක් ගත්තොත්?,beginner
can-you-give-me-a-discount,s-shopping,Can you give me a discount if I buy several?,කැන් යූ ගිව් මී අ ඩිස්කවුන්ට් ඉෆ් අයි බයි සෙවරල්?,කිහිපයක් ගත්තොත් වට්ටමක් දෙන්න පුළුවන්ද?,intermediate
thats-still-more-than-i-wanted,s-everyday-conversations,That's still more than I wanted to spend.,දැට්ස් ස්ටිල් මෝර් දෑන් අයි වොන්ටඩ් ටු ස්පෙන්ඩ්.,ඒක තාමත් මම වියදම් කරන්න හිතපු ගාණට වඩා වැඩියි.,intermediate
ill-have-a-look-around-first,s-everyday-conversations,I'll have a look around first.,අයිල් හැව් අ ලුක් අරවුන්ඩ් ෆර්ස්ට්.,මම මුලින් වටේ බලලා එන්නම්.,intermediate
i-may-come-back-later,s-everyday-conversations,I may come back later.,අයි මේ කම් බැක් ලේටර්.,මම පස්සේ ආයෙ එන්න පුළුවන්.,beginner
could-you-hold-this-for-ten,s-meetings,Could you hold this for ten minutes?,කුඩ් යූ හෝල්ඩ් දිස් ෆෝ ටෙන් මිනිට්ස්?,මේක විනාඩි දහයක් මට තියාගන්න පුළුවන්ද?,intermediate
i-just-need-to-get-some,s-banking-money,I just need to get some cash.,අයි ජස්ට් නීඩ් ටු ගෙට් සම් කැෂ්.,මට cash ටිකක් ගන්න විතරයි ඕන.,intermediate
is-there-an-atm-inside-the,s-business,Is there an ATM inside the market?,ඉස් දෙයාර් ඇන් ඒටීඑම් ඉන්සයිඩ් ද මාර්කට්?,market එක ඇතුළේ ATM එකක් තියෙනවද?,intermediate
do-most-stalls-accept-cards,s-asking-questions,Do most stalls accept cards?,ඩූ මෝස්ට් ස්ටෝල්ස් ඇක්සෙප්ට් කාඩ්ස්?,බොහෝ කඩවල cards ගන්නවද?,beginner
should-i-carry-small-notes,s-everyday-conversations,Should I carry small notes?,ෂුඩ් අයි කැරි ස්මෝල් නෝට්ස්?,පොඩි නෝට්ටු අරගෙන යන එක හොඳද?,beginner
are-prices-usually-fixed-here,s-asking-questions,Are prices usually fixed here?,ආර් ප්‍රයිසස් යූෂුවලි ෆික්ස්ට් හියර්?,මෙහෙ ගාණ සාමාන්‍යයෙන් fix ද?,beginner
is-tax-already-included,s-asking-questions,Is tax already included?,ඉස් ටැක්ස් ඕල්රෙඩි ඉන්ක්ලූඩඩ්?,බද්ද දැනටමත් ගාණට ඇතුළත්ද?,beginner
im-looking-for-something-unique-to,s-everyday-conversations,I'm looking for something unique to this country.,අයිම් ලුකින් ෆෝ සම්තින් යුනීක් ටු දිස් කන්ට්‍රි.,මේ රටටම විශේෂ දෙයක් මම හොයනවා.,intermediate
what-do-tourists-usually-buy-as,s-shopping,What do tourists usually buy as gifts?,වට් ඩූ ටුවරිස්ට්ස් යූෂුවලි බයි ඇස් ගිෆ්ට්ස්?,සංචාරකයන් සාමාන්‍යයෙන් තෑගි විදිහට ගන්නේ මොනවද?,intermediate
is-this-easy-to-pack,s-asking-questions,Is this easy to pack?,ඉස් දිස් ඊසි ටු පැක්?,මේක suitcase එකට අසුරගන්න ලේසිද?,beginner
will-this-break-easily,s-asking-questions,Will this break easily?,විල් දිස් බ්‍රේක් ඊසිලි?,මේක ලේසියෙන් කැඩෙයිද?,beginner
could-you-wrap-it-in-bubble,s-making-requests,Could you wrap it in bubble wrap?,කුඩ් යූ රැප් ඉට් ඉන් බබල් රැප්?,ආරක්ෂිත bubble wrap එකක ඔතලා දෙන්න පුළුවන්ද?,intermediate
could-you-put-it-in-a,s-making-requests,Could you put it in a sturdy box?,කුඩ් යූ පුට් ඉට් ඉන් අ ස්ටර්ඩි බොක්ස්?,ශක්තිමත් පෙට්ටියක දාලා දෙන්න පුළුවන්ද?,intermediate
is-this-allowed-in-checked-luggage,s-airport,Is this allowed in checked luggage?,ඉස් දිස් අලවුඩ් ඉන් චෙක්ට් ලගේජ්?,මේක භාරදෙන luggage එකේ දාගෙන යන්න පුළුවන්ද?,intermediate
are-there-restrictions-on-taking-this,s-asking-questions,Are there restrictions on taking this abroad?,ආර් දෙයාර් රිස්ට්‍රික්ෂන්ස් ඔන් ටේකින් දිස් අබ්‍රෝඩ්?,මේක පිටරට ගෙනියන්න නීති සීමා තියෙනවද?,intermediate
do-i-need-any-certificate-for,s-asking-questions,Do I need any certificate for this item?,ඩූ අයි නීඩ් එනි සර්ටිෆිකට් ෆෝ දිස් අයිටම්?,මේ භාණ්ඩයට සහතිකයක් ඕනද?,intermediate
is-this-made-from-protected-wood,s-asking-questions,Is this made from protected wood?,ඉස් දිස් මේඩ් ෆ්‍රම් ප්‍රොටෙක්ටඩ් වුඩ්?,මේක ආරක්ෂිත ගස් වර්ගයක ලීයෙන් හදපු එකක්ද?,intermediate
can-i-legally-take-this-home,s-home,Can I legally take this home?,කැන් අයි ලීගලි ටේක් දිස් හෝම්?,නීත්‍යානුකූලව මේක මගේ රටට ගෙනියන්න පුළුවන්ද?,intermediate
could-you-give-me-proof-of,s-making-requests,Could you give me proof of purchase?,කුඩ් යූ ගිව් මී ප්‍රූෆ් ඔෆ් පර්චස්?,මේක ගත්ත බවට බිල්පතක් හෝ සාක්ෂියක් දෙන්න පුළුවන්ද?,intermediate
i-may-need-it-at-customs,s-airport,I may need it at customs.,අයි මේ නීඩ් ඉට් ඇට් කස්ටම්ස්.,customs එකේදී ඒක ඕන වෙන්න පුළුවන්.,intermediate
could-you-write-the-item-description,s-making-requests,Could you write the item description in English?,කුඩ් යූ රයිට් දි අයිටම් ඩිස්ක්‍රිප්ෂන් ඉන් ඉංග්ලිෂ්?,භාණ්ඩයේ විස්තරය English වලින් ලියන්න පුළුවන්ද?,intermediate
could-you-write-the-value-on,s-banking-money,Could you write the value on the receipt?,කුඩ් යූ රයිට් ද වැලියු ඔන් ද රිසීට්?,receipt එකේ ගාණ ලියලා දෙන්න පුළුවන්ද?,intermediate
im-buying-this-as-a-gift,s-family-friends,I'm buying this as a gift for my family.,අයිම් බයින් දිස් ඇස් අ ගිෆ්ට් ෆෝ මයි ෆැමිලි.,මේක මම පවුලේ අයට තෑග්ගක් විදිහට ගන්නේ.,intermediate
could-you-remove-the-price-tag,s-banking-money,Could you remove the price tag?,කුඩ් යූ රිමූව් ද ප්‍රයිස් ටැග්?,ගාණ තියෙන tag එක අයින් කරන්න පුළුවන්ද?,intermediate
could-you-leave-the-receipt-outside,s-banking-money,Could you leave the receipt outside the package?,කුඩ් යූ ලීව් ද රිසීට් අවුට්සයිඩ් ද පැකේජ්?,receipt එක package එක ඇතුළේ නොදා වෙනම දෙන්න පුළුවන්ද?,intermediate
could-i-get-a-gift-bag,s-asking-questions,Could I get a gift bag as well?,කුඩ් අයි ගෙට් අ ගිෆ්ට් බෑග් ඇස් වෙල්?,තෑගි බෑග් එකකුත් දෙන්න පුළුවන්ද?,intermediate
thatll-make-a-nice-souvenir,s-everyday-conversations,That'll make a nice souvenir.,දැට්ල් මේක් අ නයිස් සූවනියර්.,ඒක හොඳ මතක සටහනක් වේවි.,beginner
id-like-to-rent-a-bicycle,s-everyday-conversations,I'd like to rent a bicycle for the day.,අයිඩ් ලයික් ටු රෙන්ට් අ බයිසිකල් ෆෝ ද ඩේ.,දවසකට බයිසිකලයක් කුලියට ගන්න ඕන.,intermediate
how-much-is-bicycle-rental,s-asking-questions,How much is bicycle rental?,හව් මච් ඉස් බයිසිකල් රෙන්ටල්?,බයිසිකලයක් කුලියට ගන්න ගාණ කීයද?,beginner
do-you-provide-a-helmet,s-asking-questions,Do you provide a helmet?,ඩූ යූ ප්‍රොවයිඩ් අ හෙල්මට්?,helmet එකක් දෙනවද?,beginner
is-a-lock-included,s-asking-questions,Is a lock included?,ඉස් අ ලොක් ඉන්ක්ලූඩඩ්?,lock එකක් දෙනවද?,beginner
do-i-need-to-leave-an,s-asking-questions,Do I need to leave an ID as a deposit?,ඩූ අයි නීඩ් ටු ලීව් ඇන් අයිඩී ඇස් අ ඩිපොසිට්?,තැන්පතුවක් විදිහට හැඳුනුම්පතක් තියලා යන්න ඕනද?,intermediate
can-i-return-the-bicycle-at,s-asking-questions,Can I return the bicycle at another location?,කැන් අයි රිටර්න් ද බයිසිකල් ඇට් අනදර් ලොකේෂන්?,bicycle එක වෙන තැනකට ආපහු භාර දෙන්න පුළුවන්ද?,intermediate
im-just-taking-a-look,s-everyday-conversations,I'm just taking a look.,අයිම් ජස්ට් ටේකින් අ ලුක්.,මං නිකන් බලනවා විතරයි.,beginner
im-just-passing-by,s-everyday-conversations,I'm just passing by.,අයිම් ජස්ට් පාසින් බයි.,මං මේ පැත්තෙන් යන ගමන්.,beginner
im-just-killing-time,s-everyday-conversations,I'm just killing time.,අයිම් ජස්ට් කිලින් ටයිම්.,මං නිකන් වෙලාව ගත කරනවා.,beginner
im-just-trying-to-be-helpful,s-everyday-conversations,I'm just trying to be helpful.,අයිම් ජස්ට් ට්‍රයින් ටු බී හෙල්ප්ෆුල්.,මං උදව්වක් වෙන්න විතරයි හදන්නේ.,intermediate
im-doing-what-i-can,s-everyday-conversations,I'm doing what I can.,අයිම් ඩූයින් වට් අයි කැන්.,මට පුළුවන් දේ මං කරනවා.,beginner
im-taking-care-of-a-few,s-everyday-conversations,I'm taking care of a few things.,අයිම් ටේකින් කෙයාර් ඔෆ් අ ෆියූ තින්ග්ස්.,මං වැඩ ටිකක් බලාගන්නවා.,intermediate
im-finishing-up-some-work,s-work-office,I'm finishing up some work.,අයිම් ෆිනිෂින් අප් සම් වර්ක්.,මං වැඩ ටිකක් ඉවර කරමින් ඉන්නේ.,beginner
im-catching-up-on-some-work,s-work-office,I'm catching up on some work.,අයිම් කැචින් අප් ඔන් සම් වර්ක්.,මඟහැරුණු වැඩ ටික කරගෙන යනවා.,intermediate
im-taking-a-day-off,s-everyday-conversations,I'm taking a day off.,අයිම් ටේකින් අ ඩේ ඔෆ්.,මං අද නිවාඩුවක් ගන්නවා.,beginner
im-calling-it-a-day,s-everyday-conversations,I'm calling it a day.,අයිම් කෝලින් ඉට් අ ඩේ.,අදට වැඩ නවත්තනවා.,beginner
im-keeping-myself-busy,s-everyday-conversations,I'm keeping myself busy.,අයිම් කීපින් මයිසෙල්ෆ් බිසි.,මං මාව වැඩක තියාගෙන ඉන්නවා.,beginner
im-trying-not-to-worry,s-everyday-conversations,I'm trying not to worry.,අයිම් ට්‍රයින් නොට් ටු වරි.,මං කරදර නොවී ඉන්න හදනවා.,beginner
im-trying-to-make-sense-of,s-everyday-conversations,I'm trying to make sense of it.,අයිම් ට්‍රයින් ටු මේක් සෙන්ස් ඔෆ් ඉට්.,මං මේක තේරුම් ගන්න හදනවා.,intermediate
im-trying-to-get-back-on-2,s-everyday-conversations,I'm trying to get back on track.,අයිම් ට්‍රයින් ටු ගෙට් බැක් ඔන් ට්‍රැක්.,මං ආයෙත් හරි පාරට එන්න හදනවා.,intermediate
im-still-working-things-out,s-everyday-conversations,I'm still working things out.,අයිම් ස්ටිල් වර්කින් තින්ග්ස් අවුට්.,මං තාම දේවල් විසඳගන්න හදනවා.,beginner
im-slowly-getting-used-to-it,s-everyday-conversations,I'm slowly getting used to it.,අයිම් ස්ලෝලි ගෙටින් යූස්ට් ටු ඉට්.,මං ටික ටික ඒකට හුරු වෙනවා.,intermediate
im-getting-the-picture-now,s-everyday-conversations,I'm getting the picture now.,අයිම් ගෙටින් ද පික්චර් නව්.,දැන් මට කාරණය තේරෙනවා.,beginner
im-beginning-to-enjoy-it,s-everyday-conversations,I'm beginning to enjoy it.,අයිම් බිගිනින් ටු එන්ජෝයි ඉට්.,මං දැන් ඒක රසවිඳින්න පටන් අරන්.,beginner
im-ready-for-a-change,s-banking-money,I'm ready for a change.,අයිම් රෙඩි ෆෝර් අ චේන්ජ්.,මං වෙනසකට ලෑස්තියි.,beginner
i-dont-see-the-problem,s-problems-complaints,I don't see the problem.,අයි ඩෝන්ට් සී ද ප්‍රොබ්ලම්.,මට මේකේ ප්‍රශ්නයක් පේන්නේ නෑ.,beginner
i-dont-see-why-not,s-everyday-conversations,I don't see why not.,අයි ඩෝන්ට් සී වයි නොට්.,බැරි වෙන්න හේතුවක් මට පේන්නේ නෑ.,beginner
i-dont-see-any-other-way,s-everyday-conversations,I don't see any other way.,අයි ඩෝන්ට් සී එනි අදර් වේ.,මට වෙන ක්‍රමයක් පේන්නේ නෑ.,intermediate
i-dont-get-the-joke,s-everyday-conversations,I don't get the joke.,අයි ඩෝන්ට් ගෙට් ද ජෝක්.,ඒ විහිළුව මට තේරුණේ නෑ.,beginner
i-dont-get-why-hes-upset,s-feelings-emotions,I don't get why he's upset.,අයි ඩෝන්ට් ගෙට් වයි හීස් අප්සෙට්.,එයා ඇයි දුකෙන් ඉන්නේ කියලා මට තේරෙන්නේ නෑ.,intermediate
i-dont-doubt-it,s-everyday-conversations,I don't doubt it.,අයි ඩෝන්ට් ඩවුට් ඉට්.,ඒ ගැන මට සැකයක් නෑ.,beginner
i-dont-remember-saying-that,s-everyday-conversations,I don't remember saying that.,අයි ඩෝන්ට් රිමෙම්බර් සේයින් දැට්.,මං ඒක කිව්වා කියලා මතක නෑ.,beginner
i-dont-remember-his-name,s-everyday-conversations,I don't remember his name.,අයි ඩෝන්ට් රිමෙම්බර් හිස් නේම්.,එයාගේ නම මට මතක නෑ.,beginner
i-dont-recognize-this-place,s-everyday-conversations,I don't recognize this place.,අයි ඩෝන්ට් රෙකග්නයිස් දිස් ප්ලේස්.,මේ තැන මට හඳුනාගන්න බෑ.,beginner
i-dont-usually-do-that,s-everyday-conversations,I don't usually do that.,අයි ඩෝන්ට් යූෂුවලි ඩූ දැට්.,සාමාන්‍යයෙන් මං එහෙම කරන්නේ නෑ.,beginner
i-dont-normally-eat-this-late,s-restaurants-food,I don't normally eat this late.,අයි ඩෝන්ට් නෝර්මලි ඊට් දිස් ලේට්.,සාමාන්‍යයෙන් මං මෙච්චර පරක්කු වෙලා කන්නේ නෑ.,intermediate
i-dont-mind-waiting-a-little,s-everyday-conversations,I don't mind waiting a little.,අයි ඩෝන්ට් මයින්ඩ් වේටින් අ ලිට්ල්.,ටිකක් බලාගෙන හිටියට මට කමක් නෑ.,intermediate
i-dont-mind-helping-out,s-everyday-conversations,I don't mind helping out.,අයි ඩෝන්ට් මයින්ඩ් හෙල්පින් අවුට්.,උදව් කළාට මට කමක් නෑ.,beginner
i-dont-want-any-trouble,s-everyday-conversations,I don't want any trouble.,අයි ඩෝන්ට් වොන්ට් එනි ට්‍රබල්.,මට කිසිම කරදරයක් ඕනේ නෑ.,beginner
i-dont-want-to-get-involved,s-everyday-conversations,I don't want to get involved.,අයි ඩෝන්ට් වොන්ට් ටු ගෙට් ඉන්වෝල්ව්ඩ්.,මට මේකට මැදිහත් වෙන්න ඕනේ නෑ.,intermediate
i-dont-want-to-take-any,s-everyday-conversations,I don't want to take any chances.,අයි ඩෝන්ට් වොන්ට් ටු ටේක් එනි චාන්සස්.,අවදානමක් ගන්න මට ඕනේ නෑ.,intermediate
i-dont-want-to-pressure-you,s-everyday-conversations,I don't want to pressure you.,අයි ඩෝන්ට් වොන්ට් ටු ප්‍රෙෂර් යූ.,ඔයාට බල කරන්න මට ඕනේ නෑ.,intermediate
i-dont-want-to-sound-rude,s-everyday-conversations,I don't want to sound rude.,අයි ඩෝන්ට් වොන්ට් ටු සවුන්ඩ් රූඩ්.,අශිෂ්ට විදිහට කතා කරනවා වගේ වෙන්න මට ඕනේ නෑ.,intermediate
i-meant-what-i-said,s-everyday-conversations,I meant what I said.,අයි මෙන්ට් වට් අයි සෙඩ්.,මං කියපු දේ ඇත්තටම අදහස් කළා.,beginner
i-meant-no-harm,s-everyday-conversations,I meant no harm.,අයි මෙන්ට් නෝ හාර්ම්.,මට කාටවත් කරදර කරන්න අදහසක් තිබුණේ නෑ.,beginner
i-thought-it-was-obvious,s-everyday-conversations,I thought it was obvious.,අයි තෝට් ඉට් වස් ඔබ්වියස්.,මං හිතුවේ ඒක පැහැදිලියි කියලා.,beginner
i-thought-you-might-know,s-everyday-conversations,I thought you might know.,අයි තෝට් යූ මයිට් නෝ.,ඔයා දන්නවා ඇති කියලා මං හිතුවා.,beginner
i-thought-id-give-it-a,s-everyday-conversations,I thought I'd give it a try.,අයි තෝට් අයිඩ් ගිව් ඉට් අ ට්‍රයි.,මං හිතුවා ඒක කරලා බලන්න.,intermediate
i-thought-we-had-more-time,s-everyday-conversations,I thought we had more time.,අයි තෝට් වී හැඩ් මෝර් ටයිම්.,අපිට තව වෙලාව තියෙනවා කියලා මං හිතුවා.,intermediate
i-knew-something-was-wrong,s-problems-complaints,I knew something was wrong.,අයි නූ සම්තින් වස් රොන්ග්.,මොනවහරි වැරැද්දක් තියෙනවා කියලා මං දැනගෙන හිටියා.,beginner
i-knew-youd-understand,s-everyday-conversations,I knew you'd understand.,අයි නූ යූඩ් අන්ඩර්ස්ටෑන්ඩ්.,ඔයා තේරුම් ගනී කියලා මං දැනගෙන හිටියා.,beginner
i-knew-it-was-too-good,s-everyday-conversations,I knew it was too good to last.,අයි නූ ඉට් වස් ටූ ගුඩ් ටු ලාස්ට්.,මේ හොඳ තත්ත්වය වැඩි කාලයක් තියෙන්නේ නෑ කියලා මං දැනගෙන හිටියා.,intermediate
i-knew-we-could-do-it,s-everyday-conversations,I knew we could do it.,අයි නූ වී කුඩ් ඩූ ඉට්.,අපිට ඒක කරන්න පුළුවන් කියලා මං දැනගෙන හිටියා.,intermediate
i-never-meant-to-hurt-you,s-doctor-health,I never meant to hurt you.,අයි නෙවර් මෙන්ට් ටු හර්ට් යූ.,ඔයාට රිදවන්න මට කවදාවත් අදහසක් තිබුණේ නෑ.,intermediate
i-never-expected-this,s-everyday-conversations,I never expected this.,අයි නෙවර් එක්ස්පෙක්ටඩ් දිස්.,මං මේක කොහෙත්ම බලාපොරොත්තු වුණේ නෑ.,beginner
i-never-really-thought-about-it,s-everyday-conversations,I never really thought about it.,අයි නෙවර් රියලි තෝට් අබවුට් ඉට්.,මං ඇත්තටම ඒ ගැන හිතලා තිබුණේ නෑ.,intermediate
i-never-get-tired-of-this,s-feelings-emotions,I never get tired of this.,අයි නෙවර් ගෙට් ටයර්ඩ් ඔෆ් දිස්.,මේකෙන් මට කවදාවත් එපා වෙන්නේ නෑ.,intermediate
i-barely-slept-last-night,s-everyday-conversations,I barely slept last night.,අයි බෙයාර්ලි ස්ලෙප්ට් ලාස්ට් නයිට්.,ඊයේ රෑ මට හරියට නින්ද ගියේම නෑ.,beginner
i-barely-had-time-to-eat,s-restaurants-food,I barely had time to eat.,අයි බෙයාර්ලි හැඩ් ටයිම් ටු ඊට්.,මට කන්නවත් හරි වෙලාවක් තිබුණේ නෑ.,intermediate
i-almost-forgot-about-it,s-everyday-conversations,I almost forgot about it.,අයි ඕල්මෝස්ට් ෆර්ගොට් අබවුට් ඉට්.,මට ඒක අමතක වෙන්නම ගියා.,beginner
i-almost-missed-the-bus,s-transportation,I almost missed the bus.,අයි ඕල්මෝස්ට් මිස්ට් ද බස්.,මට බස් එක මඟහැරෙන්නම ගියා.,beginner
i-almost-said-the-wrong-thing,s-problems-complaints,I almost said the wrong thing.,අයි ඕල්මෝස්ට් සෙඩ් ද රොන්ග් තින්.,මට වැරදි දෙයක් කියවෙන්නම ගියා.,intermediate
i-nearly-gave-up,s-everyday-conversations,I nearly gave up.,අයි නියර්ලි ගේව් අප්.,මට අතහරින්නම හිතුණා.,beginner
can-i-be-honest-with-you,s-asking-questions,Can I be honest with you?,කැන් අයි බී ඔනස්ට් විත් යූ?,මං ඔයාට අවංකව දෙයක් කියන්නද?,intermediate
can-i-ask-what-happened,s-asking-questions,Can I ask what happened?,කැන් අයි ආස්ක් වට් හැපන්ඩ්?,මොකද වුණේ කියලා අහන්න පුළුවන්ද?,beginner
can-i-make-a-suggestion,s-asking-questions,Can I make a suggestion?,කැන් අයි මේක් අ සජෙස්චන්?,මට යෝජනාවක් කරන්න පුළුවන්ද?,beginner
can-i-get-back-to-you,s-asking-questions,Can I get back to you on that?,කැන් අයි ගෙට් බැක් ටු යූ ඔන් දැට්?,ඒ ගැන පස්සේ ඔයාට උත්තරයක් දෙන්න පුළුවන්ද?,intermediate
can-i-think-about-it-overnight,s-asking-questions,Can I think about it overnight?,කැන් අයි තින්ක් අබවුට් ඉට් ඕවර්නයිට්?,මට අද රෑ ඒ ගැන හිතලා බලන්න පුළුවන්ද?,intermediate
can-i-count-on-you,s-asking-questions,Can I count on you?,කැන් අයි කවුන්ට් ඔන් යූ?,මට ඔයාව විශ්වාස කරලා ඉන්න පුළුවන්ද?,beginner
can-i-take-your-word-for,s-asking-questions,Can I take your word for it?,කැන් අයි ටේක් යෝර් වර්ඩ් ෆෝර් ඉට්?,ඔයා කියන දේ මට විශ්වාස කරන්න පුළුවන්ද?,intermediate
can-i-leave-this-here,s-asking-questions,Can I leave this here?,කැන් අයි ලීව් දිස් හියර්?,මට මේක මෙතන තියලා යන්න පුළුවන්ද?,beginner
can-i-get-this-to-go,s-asking-questions,Can I get this to go?,කැන් අයි ගෙට් දිස් ටු ගෝ?,මේක අරගෙන යන්න විදිහට දෙන්න පුළුවන්ද?,intermediate
can-we-leave-it-at-that,s-asking-questions,Can we leave it at that?,කැන් වී ලීව් ඉට් ඇට් දැට්?,අපි මේ කතාව මෙතනින් නවත්තමුද?,intermediate
can-we-talk-this-through,s-asking-questions,Can we talk this through?,කැන් වී ටෝක් දිස් ත්‍රූ?,අපි මේ ගැන හොඳට කතා කරලා විසඳගමුද?,beginner
can-we-meet-halfway,s-asking-questions,Can we meet halfway?,කැන් වී මීට් හාෆ්වේ?,අපි දෙපැත්තෙන්ම ටිකක් අඩුවෙලා එකඟතාවකට එමුද?,beginner
can-we-keep-this-between-us,s-asking-questions,Can we keep this between us?,කැන් වී කීප් දිස් බිට්වීන් අස්?,මේක අපි දෙන්නා අතර විතරක් තියාගමුද?,intermediate
can-we-move-on,s-asking-questions,Can we move on?,කැන් වී මූව් ඔන්?,අපි මේක අතහැරලා ඉස්සරහට යමුද?,beginner
can-we-get-started,s-asking-questions,Can we get started?,කැන් වී ගෙට් ස්ටාර්ටඩ්?,අපි පටන් ගමුද?,beginner
can-we-take-a-break,s-asking-questions,Can we take a break?,කැන් වී ටේක් අ බ්‍රේක්?,අපි ටිකක් විවේක ගමුද?,beginner
can-we-make-this-quick,s-asking-questions,Can we make this quick?,කැන් වී මේක් දිස් ක්වික්?,අපි මේක ඉක්මනට කරමුද?,beginner
can-we-settle-this-now,s-asking-questions,Can we settle this now?,කැන් වී සෙට්ල් දිස් නව්?,අපි මේක දැන්ම විසඳගමුද?,beginner
can-we-agree-on-that,s-agreeing-disagreeing,Can we agree on that?,කැන් වී අග්‍රී ඔන් දැට්?,අපි ඒකට එකඟ වෙමුද?,beginner
could-you-do-that-again,s-making-requests,Could you do that again?,කුඩ් යූ ඩූ දැට් අගේන්?,ඒක ආයෙත් කරන්න පුළුවන්ද?,beginner
could-you-make-that-clearer,s-making-requests,Could you make that clearer?,කුඩ් යූ මේක් දැට් ක්ලියරර්?,ඒක තව පැහැදිලි කරන්න පුළුවන්ද?,beginner
could-you-explain-what-you-mean,s-making-requests,Could you explain what you mean?,කුඩ් යූ එක්ස්ප්ලේන් වට් යූ මීන්?,ඔයා අදහස් කරන දේ පැහැදිලි කරන්න පුළුවන්ද?,intermediate
could-you-give-me-an-example,s-making-requests,Could you give me an example?,කුඩ් යූ ගිව් මී ඇන් එක්සාම්පල්?,මට උදාහරණයක් දෙන්න පුළුවන්ද?,intermediate
could-you-check-if-its-available,s-making-requests,Could you check if it's available?,කුඩ් යූ චෙක් ඉෆ් ඉට්ස් අවේලබල්?,ඒක තියෙනවද කියලා බලන්න පුළුවන්ද?,intermediate
could-you-save-me-a-seat,s-making-requests,Could you save me a seat?,කුඩ් යූ සේව් මී අ සීට්?,මට ඉඳගන්න තැනක් තියාගන්න පුළුවන්ද?,intermediate
could-you-keep-the-door-open,s-home,Could you keep the door open?,කුඩ් යූ කීප් ද ඩෝර් ඕපන්?,දොර ඇරලා තියාගන්න පුළුවන්ද?,intermediate
could-you-pick-me-up-later,s-making-requests,Could you pick me up later?,කුඩ් යූ පික් මී අප් ලේටර්?,පස්සේ මාව එක්කගෙන යන්න එන්න පුළුවන්ද?,intermediate
could-you-drop-me-off-here,s-making-requests,Could you drop me off here?,කුඩ් යූ ඩ්‍රොප් මී ඔෆ් හියර්?,මාව මෙතනින් බස්සන්න පුළුවන්ද?,intermediate
could-you-tell-me-how-to,s-making-requests,Could you tell me how to get there?,කුඩ් යූ ටෙල් මී හව් ටු ගෙට් දෙයාර්?,එතනට යන්නේ කොහොමද කියලා කියන්න පුළුවන්ද?,intermediate
would-you-mind-giving-me-a,s-making-requests,Would you mind giving me a moment?,වුඩ් යූ මයින්ඩ් ගිවින් මී අ මෝමන්ට්?,මට පොඩි වෙලාවක් දෙන්න පුළුවන්ද?,intermediate
would-you-mind-checking-again,s-making-requests,Would you mind checking again?,වුඩ් යූ මයින්ඩ් චෙකින් අගේන්?,ආයෙත් බලන්න පුළුවන්ද?,beginner
would-you-mind-moving-over-a,s-making-requests,Would you mind moving over a little?,වුඩ් යූ මයින්ඩ් මූවින් ඕවර් අ ලිට්ල්?,ටිකක් එහාට වෙන්න පුළුවන්ද?,intermediate
would-you-mind-turning-the-light,s-making-requests,Would you mind turning the light on?,වුඩ් යූ මයින්ඩ් ටර්නින් ද ලයිට් ඔන්?,ලයිට් එක දාන්න පුළුවන්ද?,intermediate
would-you-like-to-join-us,s-invitations,Would you like to join us?,වුඩ් යූ ලයික් ටු ජොයින් අස්?,ඔයා අපි එක්ක එකතු වෙන්න කැමතිද?,intermediate
would-you-like-me-to-explain,s-making-requests,Would you like me to explain?,වුඩ් යූ ලයික් මී ටු එක්ස්ප්ලේන්?,මං පැහැදිලි කරන්නද?,intermediate
would-you-like-another-one,s-making-requests,Would you like another one?,වුඩ් යූ ලයික් අනදර් වන්?,ඔයාට තව එකක් ඕනෙද?,beginner
would-it-be-easier-this-way,s-asking-questions,Would it be easier this way?,වුඩ් ඉට් බී ඊසියර් දිස් වේ?,මේ විදිහට කළොත් ලේසි වෙයිද?,intermediate
would-it-make-things-easier,s-asking-questions,Would it make things easier?,වුඩ් ඉට් මේක් තින්ග්ස් ඊසියර්?,ඒකෙන් දේවල් ලේසි වෙයිද?,beginner
would-this-be-enough,s-asking-questions,Would this be enough?,වුඩ් දිස් බී ඉනෆ්?,මේක ඇති වෙයිද?,beginner
what-did-i-miss,s-asking-questions,What did I miss?,වට් ඩිඩ් අයි මිස්?,මට මොකක්ද මඟහැරුණේ?,beginner
what-did-you-have-in-mind,s-asking-questions,What did you have in mind?,වට් ඩිඩ් යූ හැව් ඉන් මයින්ඩ්?,ඔයා හිතාගෙන හිටියේ මොකක්ද?,intermediate
what-did-you-end-up-doing,s-asking-questions,What did you end up doing?,වට් ඩිඩ් යූ එන්ඩ් අප් ඩූයින්?,අන්තිමට ඔයා මොකද කළේ?,intermediate
what-do-you-have-to-lose,s-asking-questions,What do you have to lose?,වට් ඩූ යූ හැව් ටු ලූස්?,ඔයාට නැතිවෙන්න තියෙන්නේ මොකක්ද?,intermediate
what-do-you-expect-me-to,s-asking-questions,What do you expect me to do?,වට් ඩූ යූ එක්ස්පෙක්ට් මී ටු ඩූ?,මං මොකද කරන්න ඕනේ කියලා ඔයා බලාපොරොත්තු වෙන්නේ?,intermediate
what-makes-this-different,s-asking-questions,What makes this different?,වට් මේක්ස් දිස් ඩිෆරන්ට්?,මේක වෙනස් වෙන්නේ මොන හේතුවෙන්ද?,beginner
what-matters-most-to-you,s-asking-questions,What matters most to you?,වට් මැටර්ස් මෝස්ට් ටු යූ?,ඔයාට වැඩියෙන්ම වැදගත් දේ මොකක්ද?,beginner
what-if-were-wrong,s-problems-complaints,What if we're wrong?,වට් ඉෆ් වීර් රොන්ග්?,අපි වැරදි නම් මොකද?,beginner
what-if-it-doesnt-work,s-problems-complaints,What if it doesn't work?,වට් ඉෆ් ඉට් ඩසන්ට් වර්ක්?,ඒක වැඩ නොකළොත් මොකද?,beginner
what-if-he-says-no,s-asking-questions,What if he says no?,වට් ඉෆ් හී සේස් නෝ?,එයා බැහැ කිව්වොත් මොකද?,beginner
what-if-we-wait-until-tomorrow,s-making-plans,What if we wait until tomorrow?,වට් ඉෆ් වී වේට් අන්ටිල් ටුමොරෝ?,අපි හෙට වෙනකම් බලාගෙන හිටියොත් කොහොමද?,intermediate
what-else-do-you-need,s-asking-questions,What else do you need?,වට් එල්ස් ඩූ යූ නීඩ්?,ඔයාට තව මොනවද ඕනේ?,beginner
what-else-should-i-know,s-asking-questions,What else should I know?,වට් එල්ස් ෂුඩ් අයි නෝ?,මං තව මොනවද දැනගන්න ඕනේ?,beginner
what-else-can-i-say,s-asking-questions,What else can I say?,වට් එල්ස් කැන් අයි සේ?,මං තව මොනවා කියන්නද?,beginner
what-kind-of-work-do-you,s-work-office,What kind of work do you do?,වට් කයින්ඩ් ඔෆ් වර්ක් ඩූ යූ ඩූ?,ඔයා කරන්නේ මොන වගේ රැකියාවක්ද?,intermediate
what-kind-of-food-do-you,s-restaurants-food,What kind of food do you like?,වට් කයින්ඩ් ඔෆ් ෆූඩ් ඩූ යූ ලයික්?,ඔයා කැමති මොන වගේ කෑමවලටද?,intermediate
what-time-works-best-for-you,s-asking-questions,What time works best for you?,වට් ටයිම් වර්ක්ස් බෙස්ට් ෆෝර් යූ?,ඔයාට වඩාත් පහසු වෙලාව මොකක්ද?,intermediate
how-did-that-happen,s-asking-questions,How did that happen?,හව් ඩිඩ් දැට් හැපන්?,ඒක කොහොමද වුණේ?,beginner
how-did-you-get-involved,s-asking-questions,How did you get involved?,හව් ඩිඩ් යූ ගෙට් ඉන්වෝල්ව්ඩ්?,ඔයා මේකට සම්බන්ධ වුණේ කොහොමද?,beginner
how-did-you-come-up-with,s-asking-questions,How did you come up with that?,හව් ඩිඩ් යූ කම් අප් විත් දැට්?,ඔයාට ඒ අදහස ආවේ කොහොමද?,intermediate
how-did-you-end-up-here,s-asking-questions,How did you end up here?,හව් ඩිඩ් යූ එන්ඩ් අප් හියර්?,අන්තිමට ඔයා මෙහෙට ආවේ කොහොමද?,intermediate
how-do-you-put-up-with,s-asking-questions,How do you put up with that?,හව් ඩූ යූ පුට් අප් විත් දැට්?,ඔයා ඒක කොහොමද ඉවසගෙන ඉන්නේ?,intermediate
how-do-you-deal-with-stress,s-business,How do you deal with stress?,හව් ඩූ යූ ඩීල් විත් ස්ට්‍රෙස්?,පීඩනය එක්ක ඔයා කොහොමද කටයුතු කරන්නේ?,intermediate
how-do-you-keep-yourself-motivated,s-asking-questions,How do you keep yourself motivated?,හව් ඩූ යූ කීප් යෝර්සෙල්ෆ් මෝටිවේටඩ්?,ඔයා කොහොමද දිගටම උනන්දුව තියාගන්නේ?,intermediate
how-does-that-make-you-feel,s-feelings-emotions,How does that make you feel?,හව් ඩස් දැට් මේක් යූ ෆීල්?,ඒකෙන් ඔයාට කොහොමද දැනෙන්නේ?,intermediate
how-much-is-left,s-asking-questions,How much is left?,හව් මච් ඉස් ලෙෆ්ට්?,තව කොච්චර ඉතුරුද?,beginner
how-much-can-you-afford,s-making-requests,How much can you afford?,හව් මච් කැන් යූ අෆෝඩ්?,ඔයාට කොච්චර මුදලක් දරාගන්න පුළුවන්ද?,beginner
how-long-do-you-plan-to,s-making-plans,How long do you plan to stay?,හව් ලොන් ඩූ යූ ප්ලෑන් ටු ස්ටේ?,ඔයා කොච්චර කල් ඉන්න හිතාගෙනද ඉන්නේ?,intermediate
how-long-has-this-been-going,s-asking-questions,How long has this been going on?,හව් ලොන් හැස් දිස් බීන් ගෝයින් ඔන්?,මේක කොච්චර කාලෙක ඉඳන් වෙනවද?,intermediate
how-soon-do-you-need-it,s-asking-questions,How soon do you need it?,හව් සූන් ඩූ යූ නීඩ් ඉට්?,ඔයාට ඒක කොච්චර ඉක්මනට ඕනෙද?,intermediate
how-often-does-this-happen,s-asking-questions,How often does this happen?,හව් ඔෆන් ඩස් දිස් හැපන්?,මේක කොච්චර නිතර වෙනවද?,beginner
how-far-are-we-from-there,s-asking-questions,How far are we from there?,හව් ෆාර් ආර් වී ෆ්‍රම් දෙයාර්?,අපි එතනින් තව කොච්චර දුරද?,intermediate
how-close-are-we,s-asking-questions,How close are we?,හව් ක්ලෝස් ආර් වී?,අපි කොච්චර ළඟද?,beginner
how-sure-are-you,s-asking-questions,How sure are you?,හව් ෂුවර් ආර් යූ?,ඔයාට කොච්චර විශ්වාසද?,beginner
how-bad-is-the-traffic,s-transportation,How bad is the traffic?,හව් බැඩ් ඉස් ද ට්‍රැෆික්?,පාරේ වාහන තදබදය කොච්චර වැඩිද?,beginner
how-was-everything,s-asking-questions,How was everything?,හව් වස් එව්රිතින්?,හැමදේම කොහොමද තිබුණේ?,beginner
how-did-the-meeting-go,s-meetings,How did the meeting go?,හව් ඩිඩ් ද මීටින් ගෝ?,හමුව කොහොමද ගියේ?,beginner
it-looks-like-were-early,s-everyday-conversations,It looks like we're early.,ඉට් ලුක්ස් ලයික් වීර් අර්ලි.,අපි කලින් ඇවිත් වගේ.,beginner
it-looks-like-it-might-rain,s-everyday-conversations,It looks like it might rain.,ඉට් ලුක්ස් ලයික් ඉට් මයිට් රේන්.,වැස්ස වහී වගේ.,intermediate
it-looks-like-you-were-right,s-everyday-conversations,It looks like you were right.,ඉට් ලුක්ස් ලයික් යූ වර් රයිට්.,ඔයා හරි වගේ පේනවා.,intermediate
it-sounds-better-this-way,s-everyday-conversations,It sounds better this way.,ඉට් සවුන්ඩ්ස් බෙටර් දිස් වේ.,මේ විදිහට කියද්දී හොඳට ඇහෙනවා.,beginner
it-sounds-worse-than-it-is,s-everyday-conversations,It sounds worse than it is.,ඉට් සවුන්ඩ්ස් වර්ස් දැන් ඉට් ඉස්.,ඇත්තට තියෙන තත්ත්වයට වඩා ඒක නරක විදිහට ඇහෙනවා.,intermediate
it-feels-like-forever,s-everyday-conversations,It feels like forever.,ඉට් ෆීල්ස් ලයික් ෆොරෙවර්.,හරිම දිග කාලයක් වගේ දැනෙනවා.,beginner
it-feels-good-to-be-back,s-everyday-conversations,It feels good to be back.,ඉට් ෆීල්ස් ගුඩ් ටු බී බැක්.,ආපහු ආපු එක හොඳට දැනෙනවා.,intermediate
it-seems-like-a-waste-of,s-everyday-conversations,It seems like a waste of time.,ඉට් සීම්ස් ලයික් අ වේස්ට් ඔෆ් ටයිම්.,ඒක වෙලාව නාස්ති කිරීමක් වගේ.,intermediate
it-seems-too-risky,s-everyday-conversations,It seems too risky.,ඉට් සීම්ස් ටූ රිස්කි.,ඒක ගොඩක් අවදානම් වගේ.,beginner
it-seems-we-have-no-choice,s-everyday-conversations,It seems we have no choice.,ඉට් සීම්ස් වී හැව් නෝ චොයිස්.,අපිට වෙන තේරීමක් නෑ වගේ.,intermediate
it-turned-out-fine,s-everyday-conversations,It turned out fine.,ඉට් ටර්න්ඩ් අවුට් ෆයින්.,අන්තිමට හැමදේම හොඳට වුණා.,beginner
it-turned-out-better-than-expected,s-everyday-conversations,It turned out better than expected.,ඉට් ටර්න්ඩ් අවුට් බෙටර් දැන් එක්ස්පෙක්ටඩ්.,හිතුවට වඩා අන්තිමට හොඳ වුණා.,intermediate
it-didnt-turn-out-well,s-everyday-conversations,It didn't turn out well.,ඉට් ඩිඩන්ට් ටර්න් අවුට් වෙල්.,අන්තිමට ඒක හොඳට වුණේ නෑ.,beginner
it-came-out-of-nowhere,s-everyday-conversations,It came out of nowhere.,ඉට් කේම් අවුට් ඔෆ් නෝවෙයාර්.,ඒක කිසිම බලාපොරොත්තුවක් නැතිව එකපාරට ආවා.,beginner
it-came-at-the-perfect-time,s-everyday-conversations,It came at the perfect time.,ඉට් කේම් ඇට් ද පර්ෆෙක්ට් ටයිම්.,ඒක හරියටම ඕන වෙලාවේ ආවා.,intermediate
it-went-by-so-fast,s-everyday-conversations,It went by so fast.,ඉට් වෙන්ට් බයි සෝ ෆාස්ට්.,වෙලාව හරිම ඉක්මනට ගියා.,beginner
it-slipped-my-mind,s-phrasal-verbs,It slipped my mind.,ඉට් ස්ලිප්ට් මයි මයින්ඩ්.,ඒක මට අමතක වුණා.,beginner
it-made-my-day,s-everyday-conversations,It made my day.,ඉට් මේඩ් මයි ඩේ.,ඒකෙන් මගේ දවස සතුටුදායක වුණා.,beginner
it-took-me-by-surprise,s-everyday-conversations,It took me by surprise.,ඉට් ටුක් මී බයි සර්ප්‍රයිස්.,ඒක මාව එකපාරටම පුදුම කළා.,beginner
that-came-as-a-surprise,s-everyday-conversations,That came as a surprise.,දැට් කේම් ඇස් අ සර්ප්‍රයිස්.,ඒක පුදුමයක් වුණා.,beginner
that-could-explain-it,s-everyday-conversations,That could explain it.,දැට් කුඩ් එක්ස්ප්ලේන් ඉට්.,ඒකෙන් මේකේ හේතුව පැහැදිලි වෙන්න පුළුවන්.,beginner
that-might-explain-why,s-everyday-conversations,That might explain why.,දැට් මයිට් එක්ස්ප්ලේන් වයි.,ඒකෙන් ඇයි කියන එක පැහැදිලි වෙන්න පුළුවන්.,beginner
that-might-not-be-a-bad,s-everyday-conversations,That might not be a bad idea.,දැට් මයිට් නොට් බී අ බැඩ් අයිඩියා.,ඒක නරක අදහසක් නොවෙන්න පුළුවන්.,intermediate
that-wasnt-my-intention,s-everyday-conversations,That wasn't my intention.,දැට් වොසන්ට් මයි ඉන්ටෙන්ෂන්.,ඒක මගේ අදහස නෙමෙයි.,beginner
that-wasnt-supposed-to-happen,s-everyday-conversations,That wasn't supposed to happen.,දැට් වොසන්ට් සපෝස්ට් ටු හැපන්.,ඒක වෙන්න තිබුණු දෙයක් නෙමෙයි.,beginner
that-wasnt-what-i-had-in,s-everyday-conversations,That wasn't what I had in mind.,දැට් වොසන්ට් වට් අයි හැඩ් ඉන් මයින්ඩ්.,මං හිතාගෙන හිටියේ ඒක නෙමෙයි.,intermediate
that-wont-be-necessary,s-everyday-conversations,That won't be necessary.,දැට් වෝන්ට් බී නෙසෙසරි.,ඒක කරන්න අවශ්‍ය වෙන්නේ නෑ.,beginner
that-wont-solve-anything,s-everyday-conversations,That won't solve anything.,දැට් වෝන්ට් සොල්ව් එනිතින්.,ඒකෙන් කිසි දෙයක් විසඳෙන්නේ නෑ.,beginner
were-all-set-for-tomorrow,s-making-plans,We're all set for tomorrow.,වීර් ඕල් සෙට් ෆෝර් ටුමොරෝ.,හෙටට අපි හැමදේම ලෑස්ති කරලා.,beginner
were-right-on-time,s-airport,We're right on time.,වීර් රයිට් ඔන් ටයිම්.,අපි හරියටම වෙලාවට ආවා.,beginner
were-a-little-ahead-of-schedule,s-making-plans,We're a little ahead of schedule.,වීර් අ ලිට්ල් අහෙඩ් ඔෆ් ස්කෙජුල්.,අපි නියමිත වෙලාවට වඩා ටිකක් කලින් ඉස්සරහින් ඉන්නේ.,intermediate
were-falling-behind,s-everyday-conversations,We're falling behind.,වීර් ෆෝලින් බිහයින්ඩ්.,අපි වැඩේට පරක්කු වෙමින් යනවා.,beginner
were-running-low-on-time,s-airport,We're running low on time.,වීර් රනින් ලෝ ඔන් ටයිම්.,අපිට තියෙන වෙලාව අඩුවෙමින් යනවා.,beginner
were-running-low-on-supplies,s-everyday-conversations,We're running low on supplies.,වීර් රනින් ලෝ ඔන් සප්ලයිස්.,අපේ අවශ්‍ය දේවල් අඩුවෙමින් යනවා.,beginner
weve-got-a-lot-to-do,s-everyday-conversations,We've got a lot to do.,වීව් ගොට් අ ලොට් ටු ඩූ.,අපිට කරන්න ගොඩක් දේවල් තියෙනවා.,intermediate
weve-got-plenty-to-talk-about,s-everyday-conversations,We've got plenty to talk about.,වීව් ගොට් ප්ලෙන්ටි ටු ටෝක් අබවුට්.,අපිට කතා කරන්න ගොඩක් දේවල් තියෙනවා.,intermediate
weve-made-a-good-start,s-everyday-conversations,We've made a good start.,වීව් මේඩ් අ ගුඩ් ස්ටාර්ට්.,අපි හොඳ ආරම්භයක් කරලා තියෙනවා.,beginner
weve-come-to-an-agreement,s-everyday-conversations,We've come to an agreement.,වීව් කම් ටු ඇන් අග්‍රීමන්ට්.,අපි එකඟතාවකට ඇවිත් තියෙනවා.,beginner
lets-keep-it-simple,s-everyday-conversations,Let's keep it simple.,ලෙට්ස් කීප් ඉට් සිම්පල්.,අපි මේක සරලව කරමු.,beginner
lets-not-make-it-complicated,s-everyday-conversations,Let's not make it complicated.,ලෙට්ස් නොට් මේක් ඉට් කම්ප්ලිකේටඩ්.,අපි මේක අමාරු කරගන්න එපා.,beginner
lets-wait-and-see,s-everyday-conversations,Let's wait and see.,ලෙට්ස් වේට් ඇන්ඩ් සී.,ටිකක් බලාගෙන ඉඳලා බලමු.,beginner
lets-take-our-time,s-everyday-conversations,Let's take our time.,ලෙට්ස් ටේක් අවර් ටයිම්.,අපි හදිසි නොවී කරමු.,beginner
lets-make-the-most-of-it,s-everyday-conversations,Let's make the most of it.,ලෙට්ස් මේක් ද මෝස්ට් ඔෆ් ඉට්.,මේ අවස්ථාවෙන් පුළුවන් උපරිම ප්‍රයෝජනය ගමු.,intermediate
lets-get-straight-to-the-point,s-everyday-conversations,Let's get straight to the point.,ලෙට්ස් ගෙට් ස්ට්‍රේට් ටු ද පොයින්ට්.,අපි කෙළින්ම ප්‍රධාන කාරණයට යමු.,intermediate
lets-not-get-carried-away,s-everyday-conversations,Let's not get carried away.,ලෙට්ස් නොට් ගෙට් කැරීඩ් අවේ.,අපි ඕනවට වඩා උද්යෝගයෙන් වැඩේ වැඩි කරගන්න එපා.,beginner
lets-leave-that-for-another-day,s-everyday-conversations,Let's leave that for another day.,ලෙට්ස් ලීව් දැට් ෆෝර් අනදර් ඩේ.,ඒක වෙන දවසකට තියාගමු.,intermediate
no-need-to-explain-yourself,s-everyday-conversations,No need to explain yourself.,නෝ නීඩ් ටු එක්ස්ප්ලේන් යෝර්සෙල්ෆ්.,ඔයාට ඔයාවම සාධාරණීකරණය කරලා පැහැදිලි කරන්න ඕනේ නෑ.,beginner
no-need-to-make-a-fuss,s-everyday-conversations,No need to make a fuss.,නෝ නීඩ් ටු මේක් අ ෆස්.,මේක ගැන ලොකු කලබලයක් කරන්න ඕනේ නෑ.,intermediate
no-point-in-looking-back,s-everyday-conversations,No point in looking back.,නෝ පොයින්ට් ඉන් ලුකින් බැක්.,ගිය දේවල් ගැන ආයෙත් හිතලා වැඩක් නෑ.,beginner
no-wonder-youre-confused,s-everyday-conversations,No wonder you're confused.,නෝ වන්ඩර් යුවර් කන්ෆියුස්ඩ්.,ඔයාට පැටලිලා තියෙන එක පුදුමයක් නෙමෙයි.,beginner
the-sooner-the-better,s-everyday-conversations,"The sooner, the better.","ද සූනර්, ද බෙටර්.",ඉක්මනට කළොත් තවත් හොඳයි.,beginner
the-less-you-worry-the-better,s-everyday-conversations,"The less you worry, the better.","ද ලෙස් යූ වරි, ද බෙටර්.",අඩුවෙන් කරදර වෙන තරමට හොඳයි.,intermediate
youll-get-the-hang-of-it,s-everyday-conversations,You'll get the hang of it soon.,යූල් ගෙට් ද හැන්ග් ඔෆ් ඉට් සූන්.,ඉක්මනටම ඔයාට මේක අල්ලගන්න පුළුවන් වෙයි.,intermediate
it-gets-easier-once-you-start,s-everyday-conversations,It gets easier once you start.,ඉට් ගෙට්ස් ඊසියර් වන්ස් යූ ස්ටාර්ට්.,පටන් ගත්තට පස්සේ ඒක ලේසි වෙනවා.,intermediate
keep-using-english-in-small-moments,s-everyday-conversations,Keep using English in small moments.,කීප් යූසින් ඉංග්ලිෂ් ඉන් ස්මෝල් මෝමන්ට්ස්.,දවසේ පොඩි පොඩි අවස්ථාවලත් English භාවිතා කරන්න.,intermediate
soon-youll-stop-translating-in-your,s-transportation,"Soon, you'll stop translating in your head.","සූන්, යූල් ස්ටොප් ට්‍රාන්ස්ලේටින් ඉන් යෝර් හෙඩ්.",ටික කාලෙකින් ඔයා හිත ඇතුළේ පරිවර්තනය කර කර කතා කරන එක නවත්වයි.,intermediate
im-up-for-anything,s-everyday-conversations,I'm up for anything.,අයිම් අප් ෆෝර් එනිතිං,ඕන දෙයක් කරන්න මං ලෑස්තියි.,beginner
im-easy,s-everyday-conversations,I'm easy.,අයිම් ඊසි,මට ඕන එකක් හරි.,beginner
im-flexible,s-everyday-conversations,I'm flexible.,අයිම් ෆ්ලෙක්සිබල්,මට තත්ත්වයට අනුව වෙනස් වෙන්න පුළුවන්.,beginner
im-not-fussed,s-everyday-conversations,I'm not fussed.,අයිම් නොට් ෆස්ට්,මට විශේෂ කැමැත්තක් නෑ.,beginner
im-cool-with-that,s-everyday-conversations,I'm cool with that.,අයිම් කූල් විත් දැට්,ඒකට මට අවුලක් නෑ.,beginner
im-fine-with-it,s-everyday-conversations,I'm fine with it.,අයිම් ෆයින් විත් ඉට්,ඒක මට හරි.,beginner
im-okay-with-that,s-everyday-conversations,I'm okay with that.,අයිම් ඕකේ විත් දැට්,ඒකට මං එකඟයි.,beginner
im-not-against-it,s-everyday-conversations,I'm not against it.,අයිම් නොට් අගේන්ස්ට් ඉට්,ඒකට මං විරුද්ධ නෑ.,beginner
im-all-for-it,s-everyday-conversations,I'm all for it.,අයිම් ඕල් ෆෝරිට්,මං ඒකට සම්පූර්ණයෙන්ම කැමතියි.,beginner
im-not-into-it,s-everyday-conversations,I'm not into it.,අයිම් නොට් ඉන්ටු ඉට්,ඒකට මට එච්චර කැමැත්තක් නෑ.,beginner
im-into-that,s-everyday-conversations,I'm into that.,අයිම් ඉන්ටු දැට්,මං ඒකට කැමතියි.,beginner
im-over-the-moon,s-everyday-conversations,I'm over the moon.,අයිම් ඕවර් ද මූන්,මං ගොඩක් සතුටින්.,beginner
im-thrilled,s-everyday-conversations,I'm thrilled.,අයිම් ත්‍රිල්ඩ්,මට ගොඩක් සතුටුයි.,beginner
im-pumped,s-everyday-conversations,I'm pumped.,අයිම් පම්ප්ට්,මං මාර උද්යෝගයෙන්.,beginner
im-fired-up,s-everyday-conversations,I'm fired up.,අයිම් ෆයර්ඩ් අප්,මං මාර උද්යෝගයෙන් ලෑස්තියි.,beginner
im-psyched,s-everyday-conversations,I'm psyched.,අයිම් සයික්ට්,මං ගොඩක් උද්යෝගයෙන්.,beginner
im-stoked,s-everyday-conversations,I'm stoked.,අයිම් ස්ටෝක්ට්,මට මාර සතුටුයි.,beginner
im-buzzing,s-everyday-conversations,I'm buzzing.,අයිම් බසිං,මට ලොකු උද්යෝගයක් දැනෙනවා.,beginner
im-freaking-out,s-everyday-conversations,I'm freaking out.,අයිම් ෆ්‍රීකිං අවුට්,මං මාර කලබල වෙලා.,beginner
im-losing-it,s-everyday-conversations,I'm losing it.,අයිම් ලූසිං ඉට්,මට දැන් ඉවසීම නැතිවෙලා.,beginner
im-fed-up,s-everyday-conversations,I'm fed up.,අයිම් ෆෙඩ් අප්,මට මේක දැන් ඇති වෙලා.,beginner
im-sick-of-it,s-doctor-health,I'm sick of it.,අයිම් සික් ඔවිට්,මට මේක එපා වෙලා.,beginner
ive-had-enough,s-everyday-conversations,I've had enough.,අයිව් හැඩ් ඉනෆ්,දැන් මට හොඳටම ඇති.,beginner
ive-had-it,s-everyday-conversations,I've had it.,අයිව් හැඩ් ඉට්,දැන් නම් මට ඇති.,beginner
im-done,s-everyday-conversations,I'm done.,අයිම් ඩන්,මං ඉවරයි / මට දැන් ඇති.,beginner
im-done-with-this,s-everyday-conversations,I'm done with this.,අයිම් ඩන් විත් දිස්,මං මේකෙන් අයින්.,beginner
im-done-talking,s-everyday-conversations,I'm done talking.,අයිම් ඩන් ටෝකිං,මං තවත් කතා කරන්නේ නෑ.,beginner
im-not-having-it,s-everyday-conversations,I'm not having it.,අයිම් නොට් හැවිං ඉට්,මං ඒක පිළිගන්නේ නෑ.,beginner
i-wont-have-it,s-everyday-conversations,I won't have it.,අයි වෝන්ට් හැවිට්,මං ඒක ඉවසන්නේ නෑ.,beginner
im-not-falling-for-it,s-everyday-conversations,I'm not falling for it.,අයිම් නොට් ෆෝලිං ෆෝරිට්,මං ඒකට රැවටෙන්නේ නෑ.,beginner
nice-try-though,s-everyday-conversations,"Nice try, though.",නයිස් ට්‍රයි දෝ,"හොඳ උත්සාහයක්, හැබැයි මං රැවටුණේ නෑ.",beginner
not-buying-that,s-everyday-conversations,Not buying that.,නොට් බයිඉං දැට්,මං ඒ කතාව විශ්වාස කරන්නේ නෑ.,beginner
save-it,s-everyday-conversations,Save it.,සේව් ඉට්,ඔය කතාව ඕන නෑ.,beginner
spare-me,s-everyday-conversations,Spare me.,ස්පෙයාර් මී,අනේ ඔය කතාව මට ඕන නෑ.,beginner
give-me-a-break,s-everyday-conversations,Give me a break.,ගිව් මී අ බ්‍රේක්,අනේ ඔය ඇති.,beginner
youve-got-to-be-kidding,s-everyday-conversations,You've got to be kidding.,යූව් ගොට් ට බී කිඩිං,ඔයා විහිළු කරනවද?,beginner
are-you-serious,s-asking-questions,Are you serious?,ආර් යූ සීරියස්,ඇත්තටමද?,beginner
seriously,s-everyday-conversations,Seriously?,සීරියස්ලි,ඇත්තටම?,beginner
for-real,s-everyday-conversations,For real?,ෆෝ රියල්,ඇත්තටමයි.,beginner
dead-serious,s-everyday-conversations,Dead serious.,ඩෙඩ් සීරියස්,මං සම්පූර්ණයෙන්ම ඇත්තට කියන්නේ.,beginner
no-joke,s-everyday-conversations,No joke.,නෝ ජෝක්,විහිළුවක් නෙවෙයි.,beginner
i-kid-you-not,s-everyday-conversations,I kid you not.,අයි කිඩ් යූ නොට්,මං ඇත්තටමයි කියන්නේ.,beginner
believe-it-or-not,s-everyday-conversations,Believe it or not.,බිලීව් ඉට් ඔර් නොට්,විශ්වාස කළත් නැතත්.,beginner
go-ahead-laugh,s-everyday-conversations,"Go ahead, laugh.",ගෝ අහෙඩ් ලාෆ්,"හරි, හිනා වෙන්න.",beginner
laugh-all-you-want,s-everyday-conversations,Laugh all you want.,ලාෆ් ඕල් යූ වොන්ට්,කැමති තරම් හිනා වෙන්න.,beginner
suit-yourself-then,s-everyday-conversations,Suit yourself then.,සූට් යෝර්සෙල්ෆ් දෙන්,එහෙනම් ඔයාට කැමති විදිහක්.,beginner
have-it-your-way,s-everyday-conversations,Have it your way.,හැවිට් යෝර් වේ,ඔයාට කැමති විදිහට කරගන්න.,beginner
whatever-works,s-everyday-conversations,Whatever works.,වටෙවර් වර්ක්ස්,වැඩ කරන ක්‍රමය මොකක් වුණත් හරි.,beginner
whatever-you-say,s-everyday-conversations,Whatever you say.,වටෙවර් යූ සේ,"හරි හරි, ඔයා කියන එකක්.",beginner
if-that-helps,s-everyday-conversations,If that helps.,ඉෆ් දැට් හෙල්ප්ස්,ඒකෙන් උදව්වක් වෙනවා නම්.,beginner
if-thats-what-you-want,s-everyday-conversations,If that's what you want.,ඉෆ් දැට්ස් වට් යූ වොන්ට්,ඔයාට ඕන ඒක නම් හරි.,beginner
if-you-insist,s-everyday-conversations,If you insist.,ඉෆ් යූ ඉන්සිස්ට්,ඔයා එච්චරම කියනවා නම් හරි.,beginner
if-you-must,s-everyday-conversations,If you must.,ඉෆ් යූ මස්ට්,අනිවාර්යයෙන්ම කරන්න ඕන නම් කරන්න.,beginner
why-not,s-asking-questions,Why not?,වයි නොට්,ඇයි බැරි?,beginner
why-risk-it,s-asking-questions,Why risk it?,වයි රිස්ක් ඉට්,මොකට අවදානම ගන්නේ?,beginner
why-wait,s-asking-questions,Why wait?,වයි වේට්,මොකට බලා ඉන්නේ?,beginner
why-rush,s-asking-questions,Why rush?,වයි රෂ්,මොකට හදිස්සි වෙන්නේ?,beginner
whats-the-rush,s-asking-questions,What's the rush?,වට්ස් ද රෂ්,මොකක්ද මේ හදිස්සිය?,beginner
whats-the-deal,s-business,What's the deal?,වට්ස් ද ඩීල්,මොකක්ද මෙතන වෙන්නේ?,beginner
what-gives,s-asking-questions,What gives?,වට් ගිව්ස්,මොකද මේ?,beginner
what-now,s-asking-questions,What now?,වට් නව්,දැන් මොකද?,beginner
what-next,s-asking-questions,What next?,වට් නෙක්ස්ට්,ඊළඟට මොකද?,beginner
what-changed,s-asking-questions,What changed?,වට් චේන්ජ්ඩ්,මොකක්ද වෙනස් වුණේ?,beginner
what-happened-there,s-asking-questions,What happened there?,වට් හැපන්ඩ් දෙයර්,එතන මොකද වුණේ?,beginner
whats-stopping-you,s-asking-questions,What's stopping you?,වට්ස් ස්ටොපිං යූ,ඔයාව නවත්තන්නේ මොකක්ද?,beginner
what-are-you-waiting-for,s-asking-questions,What are you waiting for?,වට් ආර් යූ වේටිං ෆෝර්,තව මොනවද බලාගෙන ඉන්නේ?,beginner
how-bad-can-it-be,s-asking-questions,How bad can it be?,හවු බැඩ් කැන් ඉට් බී,කොච්චර නරක වෙන්න පුළුවන්ද?,beginner
how-hard-can-it-be,s-asking-questions,How hard can it be?,හවු හාඩ් කැන් ඉට් බී,කොච්චර අමාරු වෙන්න පුළුවන්ද?,beginner
how-does-that-sound,s-asking-questions,How does that sound?,හවු ඩස් දැට් සවුන්ඩ්,ඒ අදහස කොහොමද?,beginner
hows-that-for-timing,s-asking-questions,How's that for timing?,හවුස් දැට් ෆෝ ටයිමිං,වෙලාවටම වුණා නේද?,beginner
how-about-that,s-asking-questions,How about that?,හවු අබවුට් දැට්,ඒක කොහොමද?,beginner
how-come,s-asking-questions,How come?,හවු කම්,ඇයි එහෙම?,beginner
since-when,s-everyday-conversations,Since when?,සින්ස් වෙන්,කවදා ඉඳන්ද?,beginner
according-to-whom,s-everyday-conversations,According to whom?,අකෝර්ඩිං ටු හූම්,කාගේ කියමන අනුවද?,beginner
who-asked,s-asking-questions,Who asked?,හූ ආස්ක්ට්,කවුද ඇහුවේ?,beginner
who-cares,s-asking-questions,Who cares?,හූ කෙයාර්ස්,කාටද ඒකෙන් වැඩක්?,beginner
could-be-worse,s-everyday-conversations,Could be worse.,කුඩ් බී වර්ස්,මීට වඩා නරක වෙන්නත් තිබුණා.,beginner
could-be-better,s-everyday-conversations,Could be better.,කුඩ් බී බෙටර්,තව හොඳ වෙන්න තිබුණා.,beginner
couldnt-agree-more,s-agreeing-disagreeing,Couldn't agree more.,කුඩන්ට් අග්‍රී මෝර්,මං සම්පූර්ණයෙන්ම එකඟයි.,beginner
couldnt-care-less,s-everyday-conversations,Couldn't care less.,කුඩන්ට් කෙයාර් ලෙස්,මට පොඩ්ඩක්වත් ගාණක් නෑ.,beginner
cant-argue-with-that,s-everyday-conversations,Can't argue with that.,කෑන්ට් ආර්ගියු විත් දැට්.,ඒකට විරුද්ධව කියන්න දෙයක් නෑ.,beginner
cant-say-i-blame-you,s-everyday-conversations,Can't say I blame you.,කෑන්ට් සේ අයි බ්ලේම් යූ,ඔයා එහෙම කළාට මං දොස් කියන්නේ නෑ.,beginner
cant-hurt-to-try,s-doctor-health,Can't hurt to try.,කෑන්ට් හර්ට් ට ට්‍රයි,උත්සාහ කරලා බලන එකේ හානියක් නෑ.,beginner
cant-win-them-all,s-everyday-conversations,Can't win them all.,කෑන්ට් වින් දෙම් ඕල්,හැම එකක්ම දිනන්න බෑ.,beginner
cant-have-it-both-ways,s-everyday-conversations,Can't have it both ways.,කෑන්ට් හැවිට් බෝත් වේස්,දෙපැත්තේම වාසි එකවර ගන්න බෑ.,beginner
cant-blame-you,s-everyday-conversations,Can't blame you.,කෑන්ට් බ්ලේම් යූ,ඔයාට දොස් කියන්න බෑ.,beginner
cant-wait,s-everyday-conversations,Can't wait.,කෑන්ට් වේට්,මට ඉවසන්න බෑ; ඉක්මනට ඒක වෙන්න ඕන.,beginner
cant-wait-to-see,s-everyday-conversations,Can't wait to see.,කෑන්ට් වේට් ට සී,බලන්න මට මාර ආසයි.,beginner
lets-keep-it-moving,s-everyday-conversations,Let's keep it moving.,ලෙට්ස් කීප් ඉට් මූවිං,නවතින්නේ නැතුව ඉස්සරහට යමු.,beginner
lets-keep-this-simple,s-everyday-conversations,Let's keep this simple.,ලෙට්ස් කීප් දිස් සිම්පල්,මේක සරලව කරමු.,beginner
lets-not-overdo-it,s-everyday-conversations,Let's not overdo it.,ලෙට්ස් නොට් ඕවර්ඩූ ඉට්,වැඩිය කරන්නේ නැතුව ඉමු.,beginner
lets-give-it-a-minute,s-everyday-conversations,Let's give it a minute.,ලෙට්ස් ගිවිට් අ මිනිට්,ටිකක් වෙලා බලමු.,beginner
lets-take-it-slow,s-everyday-conversations,Let's take it slow.,ලෙට්ස් ටේකිට් ස්ලෝ,හිමින් කරමු.,beginner
lets-see-what-happens,s-everyday-conversations,Let's see what happens.,ලෙට්ස් සී වට් හැපන්ස්,මොකද වෙන්නේ කියලා බලමු.,beginner
lets-not-make-a-scene,s-everyday-conversations,Let's not make a scene.,ලෙට්ස් නොට් මේක් අ සීන්,මෙතන කලබලයක් ඇති නොකර ඉමු.,beginner
lets-keep-this-between-us,s-everyday-conversations,Let's keep this between us.,ලෙට්ස් කීප් දිස් බිට්වීන් අස්,මේක අපි අතරම තියාගමු.,beginner
lets-get-one-thing-straight,s-everyday-conversations,Let's get one thing straight.,ලෙට්ස් ගෙට් වන් තිං ස්ට්‍රේට්,එක දෙයක් පැහැදිලි කරගමු.,beginner
lets-be-clear,s-everyday-conversations,Let's be clear.,ලෙට්ස් බී ක්ලියර්,පැහැදිලිව කියමු.,beginner
lets-be-realistic,s-everyday-conversations,Let's be realistic.,ලෙට්ස් බී රියලිස්ටික්,ඇත්ත තත්ත්වය බලලා හිතමු.,beginner
lets-be-honest,s-everyday-conversations,Let's be honest.,ලෙට්ස් බී ඔනස්ට්,ඇත්ත කතා කරමු.,beginner
lets-be-fair,s-everyday-conversations,Let's be fair.,ලෙට්ස් බී ෆෙයර්,සාධාරණව බලමු.,beginner
lets-be-practical,s-everyday-conversations,Let's be practical.,ලෙට්ස් බී ප්‍රැක්ටිකල්,වැඩ කරන විදිහට හිතමු.,beginner
lets-move-past-it,s-everyday-conversations,Let's move past it.,ලෙට්ස් මූව් පාස්ට් ඉට්,ඒක අතහැරලා ඉස්සරහට යමු.,beginner
you-made-my-day,s-everyday-conversations,You made my day.,යූ මේඩ් මයි ඩේ,ඔයා මගේ දවස ලස්සන කළා.,beginner
you-saved-the-day,s-everyday-conversations,You saved the day.,යූ සේව්ඩ් ද ඩේ,ඔයා වෙලාවට වැඩේ බේරගත්තා.,beginner
youre-a-lifesaver,s-everyday-conversations,You're a lifesaver.,යෝර් අ ලයිෆ්සේවර්,ඔයා මට මාර උදව්වක් කළා.,beginner
youre-a-natural,s-everyday-conversations,You're a natural.,යෝර් අ නැචුරල්,ඔයාට මේක ස්වභාවිකවම හොඳට පුළුවන්.,beginner
youve-still-got-it,s-everyday-conversations,You've still got it.,යූව් ස්ටිල් ගොටිට්,ඔයාට තාමත් ඒ දක්ෂතාව තියෙනවා.,beginner
you-make-it-look-easy,s-everyday-conversations,You make it look easy.,යූ මේකිට් ලුක් ඊසි,ඔයා කරද්දි මේක ලේසි වගේ පේනවා.,beginner
you-never-cease-to-amaze-me,s-everyday-conversations,You never cease to amaze me.,යූ නෙවර් සීස් ට අමේස් මී,ඔයා මාව හැමදාම පුදුම කරනවා.,intermediate
youre-one-of-a-kind,s-everyday-conversations,You're one of a kind.,යෝර් වන් ඔෆ් අ කයින්ඩ්,ඔයා වගේ තවත් කෙනෙක් නෑ.,beginner
youve-outdone-yourself,s-everyday-conversations,You've outdone yourself.,යූව් අවුට්ඩන් යෝර්සෙල්ෆ්,මේ පාර ඔයා වෙනදාටත් වඩා හොඳට කළා.,beginner
youre-a-tough-act-to-follow,s-everyday-conversations,You're a tough act to follow.,යෝර් අ ටෆ් ඇක්ට් ට ෆොලෝ,ඔයාට පස්සේ ඒ මට්ටමට කරන්න අමාරුයි.,intermediate
dont-sell-yourself-short,s-everyday-conversations,Don't sell yourself short.,ඩෝන්ට් සෙල් යෝර්සෙල්ෆ් ෂෝර්ට්.,තමන්ගේ හැකියාව අඩුවෙන් හිතන්න එපා.,beginner
dont-beat-yourself-up,s-everyday-conversations,Don't beat yourself up.,ඩෝන්ට් බීට් යෝර්සෙල්ෆ් අප්,තමන්ටම වැඩිය දොස් කියන්න එපා.,beginner
dont-second-guess-yourself,s-everyday-conversations,Don't second-guess yourself.,ඩෝන්ට් සෙකන්ඩ් ගෙස් යෝර්සෙල්ෆ්,තමන්ගේ තීරණ ගැන නැවත නැවත සැක කරන්න එපා.,beginner
dont-sell-it-short,s-everyday-conversations,Don't sell it short.,ඩෝන්ට් සෙල් ඉට් ෂෝර්ට්,ඒකේ වටිනාකම අඩුවෙන් ගණන් ගන්න එපා.,beginner
dont-make-it-weird,s-everyday-conversations,Don't make it weird.,ඩෝන්ට් මේකිට් වීර්ඩ්,මේක අමුතු තත්ත්වයක් කරන්න එපා.,beginner
dont-make-it-worse,s-everyday-conversations,Don't make it worse.,ඩෝන්ට් මේකිට් වර්ස්,තත්ත්වය තවත් නරක කරන්න එපා.,beginner
dont-make-a-fuss,s-everyday-conversations,Don't make a fuss.,ඩෝන්ට් මේක් අ ෆස්,පොඩි දේකට ලොකු කලබලයක් කරන්න එපා.,beginner
dont-stir-the-pot,s-everyday-conversations,Don't stir the pot.,ඩෝන්ට් ස්ටර් ද පොට්,නැති ප්‍රශ්න ඇති කරන්න එපා.,beginner
dont-rock-the-boat,s-everyday-conversations,Don't rock the boat.,ඩෝන්ට් රොක් ද බෝට්,හොඳින් යන තත්ත්වය අවුල් කරන්න එපා.,beginner
dont-poke-the-bear,s-everyday-conversations,Don't poke the bear.,ඩෝන්ට් පෝක් ද බෙයාර්,අනවශ්‍ය ලෙස කෙනෙක්ව අවුස්සන්න එපා.,beginner
dont-press-your-luck,s-everyday-conversations,Don't press your luck.,ඩෝන්ට් ප්‍රෙස් යෝර් ලක්,වාසනාව වැඩිය පරීක්ෂා කරන්න එපා.,beginner
dont-bite-the-hand-that-feeds,s-everyday-conversations,Don't bite the hand that feeds you.,ඩෝන්ට් බයිට් ද හැන්ඩ් දැට් ෆීඩ්ස් යූ,උදව් කරන කෙනාටම නරක කරන්න එපා.,intermediate
dont-burn-bridges,s-everyday-conversations,Don't burn bridges.,ඩෝන්ට් බර්න් බ්‍රිජස්,සම්බන්ධතා සම්පූර්ණයෙන්ම කඩාගන්න එපා.,beginner
dont-put-all-your-eggs-in,s-everyday-conversations,Don't put all your eggs in one basket.,ඩෝන්ට් පුට් ඕල් යෝර් එග්ස් ඉන් වන් බාස්කට්,හැම දෙයක්ම එකම තැනකට විශ්වාස කරලා දාන්න එපා.,intermediate
dont-bite-off-more-than-you,s-everyday-conversations,Don't bite off more than you can chew.,ඩෝන්ට් බයිට් ඔෆ් මෝර් දෑන් යූ කැන් චූ,තමන්ට බැරි තරම් වැඩ භාරගන්න එපා.,intermediate
dont-lose-sight-of-the-goal,s-everyday-conversations,Don't lose sight of the goal.,ඩෝන්ට් ලූස් සයිට් ඔෆ් ද ගෝල්,මුල් අරමුණ අමතක කරන්න එපා.,intermediate
dont-let-it-get-to-you,s-everyday-conversations,Don't let it get to you.,ඩෝන්ට් ලෙටිට් ගෙට් ට යූ,ඒක හිතට වැඩිය ගන්න එපා.,intermediate
dont-let-them-get-under-your,s-everyday-conversations,Don't let them get under your skin.,ඩෝන්ට් ලෙට් දෙම් ගෙට් අන්ඩර් යෝර් ස්කින්,ඔවුන්ගේ කතා නිසා තරහ ගන්න එපා.,intermediate
dont-take-the-bait,s-everyday-conversations,Don't take the bait.,ඩෝන්ට් ටේක් ද බේට්,ඔයාව අවුස්සන්න කරන දේට අහුවෙන්න එපා.,beginner
dont-fall-into-that-trap,s-everyday-conversations,Don't fall into that trap.,ඩෝන්ට් ෆෝල් ඉන්ටු දැට් ට්‍රැප්,ඒ උගුලට අහුවෙන්න එපා.,beginner
pick-up-on-it,s-everyday-conversations,Pick up on it.,පික් අප් ඔනිට්,ඉඟිය තේරුම් ගන්න.,beginner
catch-the-drift,s-everyday-conversations,Catch the drift.,කැච් ද ඩ්‍රිෆ්ට්,මං කියන අදහස තේරුම් ගන්න.,beginner
get-the-picture,s-everyday-conversations,Get the picture.,ගෙට් ද පික්චර්,දැන් මුළු තත්ත්වය තේරුම් ගන්න.,beginner
connect-the-dots,s-everyday-conversations,Connect the dots.,කනෙක්ට් ද ඩොට්ස්,දේවල් එකට ගලපලා ඇත්ත තේරුම් ගන්න.,beginner
read-between-the-lines,s-everyday-conversations,Read between the lines.,රීඩ් බිට්වීන් ද ලයින්ස්,කියපු දේට යටින් තියෙන අදහස තේරුම් ගන්න.,beginner
look-beyond-the-obvious,s-everyday-conversations,Look beyond the obvious.,ලුක් බියොන්ඩ් දි ඔබ්වියස්,පැහැදිලිව පේන දේට එහා බලන්න.,beginner
see-the-bigger-picture,s-everyday-conversations,See the bigger picture.,සී ද බිගර් පික්චර්,ලොකු තත්ත්වයම බලන්න.,beginner
put-the-pieces-together,s-everyday-conversations,Put the pieces together.,පුට් ද පීසස් ටුගෙදර්,තොරතුරු එකතු කරලා ඇත්ත තේරුම් ගන්න.,beginner
take-it-with-a-grain-of,s-everyday-conversations,Take it with a grain of salt.,ටේක් ඉට් විත් අ ග්‍රේන් අව් සෝල්ට්.,ඒක සම්පූර්ණයෙන්ම විශ්වාස නොකර ටිකක් සැකයෙන් ගන්න.,intermediate
take-it-at-face-value,s-everyday-conversations,Take it at face value.,ටේකිට් ඇට් ෆේස් වැලියු,පේන විදිහටම ඒක විශ්වාස කරන්න.,beginner
that-came-out-of-nowhere,s-everyday-conversations,That came out of nowhere.,දැට් කේම් අවුට් ඔෆ් නෝවෙයර්,ඒක කිසිම අනතුරු ඇඟවීමක් නැතුව හදිසියේ ආවා.,beginner
that-caught-me-by-surprise,s-everyday-conversations,That caught me by surprise.,දැට් කෝට් මී බයි සප්‍රයිස්,ඒක මාව හදිසියේ පුදුම කළා.,beginner
that-threw-me-off,s-everyday-conversations,That threw me off.,දැට් ත්‍රූ මී ඔෆ්,ඒකෙන් මගේ අවධානය අවුල් වුණා.,beginner
that-threw-me-for-a-loop,s-everyday-conversations,That threw me for a loop.,දැට් ත්‍රූ මී ෆෝර් අ ලූප්,ඒකෙන් මං හොඳටම පුදුම වුණා.,intermediate
that-came-back-to-bite-me,s-everyday-conversations,That came back to bite me.,දැට් කේම් බැක් ට බයිට් මී,කලින් කරපු දෙයක් පස්සේ මටම ප්‍රශ්නයක් වුණා.,intermediate
that-backfired,s-everyday-conversations,That backfired.,දැට් බැක්ෆයර්ඩ්,ඒ වැඩේ ආපහු මටම නරක විදිහට බලපෑවා.,beginner
that-blew-up-in-my-face,s-everyday-conversations,That blew up in my face.,දැට් බ්ලූ අප් ඉන් මයි ෆේස්,වැඩේ මටම ලොකු අවුලක් වුණා.,intermediate
that-went-sideways,s-everyday-conversations,That went sideways.,දැට් වෙන්ට් සයිඩ්වේස්,වැඩේ බලාපොරොත්තු නොවුණු විදිහට අවුල් වුණා.,beginner
that-went-south,s-everyday-conversations,That went south.,දැට් වෙන්ට් සවුත්,තත්ත්වය නරක අතට හැරුණා.,beginner
that-took-a-turn,s-everyday-conversations,That took a turn.,දැට් ටුක් අ ටර්න්,තත්ත්වය හදිසියේ වෙනස් වුණා.,beginner
things-got-out-of-hand,s-everyday-conversations,Things got out of hand.,තිංස් ගොට් අවුට් ඔෆ් හැන්ඩ්,තත්ත්වය පාලනයෙන් පිට ගියා.,beginner
things-are-heating-up,s-everyday-conversations,Things are heating up.,තිංස් ආර් හීටිං අප්,තත්ත්වය තව තද වෙමින් තියෙනවා.,beginner
things-are-moving-fast,s-everyday-conversations,Things are moving fast.,තිංස් ආර් මූවිං ෆාස්ට්,දේවල් ඉක්මනට වෙනස් වෙමින් තියෙනවා.,beginner
things-are-falling-into-place,s-everyday-conversations,Things are falling into place.,තිංස් ආර් ෆෝලිං ඉන්ටු ප්ලේස්,දේවල් ටික ටික හරි අතට එනවා.,beginner
things-are-finally-clicking,s-everyday-conversations,Things are finally clicking.,තිංස් ආර් ෆයිනලි ක්ලිකිං,දැන් දේවල් තේරෙන්න පටන් අරන්.,beginner
its-starting-to-click,s-everyday-conversations,It's starting to click.,ඉට්ස් ස්ටාර්ටිං ට ක්ලික්,දැන් මට ටික ටික තේරෙනවා.,beginner
its-growing-on-me,s-everyday-conversations,It's growing on me.,ඉට්ස් ග්‍රෝවිං ඔන් මී,ටික ටික මට ඒකට කැමති වෙමින් යනවා.,beginner
its-sinking-in,s-everyday-conversations,It's sinking in.,ඉට්ස් සිංකිං ඉන්,දැන් ඒකේ ඇත්ත මට තේරෙමින් තියෙනවා.,beginner
its-wearing-me-down,s-everyday-conversations,It's wearing me down.,ඉට්ස් වෙයරිං මී ඩවුන්,මේකෙන් මං ටික ටික හෙම්බත් වෙනවා.,beginner
its-taking-a-toll,s-everyday-conversations,It's taking a toll.,ඉට්ස් ටේකිං අ ටෝල්,මේක මට නරක බලපෑමක් කරනවා.,beginner
its-getting-old,s-everyday-conversations,It's getting old.,ඉට්ස් ගෙටිං ඕල්ඩ්,මේක දැන් එපා වෙලා.,beginner
its-getting-ridiculous,s-everyday-conversations,It's getting ridiculous.,ඉට්ස් ගෙටිං රිඩිකියුලස්,මේක දැන් අතිශයෝක්තියක් වගේ වෙලා.,beginner
its-not-adding-up,s-everyday-conversations,It's not adding up.,ඉට්ස් නොට් ඇඩිං අප්,මේකේ දේවල් එකට ගැළපෙන්නේ නෑ.,beginner
somethings-off,s-everyday-conversations,Something's off.,සම්තිංස් ඔෆ්,මොකක්හරි හරි නැහැ.,beginner
something-feels-different,s-everyday-conversations,Something feels different.,සම්තිං ෆීල්ස් ඩිෆරන්ට්,මොකක්හරි වෙනස් වගේ දැනෙනවා.,beginner
something-tells-me,s-everyday-conversations,Something tells me…,සම්තිං ටෙල්ස් මී,මට ඇතුළතින් දැනෙන්නේ…,beginner
my-gut-says-no,s-everyday-conversations,My gut says no.,මයි ගට් සේස් නෝ.,මට ඇතුළතින් හිතෙන්නේ එපා කියලා.,beginner
my-gut-says-yes,s-everyday-conversations,My gut says yes.,මයි ගට් සේස් යෙස්,මට ඇතුළතින් හිතෙන්නේ හරි කියලා.,beginner
follow-your-instincts,s-everyday-conversations,Follow your instincts.,ෆොලෝ යෝර් ඉන්ස්ටින්ක්ට්ස්,හිතට දැනෙන දේ අනුව යන්න.,beginner
take-the-hint,s-everyday-conversations,Take the hint.,ටේක් ද හින්ට්,ඉඟිය තේරුම් ගන්න.,beginner
know-when-to-walk-away,s-everyday-conversations,Know when to walk away.,නෝ වෙන් ට වෝක් අවේ,කවදා අතහැරලා යන්න ඕනද කියලා දැනගන්න.,beginner
leave-well-enough-alone,s-everyday-conversations,Leave well enough alone.,ලීව් වෙල් ඉනෆ් අලෝන්,හොඳින් තියෙන දෙයක් අනවශ්‍ය ලෙස වෙනස් කරන්න එපා.,beginner
quit-while-youre-ahead,s-everyday-conversations,Quit while you're ahead.,ක්විට් වයිල් යෝර් අහෙඩ්,තව නරක වෙන්න කලින් හොඳ තැනක නවත්තන්න.,beginner
go-big-or-go-home,s-home,Go big or go home.,ගෝ බිග් ඔර් ගෝ හෝම්,කරනවා නම් ලොකුවටම කරන්න.,beginner
now-were-talking,s-everyday-conversations,Now we're talking.,නව් වීර් ටෝකින්,අන්න දැන් තමයි හරි වැඩේ.,beginner
that-changes-everything,s-everyday-conversations,That changes everything.,දැට් චේන්ජස් එව්රිතිං.,ඒකෙන් මුළු තත්ත්වයම වෙනස් වෙනවා.,beginner
it-all-comes-down-to-this,s-everyday-conversations,It all comes down to this.,ඉට් ඕල් කම්ස් ඩවුන් ට දිස්,අවසානයේ හැමදේම තීරණය වෙන්නේ මේ කාරණයෙන්.,intermediate
im-pretty-comfortable-talking-about-that,s-everyday-conversations,I'm pretty comfortable talking about that.,අයිම් ප්‍රිටි කම්ෆ්ටබල් ටෝකින් අබවුට් දැට්.,ඒ ගැන කතා කරන්න මට හොඳට පහසුයි.,intermediate
i-know-exactly-what-you-mean,s-agreeing-disagreeing,I know exactly what you mean.,අයි නෝ ඉග්සැක්ට්ලි වට් යූ මීන්.,ඔයා කියන දේ මට හරියටම තේරෙනවා.,intermediate
thats-actually-a-good-point,s-everyday-conversations,That's actually a good point.,දැට්ස් ඇක්චුවලි අ ගුඩ් පොයින්ට්.,ඒක ඇත්තටම හොඳ අදහසක්.,beginner
i-hadnt-thought-of-it-that,s-everyday-conversations,I hadn't thought of it that way.,අයි හැඩන්ට් තෝට් අව් ඉට් දැට් වේ.,මම ඒ විදිහට ඒ ගැන හිතලා තිබුණේ නැහැ.,intermediate
i-can-see-where-youre-coming,s-everyday-conversations,I can see where you're coming from.,අයි කැන් සී වෙයාර් යුවර් කමින් ෆ්‍රම්.,ඔයා එහෙම හිතන්නේ ඇයි කියලා මට තේරෙනවා.,intermediate
id-probably-do-the-same-thing,s-everyday-conversations,I'd probably do the same thing.,අයිඩ් ප්‍රොබබ්ලි ඩූ ද සේම් තිං.,මමත් බොහෝවිට ඒ දේම කරයි.,intermediate
that-makes-a-lot-more-sense,s-everyday-conversations,That makes a lot more sense now.,දැට් මේක්ස් අ ලොට් මෝර් සෙන්ස් නව්.,දැන් ඒක ගොඩක් පැහැදිලියි.,intermediate
im-glad-you-brought-that-up,s-feelings-emotions,I'm glad you brought that up.,අයිම් ග්ලැඩ් යූ බ්‍රෝට් දැට් අප්.,ඔයා ඒ කාරණය කතා කළ එක ගැන මට සතුටුයි.,intermediate
youve-got-a-point-there,s-everyday-conversations,You've got a point there.,යූව් ගොට් අ පොයින්ට් දෙයාර්.,ඔයා කියන දේත් හරි.,beginner
im-totally-fine-with-that,s-everyday-conversations,I'm totally fine with that.,අයිම් ටෝටලි ෆයින් විත් දැට්.,ඒක මට සම්පූර්ණයෙන්ම ප්‍රශ්නයක් නැහැ.,beginner
id-rather-keep-things-simple,s-everyday-conversations,I'd rather keep things simple.,අයිඩ් රාදර් කීප් තිංස් සිම්පල්.,මම කැමතියි දේවල් සරලව තියාගන්න.,beginner
im-open-to-other-ideas,s-everyday-conversations,I'm open to other ideas.,අයිම් ඕපන් ටු අදර් අයිඩියස්.,වෙන අදහස් අහන්නත් මම කැමතියි.,beginner
i-dont-mind-giving-it-a,s-everyday-conversations,I don't mind giving it a try.,අයි ඩෝන්ට් මයින්ඩ් ගිවින් ඉට් අ ට්‍රයි.,ඒක කරලා බලන්න මට ප්‍රශ්නයක් නැහැ.,intermediate
im-willing-to-hear-you-out,s-everyday-conversations,I'm willing to hear you out.,අයිම් විලින් ටු හියර් යූ අවුට්.,ඔයා කියන දේ සම්පූර්ණයෙන් අහන්න මම කැමතියි.,intermediate
i-completely-get-your-concern,s-everyday-conversations,I completely get your concern.,අයි කම්ප්ලීට්ලි ගෙට් යුවර් කන්සර්න්.,ඔයාට තියෙන කනස්සල්ල මට හොඳට තේරෙනවා.,beginner
id-like-to-know-more-about,s-everyday-conversations,I'd like to know more about it.,අයිඩ් ලයික් ටු නෝ මෝර් අබවුට් ඉට්.,ඒ ගැන තව දැනගන්න මම කැමතියි.,intermediate
that-sounds-reasonable-to-me,s-everyday-conversations,That sounds reasonable to me.,දැට් සවුන්ඩ්ස් රීසනබල් ටු මී.,ඒක මට සාධාරණ වගේ පේනවා.,beginner
im-not-completely-sure-yet,s-everyday-conversations,I'm not completely sure yet.,අයිම් නොට් කම්ප්ලීට්ලි ෂුවර් යෙට්.,මට තාම සම්පූර්ණයෙන්ම විශ්වාස නැහැ.,beginner
let-me-put-it-another-way,s-everyday-conversations,Let me put it another way.,ලෙට් මී පුට් ඉට් අනදර් වේ.,මම ඒක වෙන විදිහකට කියන්නම්.,intermediate
what-im-trying-to-say-is,s-everyday-conversations,What I'm trying to say is this.,වට් අයිම් ට්‍රයිං ටු සේ ඉස් දිස්.,මම කියන්න උත්සාහ කරන්නේ මේකයි.,intermediate
i-may-not-be-explaining-it,s-everyday-conversations,I may not be explaining it well.,අයි මේ නොට් බී එක්ස්ප්ලේනින් ඉට් වෙල්.,මම මේක හරියට පැහැදිලි කරන්නේ නැති වෙන්න පුළුවන්.,intermediate
im-looking-at-it-differently,s-everyday-conversations,I'm looking at it differently.,අයිම් ලුකින් ඇට් ඉට් ඩිෆරන්ට්ලි.,මම ඒක දිහා බලන්නේ වෙනස් විදිහකට.,beginner
let-me-be-a-little-clearer,s-everyday-conversations,Let me be a little clearer.,ලෙට් මී බී අ ලිට්ල් ක්ලියරර්.,මම මේක තව ටිකක් පැහැදිලි කරන්නම්.,intermediate
i-think-were-saying-the-same,s-everyday-conversations,I think we're saying the same thing.,අයි තිංක් වීර් සේයිං ද සේම් තිං.,මට හිතෙන්නේ අපි දෙන්නම කියන්නේ එකම දේ.,intermediate
i-get-the-general-idea,s-everyday-conversations,I get the general idea.,අයි ගෙට් ද ජෙනරල් අයිඩියා.,මට මුළු අදහස මූලිකව තේරෙනවා.,beginner
im-following-you-so-far,s-everyday-conversations,I'm following you so far.,අයිම් ෆොලෝවින් යූ සෝ ෆාර්.,මේ වෙනකම් ඔයා කියන දේ මට තේරෙනවා.,beginner
could-you-go-into-a-little,s-making-requests,Could you go into a little more detail?,කුඩ් යූ ගෝ ඉන්ටු අ ලිට්ල් මෝර් ඩීටේල්?,ඒ ගැන තව ටිකක් විස්තර කරන්න පුළුවන්ද?,intermediate
what-made-you-think-of-that,s-asking-questions,What made you think of that?,වට් මේඩ් යූ තිංක් අව් දැට්?,ඔයාට ඒක ගැන හිතන්න හේතු වුණේ මොකක්ද?,intermediate
how-did-that-work-out-for,s-work-office,How did that work out for you?,හව් ඩිඩ් දැට් වර්ක් අවුට් ෆෝර් යූ?,ඒක ඔයාට කොහොමද ගියේ?,intermediate
what-was-that-experience-like,s-job-interviews,What was that experience like?,වට් වස් දැට් එක්ස්පීරියන්ස් ලයික්?,ඒ අත්දැකීම කොහොමද තිබුණේ?,beginner
what-would-you-do-differently-now,s-making-requests,What would you do differently now?,වට් වුඩ් යූ ඩූ ඩිෆරන්ට්ලි නව්?,දැන් නම් ඔයා වෙනස් විදිහට මොකක්ද කරන්නේ?,intermediate
what-do-you-enjoy-most-about,s-asking-questions,What do you enjoy most about it?,වට් ඩූ යූ එන්ජෝයි මෝස්ට් අබවුට් ඉට්?,ඒකේ ඔයා වැඩිපුරම කැමති මොන දේටද?,intermediate
whats-the-hardest-part-for-you,s-asking-questions,What's the hardest part for you?,වට්ස් ද හාඩස්ට් පාර්ට් ෆෝර් යූ?,ඔයාට අමාරුම කොටස මොකක්ද?,intermediate
how-do-you-normally-handle-that,s-asking-questions,How do you normally handle that?,හව් ඩූ යූ නෝර්මලි හැන්ඩල් දැට්?,ඔයා සාමාන්‍යයෙන් ඒක හසුරුවන්නේ කොහොමද?,intermediate
whats-your-take-on-the-situation,s-asking-questions,What's your take on the situation?,වට්ස් යුවර් ටේක් ඔන් ද සිටුවේෂන්?,මේ තත්ත්වය ගැන ඔයාගේ අදහස මොකක්ද?,intermediate
where-do-you-stand-on-that,s-asking-questions,Where do you stand on that?,වෙයාර් ඩූ යූ ස්ටෑන්ඩ් ඔන් දැට්?,ඒ කාරණය ගැන ඔයාගේ ස්ථාවරය මොකක්ද?,intermediate
im-curious-to-hear-your-opinion,s-everyday-conversations,I'm curious to hear your opinion.,අයිම් කියුරියස් ටු හියර් යුවර් ඔපීනියන්.,ඔයාගේ අදහස අහන්න මට ආසයි.,intermediate
tell-me-what-you-really-think,s-everyday-conversations,Tell me what you really think.,ටෙල් මී වට් යූ රියලි තිංක්.,ඇත්තටම ඔයා හිතන දේ කියන්න.,intermediate
id-be-interested-to-hear-your,s-everyday-conversations,I'd be interested to hear your side.,අයිඩ් බී ඉන්ට්‍රස්ටිඩ් ටු හියර් යුවර් සයිඩ්.,ඔයාගේ පැත්තෙන් මේක කොහොමද කියලා අහන්න මම කැමතියි.,intermediate
what-happened-after-that,s-asking-questions,What happened after that?,වට් හැපන්ඩ් ආෆ්ටර් දැට්?,ඊට පස්සේ මොකද වුණේ?,beginner
how-did-you-react-at-the,s-asking-questions,How did you react at the time?,හව් ඩිඩ් යූ රියැක්ට් ඇට් ද ටයිම්?,ඒ වෙලාවේ ඔයා කොහොමද ප්‍රතිචාර දැක්වුවේ?,intermediate
did-you-see-that-coming,s-asking-questions,Did you see that coming?,ඩිඩ් යූ සී දැට් කමින්?,ඒක වෙයි කියලා ඔයා කලින් හිතුවද?,beginner
was-it-what-you-expected,s-everyday-conversations,Was it what you expected?,වස් ඉට් වට් යූ එක්ස්පෙක්ටිඩ්?,ඒක ඔයා බලාපොරොත්තු වුණු විදිහටද තිබුණේ?,beginner
how-do-you-feel-about-it,s-feelings-emotions,How do you feel about it now?,හව් ඩූ යූ ෆීල් අබවුට් ඉට් නව්?,දැන් ඒ ගැන ඔයාට මොන වගේ හැඟීමක්ද තියෙන්නේ?,intermediate
would-you-do-it-again,s-making-requests,Would you do it again?,වුඩ් යූ ඩූ ඉට් අගේන්?,ඔයා ඒක ආයෙත් කරනවද?,beginner
what-did-you-learn-from-it,s-school-education,What did you learn from it?,වට් ඩිඩ් යූ ලර්න් ෆ්‍රම් ඉට්?,ඒකෙන් ඔයා මොනවද ඉගෙනගත්තේ?,intermediate
ive-been-thinking-about-that-lately,s-everyday-conversations,I've been thinking about that lately.,අයිව් බීන් තිංකින් අබවුට් දැට් ලේට්ලි.,මම මෑතකදී ඒ ගැන හිතමින් හිටියා.,intermediate
its-been-on-my-mind-recently,s-everyday-conversations,It's been on my mind recently.,ඉට්ස් බීන් ඔන් මයි මයින්ඩ් රීසන්ට්ලි.,මෑතකදී ඒක මගේ හිතේ තිබුණා.,intermediate
ive-changed-my-mind-about-it,s-everyday-conversations,I've changed my mind about it.,අයිව් චේන්ජ්ඩ් මයි මයින්ඩ් අබවුට් ඉට්.,ඒ ගැන මගේ අදහස දැන් වෙනස් වෙලා.,intermediate
i-see-things-differently-these-days,s-everyday-conversations,I see things differently these days.,අයි සී තිංස් ඩිෆරන්ට්ලි දීස් ඩේස්.,මේ දවස්වල මම දේවල් දිහා බලන්නේ වෙනස් විදිහට.,intermediate
ive-learned-not-to-rush-things,s-everyday-conversations,I've learned not to rush things.,අයිව් ලර්න්ඩ් නොට් ටු රෂ් තිංස්.,දේවල් හදිස්සියේ නොකර ඉන්න මම ඉගෙනගෙන තියෙනවා.,intermediate
i-try-not-to-overthink-it,s-everyday-conversations,I try not to overthink it.,අයි ට්‍රයි නොට් ටු ඕවර්තිංක් ඉට්.,මම ඒ ගැන ඕනෑවට වඩා හිතන්නෙ නැතුව ඉන්න උත්සාහ කරනවා.,intermediate
im-taking-things-one-step-at,s-everyday-conversations,I'm taking things one step at a time.,අයිම් ටේකින් තිංස් වන් ස්ටෙප් ඇට් අ ටයිම්.,මම එක එක පියවරෙන් හෙමින් දේවල් කරගෙන යනවා.,intermediate
im-still-figuring-things-out,s-everyday-conversations,I'm still figuring things out.,අයිම් ස්ටිල් ෆිගරින් තිංස් අවුට්.,මම තාමත් දේවල් තේරුම්ගෙන යන ගමන්.,beginner
im-getting-better-at-dealing-with,s-everyday-conversations,I'm getting better at dealing with it.,අයිම් ගෙටින් බෙටර් ඇට් ඩීලින් විත් ඉට්.,ඒක හසුරුවන්න මම ටික ටික හොඳ වෙමින් ඉන්නවා.,intermediate
im-learning-as-i-go,s-everyday-conversations,I'm learning as I go.,අයිම් ලර්නින් ඇස් අයි ගෝ.,කරගෙන යන අතරේම මම ඉගෙනගන්නවා.,beginner
i-dont-take-it-personally-anymore,s-everyday-conversations,I don't take it personally anymore.,අයි ඩෝන්ට් ටේක් ඉට් පර්සනලි එනිමෝර්.,දැන් මම ඒක පුද්ගලික දෙයක් විදිහට ගන්නේ නැහැ.,intermediate
ive-become-more-patient-over-time,s-everyday-conversations,I've become more patient over time.,අයිව් බිකම් මෝර් පේෂන්ට් ඕවර් ටයිම්.,කාලයත් එක්ක මම තව ඉවසීම ඇති කෙනෙක් වෙලා.,intermediate
ive-gotten-used-to-it-by,s-everyday-conversations,I've gotten used to it by now.,අයිව් ගොටන් යූස්ට් ටු ඉට් බයි නව්.,දැන් වෙනකොට මට ඒකට පුරුදු වෙලා.,intermediate
im-becoming-more-confident-with-it,s-everyday-conversations,I'm becoming more confident with it.,අයිම් බිකමින් මෝර් කන්ෆිඩන්ට් විත් ඉට්.,ඒ ගැන මගේ විශ්වාසය ටික ටික වැඩි වෙනවා.,intermediate
im-trying-to-keep-an-open,s-everyday-conversations,I'm trying to keep an open mind.,අයිම් ට්‍රයිං ටු කීප් ඇන් ඕපන් මයින්ඩ්.,මම විවෘත අදහසකින් බලන්න උත්සාහ කරනවා.,intermediate
id-rather-focus-on-what-i,s-everyday-conversations,I'd rather focus on what I can control.,අයිඩ් රාදර් ෆෝකස් ඔන් වට් අයි කැන් කන්ට්‍රෝල්.,මට පාලනය කරන්න පුළුවන් දේවල් ගැන අවධානය දෙන්න මම කැමතියි.,intermediate
im-doing-the-best-i-can-2,s-everyday-conversations,I'm doing the best I can with it.,අයිම් ඩූයිං ද බෙස්ට් අයි කැන් විත් ඉට්.,ඒ ගැන මට පුළුවන් උපරිමයෙන් මම කරනවා.,intermediate
im-not-putting-too-much-pressure,s-everyday-conversations,I'm not putting too much pressure on myself.,අයිම් නොට් පුටින් ටූ මච් ප්‍රෙෂර් ඔන් මයිසෙල්ෆ්.,මම මටම ඕනෑවට වඩා පීඩනය දාගන්නේ නැහැ.,intermediate
im-happy-with-the-progress-ive,s-feelings-emotions,I'm happy with the progress I've made.,අයිම් හැපි විත් ද ප්‍රෝග්‍රෙස් අයිව් මේඩ්.,මම කරලා තියෙන දියුණුව ගැන මට සතුටුයි.,intermediate
i-know-i-can-handle-this,s-everyday-conversations,I know I can handle this.,අයි නෝ අයි කැන් හැන්ඩල් දිස්.,මේක හසුරුවන්න මට පුළුවන් කියලා මම දන්නවා.,intermediate
im-not-afraid-to-ask-questions,s-everyday-conversations,I'm not afraid to ask questions.,අයිම් නොට් අෆ්‍රේඩ් ටු ආස්ක් ක්වෙස්චන්ස්.,ප්‍රශ්න අහන්න මම බය නැහැ.,intermediate
im-comfortable-admitting-when-i-dont,s-everyday-conversations,I'm comfortable admitting when I don't know something.,අයිම් කම්ෆ්ටබල් ඇඩ්මිටින් වෙන් අයි ඩෝන්ට් නෝ සම්තිං.,මම දෙයක් දන්නේ නැත්නම් ඒක පිළිගන්න මට බයක් නැහැ.,intermediate
i-dont-expect-myself-to-know,s-everyday-conversations,I don't expect myself to know everything.,අයි ඩෝන්ට් එක්ස්පෙක්ට් මයිසෙල්ෆ් ටු නෝ එව්රිතිං.,හැම දෙයක්ම මම දැනගෙන ඉන්න ඕන කියලා මම බලාපොරොත්තු වෙන්නේ නැහැ.,intermediate
im-confident-enough-to-speak-my,s-everyday-conversations,I'm confident enough to speak my mind.,අයිම් කන්ෆිඩන්ට් ඉනෆ් ටු ස්පීක් මයි මයින්ඩ්.,මගේ අදහස පැහැදිලිව කියන්න තරම් මට විශ්වාසයක් තියෙනවා.,intermediate
im-not-trying-to-impress-anyone,s-everyday-conversations,I'm not trying to impress anyone.,අයිම් නොට් ට්‍රයිං ටු ඉම්ප්‍රෙස් එනිවන්.,මම කාවවත් පුදුම කරවන්න හෝ පෙන්වන්න උත්සාහ කරන්නේ නැහැ.,intermediate
id-rather-be-myself,s-everyday-conversations,I'd rather be myself.,අයිඩ් රාදර් බී මයිසෙල්ෆ්.,මම කැමතියි මම ම විදිහට ඉන්න.,beginner
i-can-always-learn-from-it,s-school-education,I can always learn from it.,අයි කැන් ඕල්වේස් ලර්න් ෆ්‍රම් ඉට්.,ඒකෙන් මට හැමවිටම දෙයක් ඉගෙනගන්න පුළුවන්.,intermediate
id-say-it-depends-on-the,s-everyday-conversations,I'd say it depends on the situation.,අයිඩ් සේ ඉට් ඩිපෙන්ඩ්ස් ඔන් ද සිටුවේෂන්.,මම කියන්නේ ඒක තත්ත්වය අනුව වෙනස් වෙනවා කියලා.,intermediate
theres-more-than-one-way-to-2,s-everyday-conversations,There's more than one way to look at it.,දෙයාර්ස් මෝර් දැන් වන් වේ ටු ලුක් ඇට් ඉට්.,ඒක දිහා බලන්න එකකට වඩා ක්‍රම තියෙනවා.,intermediate
its-not-as-simple-as-it,s-everyday-conversations,It's not as simple as it looks.,ඉට්ස් නොට් ඇස් සිම්පල් ඇස් ඉට් ලුක්ස්.,පේන තරම් මේක සරල නැහැ.,intermediate
theres-probably-more-to-the-story,s-everyday-conversations,There's probably more to the story.,දෙයාර්ස් ප්‍රොබබ්ලි මෝර් ටු ද ස්ටෝරි.,මේ කතාවේ අපි නොදන්න තවත් දේවල් ඇති.,intermediate
i-wouldnt-jump-to-conclusions,s-everyday-conversations,I wouldn't jump to conclusions.,අයි වුඩන්ට් ජම්ප් ටු කන්ක්ලූෂන්ස්.,මම ඉක්මනට තීරණයකට එන්නේ නැහැ.,beginner
id-need-more-information-first,s-everyday-conversations,I'd need more information first.,අයිඩ් නීඩ් මෝර් ඉන්ෆර්මේෂන් ෆර්ස්ට්.,මුලින්ම මට තව තොරතුරු ඕන.,beginner
i-cant-really-judge-without-knowing,s-everyday-conversations,I can't really judge without knowing the whole story.,අයි කෑන්ට් රියලි ජජ් විදවුට් නෝවින් ද හෝල් ස්ටෝරි.,සම්පූර්ණ කතාව නොදැන මට හරියට තීරණය කරන්න බැහැ.,intermediate
i-think-context-matters-here,s-everyday-conversations,I think context matters here.,අයි තිංක් කොන්ටෙක්ස්ට් මැටර්ස් හියර්.,මෙතන පසුබිමත් වැදගත් කියලා මට හිතෙනවා.,beginner
that-could-mean-different-things-to,s-everyday-conversations,That could mean different things to different people.,දැට් කුඩ් මීන් ඩිෆරන්ට් තිංස් ටු ඩිෆරන්ට් පීපල්.,එක එක කෙනාට ඒකේ අර්ථය වෙනස් වෙන්න පුළුවන්.,intermediate
i-can-understand-both-sides-of,s-everyday-conversations,I can understand both sides of it.,අයි කැන් අන්ඩර්ස්ටෑන්ඩ් බෝත් සයිඩ්ස් අව් ඉට්.,දෙපැත්තේම අදහස් මට තේරුම්ගන්න පුළුවන්.,intermediate
i-dont-necessarily-disagree-with-you,s-agreeing-disagreeing,I don't necessarily disagree with you.,අයි ඩෝන්ට් නෙසෙසෙරලි ඩිසග්‍රී විත් යූ.,මම අනිවාර්යයෙන්ම ඔයාට විරුද්ධ වෙන්නේ නැහැ.,intermediate
i-just-see-it-from-a,s-everyday-conversations,I just see it from a different angle.,අයි ජස්ට් සී ඉට් ෆ්‍රම් අ ඩිෆරන්ට් ඇංගල්.,මම ඒක බලන්නේ වෙන පැත්තකින් විතරයි.,intermediate
i-agree-with-you-up-to,s-agreeing-disagreeing,I agree with you up to a point.,අයි අග්‍රී විත් යූ අප් ටු අ පොයින්ට්.,යම් තරමකට මම ඔයා එක්ක එකඟයි.,intermediate
i-see-your-point-but-i,s-everyday-conversations,"I see your point, but I have a different view.","අයි සී යුවර් පොයින්ට්, බට් අයි හැව් අ ඩිෆරන්ට් වීව්.","ඔයා කියන දේ තේරෙනවා, හැබැයි මගේ අදහස ටිකක් වෙනස්.",intermediate
i-wouldnt-look-at-it-quite,s-everyday-conversations,I wouldn't look at it quite like that.,අයි වුඩන්ට් ලුක් ඇට් ඉට් ක්වයිට් ලයික් දැට්.,මම නම් ඒක හරියටම ඒ විදිහට බලන්නේ නැහැ.,intermediate
i-think-theres-another-side-to,s-everyday-conversations,I think there's another side to consider.,අයි තිංක් දෙයාර්ස් අනදර් සයිඩ් ටු කන්සිඩර්.,සලකා බලන්න තවත් පැත්තක් තියෙනවා කියලා මට හිතෙනවා.,intermediate
im-not-saying-youre-wrong,s-problems-complaints,I'm not saying you're wrong.,අයිම් නොට් සේයිං යුවර් රොං.,ඔයා වැරදියි කියලා මම කියන්නේ නැහැ.,beginner
im-just-sharing-how-i-see,s-everyday-conversations,I'm just sharing how I see it.,අයිම් ජස්ට් ෂෙයරින් හව් අයි සී ඉට්.,මම මේක දකින විදිහ විතරයි කියන්නේ.,intermediate
we-dont-have-to-agree-on,s-agreeing-disagreeing,We don't have to agree on everything.,වී ඩෝන්ට් හැව් ටු අග්‍රී ඔන් එව්රිතිං.,අපි හැම දෙයකටම එකඟ වෙන්න ඕන නැහැ.,intermediate
i-respect-the-way-you-see,s-everyday-conversations,I respect the way you see it.,අයි රිස්පෙක්ට් ද වේ යූ සී ඉට්.,ඔයා ඒක දකින විදිහට මම ගරු කරනවා.,intermediate
im-happy-to-agree-to-disagree,s-agreeing-disagreeing,I'm happy to agree to disagree.,අයිම් හැපි ටු අග්‍රී ටු ඩිසග්‍රී.,අපි දෙන්නගේ අදහස් වෙනස් කියලා පිළිගෙන එතනින් නවත්වන්න මට ප්‍රශ්නයක් නැහැ.,intermediate
theres-no-harm-in-seeing-things,s-everyday-conversations,There's no harm in seeing things differently.,දෙයාර්ස් නෝ හාම් ඉන් සීයිං තිංස් ඩිෆරන්ට්ලි.,දේවල් වෙනස් විදිහට දැක්කට ප්‍රශ්නයක් නැහැ.,intermediate
thats-fair-enough,s-everyday-conversations,That's fair enough.,දැට්ස් ෆෙයාර් ඉනෆ්.,"හරි, ඒක සාධාරණයි.",beginner
that-works-for-me,s-everyday-conversations,That works for me.,දැට් වර්ක්ස් ෆෝර් මී.,ඒ විදිහ මට හොඳයි.,beginner
im-good-with-whatever-you-decide,s-everyday-conversations,I'm good with whatever you decide.,අයිම් ගුඩ් විත් වටෙවර් යූ ඩිසයිඩ්.,ඔයා තීරණය කරන ඕනෑම දෙයක් මට හරි.,intermediate
ill-go-along-with-that,s-everyday-conversations,I'll go along with that.,අයිල් ගෝ අලොං විත් දැට්.,මමත් ඒ අදහසට එකඟ වෙන්නම්.,beginner
that-seems-like-the-easiest-option,s-everyday-conversations,That seems like the easiest option.,දැට් සීම්ස් ලයික් ද ඊසියස්ට් ඔප්ෂන්.,ඒක තමයි ලේසිම තේරීම වගේ පේන්නේ.,intermediate
we-can-always-change-it-later,s-banking-money,We can always change it later.,වී කැන් ඕල්වේස් චේන්ජ් ඉට් ලේටර්.,පස්සේ ඕන නම් ඒක වෙනස් කරන්න පුළුවන්.,intermediate
theres-no-need-to-decide-right,s-everyday-conversations,There's no need to decide right away.,දෙයාර්ස් නෝ නීඩ් ටු ඩිසයිඩ් රයිට් අවේ.,දැන්ම තීරණය කරන්න ඕන නැහැ.,intermediate
lets-think-it-through-first,s-everyday-conversations,Let's think it through first.,ලෙට්ස් තිංක් ඉට් ත්‍රූ ෆර්ස්ට්.,මුලින් මේක හොඳට හිතලා බලමු.,beginner
id-rather-not-rush-into-anything,s-everyday-conversations,I'd rather not rush into anything.,අයිඩ් රාදර් නොට් රෂ් ඉන්ටු එනිතිං.,කිසිම දෙයකට හදිස්සියේ පැනලා යන්න මම කැමති නැහැ.,intermediate
lets-take-our-time-with-it,s-everyday-conversations,Let's take our time with it.,ලෙට්ස් ටේක් අවර් ටයිම් විත් ඉට්.,අපි මේකට ටිකක් වෙලාව අරගෙන කරමු.,intermediate
well-figure-something-out,s-everyday-conversations,We'll figure something out.,වීල් ෆිගර් සම්තිං අවුට්.,අපි කොහොමහරි විසඳුමක් හොයාගමු.,beginner
im-sure-theres-a-way-around,s-everyday-conversations,I'm sure there's a way around it.,අයිම් ෂුවර් දෙයාර්ස් අ වේ අරවුන්ඩ් ඉට්.,මේක විසඳගන්න ක්‍රමයක් අනිවාර්යයෙන් ඇති.,intermediate
we-dont-need-to-make-it,s-everyday-conversations,We don't need to make it complicated.,වී ඩෝන්ට් නීඩ් ටු මේක් ඉට් කම්ප්ලිකේටිඩ්.,මේක ඕනෑවට වඩා සංකීර්ණ කරන්න ඕන නැහැ.,intermediate
lets-deal-with-one-thing-at,s-business,Let's deal with one thing at a time.,ලෙට්ස් ඩීල් විත් වන් තිං ඇට් අ ටයිම්.,අපි එක වෙලාවකට එක දෙයක් විසඳමු.,intermediate
ill-take-care-of-my-part,s-everyday-conversations,I'll take care of my part.,අයිල් ටේක් කෙයාර් අව් මයි පාර්ට්.,මට අයිති කොටස මම බලාගන්නම්.,intermediate
you-can-leave-that-with-me,s-everyday-conversations,You can leave that with me.,යූ කැන් ලීව් දැට් විත් මී.,ඒක මට භාර දෙන්න පුළුවන්.,intermediate
ive-got-it-under-control,s-everyday-conversations,I've got it under control.,අයිව් ගොට් ඉට් අන්ඩර් කන්ට්‍රෝල්.,මම ඒක හොඳට පාලනය කරගෙන ඉන්නේ.,beginner
ill-handle-it-from-here,s-everyday-conversations,I'll handle it from here.,අයිල් හැන්ඩල් ඉට් ෆ්‍රම් හියර්.,මෙතනින් ඉදිරියට මම ඒක බලාගන්නම්.,beginner
ill-see-what-i-can-do,s-everyday-conversations,I'll see what I can do.,අයිල් සී වට් අයි කැන් ඩූ.,මට කරන්න පුළුවන් දේ බලන්නම්.,intermediate
ill-do-my-best-to-make,s-work-office,I'll do my best to make it work.,අයිල් ඩූ මයි බෙස්ට් ටු මේක් ඉට් වර්ක්.,මේක හරි යන්න මට පුළුවන් උපරිමයෙන් කරන්නම්.,intermediate
i-can-work-around-that,s-work-office,I can work around that.,අයි කැන් වර්ක් අරවුන්ඩ් දැට්.,ඒ බාධාවත් එක්කම මට ක්‍රමයක් හොයාගෙන වැඩ කරන්න පුළුවන්.,beginner
ill-find-a-way-to-manage,s-everyday-conversations,I'll find a way to manage.,අයිල් ෆයින්ඩ් අ වේ ටු මැනිජ්.,මම කොහොමහරි ඒක කරගන්න ක්‍රමයක් හොයාගන්නම්.,intermediate
im-used-to-dealing-with-things,s-everyday-conversations,I'm used to dealing with things like this.,අයිම් යූස්ට් ටු ඩීලින් විත් තිංස් ලයික් දිස්.,මේ වගේ දේවල් හසුරුවන්න මට පුරුදුයි.,intermediate
im-confident-we-can-sort-it,s-everyday-conversations,I'm confident we can sort it out.,අයිම් කන්ෆිඩන්ට් වී කැන් සෝර්ට් ඉට් අවුට්.,අපිට මේක විසඳගන්න පුළුවන් කියලා මට විශ්වාසයි.,intermediate
let-me-check-before-i-give,s-everyday-conversations,Let me check before I give you an answer.,ලෙට් මී චෙක් බිෆෝර් අයි ගිව් යූ ඇන් ආන්සර්.,උත්තරයක් දෙන්න කලින් මම බලලා කියන්නම්.,intermediate
i-dont-want-to-give-you,s-problems-complaints,I don't want to give you the wrong information.,අයි ඩෝන්ට් වොන්ට් ටු ගිව් යූ ද රොං ඉන්ෆර්මේෂන්.,වැරදි තොරතුරක් දෙන්න මට ඕන නැහැ.,intermediate
as-far-as-i-know-thats,s-everyday-conversations,"As far as I know, that's correct.","ඇස් ෆාර් ඇස් අයි නෝ, දැට්ස් කරෙක්ට්.",මම දන්න තරමින් ඒක හරි.,intermediate
i-could-be-wrong-but-i,s-problems-complaints,"I could be wrong, but I think that's how it works.","අයි කුඩ් බී රොං, බට් අයි තිංක් දැට්ස් හව් ඉට් වර්ක්ස්.","මම වැරදි වෙන්න පුළුවන්, හැබැයි මට හිතෙන්නේ ඒක වැඩ කරන්නේ එහෙමයි.",advanced
ill-double-check-and-get-back,s-everyday-conversations,I'll double-check and get back to you.,අයිල් ඩබල් චෙක් ඇන්ඩ් ගෙට් බැක් ටු යූ.,මම ආයෙත් හොඳට බලලා ඔයාට කියන්නම්.,intermediate
id-rather-make-sure-first,s-everyday-conversations,I'd rather make sure first.,අයිඩ් රාදර් මේක් ෂුවර් ෆර්ස්ට්.,මුලින්ම හරියටම තහවුරු කරගන්න මම කැමතියි.,beginner
i-dont-want-to-assume-anything,s-everyday-conversations,I don't want to assume anything.,අයි ඩෝන්ට් වොන්ට් ටු අසූම් එනිතිං.,කිසි දෙයක් හිතලාම තීරණය කරන්න මට ඕන නැහැ.,intermediate
lets-make-sure-were-on-the,s-everyday-conversations,Let's make sure we're on the same page.,ලෙට්ස් මේක් ෂුවර් වීර් ඔන් ද සේම් පේජ්.,අපි දෙන්නම එකම දේ තේරුම්ගෙන ඉන්නවද කියලා බලමු.,intermediate
just-so-i-understand-you-correctly,s-everyday-conversations,"Just so I understand you correctly, what do you mean?","ජස්ට් සෝ අයි අන්ඩර්ස්ටෑන්ඩ් යූ කරෙක්ට්ලි, වට් ඩූ යූ මීන්?","මම ඔයා කියන දේ හරියට තේරුම්ගන්න, ඔයා අදහස් කරන්නේ මොකක්ද?",intermediate
correct-me-if-ive-misunderstood-you,s-everyday-conversations,Correct me if I've misunderstood you.,කරෙක්ට් මී ඉෆ් අයිව් මිස්අන්ඩර්ස්ටුඩ් යූ.,මම වැරදි විදිහට තේරුම්ගෙන නම් මාව නිවැරදි කරන්න.,intermediate
i-appreciate-you-being-straightforward-with,s-thanking,I appreciate you being straightforward with me.,අයි අප්‍රීෂියේට් යූ බීයිං ස්ට්‍රේට්ෆෝවර්ඩ් විත් මී.,ඔයා මට කෙළින්ම කතා කරන එක මම අගය කරනවා.,intermediate
thanks-for-being-open-about-it,s-thanking,Thanks for being open about it.,තෑන්ක්ස් ෆෝර් බීයිං ඕපන් අබවුට් ඉට්.,ඒ ගැන විවෘතව කතා කළාට ස්තුතියි.,intermediate
i-appreciate-you-telling-me-directly,s-thanking,I appreciate you telling me directly.,අයි අප්‍රීෂියේට් යූ ටෙලින් මී ඩිරෙක්ට්ලි.,මට කෙළින්ම කියපු එක මම අගය කරනවා.,intermediate
im-glad-we-can-talk-openly,s-feelings-emotions,I'm glad we can talk openly.,අයිම් ග්ලැඩ් වී කැන් ටෝක් ඕපන්ලි.,අපිට විවෘතව කතා කරන්න පුළුවන් එක ගැන මට සතුටුයි.,intermediate
id-rather-hear-the-truth,s-everyday-conversations,I'd rather hear the truth.,අයිඩ් රාදර් හියර් ද ට්‍රූත්.,මම කැමතියි ඇත්තම අහන්න.,beginner
you-can-be-completely-honest-with,s-everyday-conversations,You can be completely honest with me.,යූ කැන් බී කම්ප්ලීට්ලි ඔනස්ට් විත් මී.,මට සම්පූර්ණ ඇත්තම කියන්න පුළුවන්.,intermediate
you-dont-have-to-sugarcoat-it,s-everyday-conversations,You don't have to sugarcoat it.,යූ ඩෝන්ට් හැව් ටු ෂුගර්කෝට් ඉට්.,ඒක ලස්සන කරලා මෘදු කරලා කියන්න ඕන නැහැ.,intermediate
i-can-take-honest-feedback,s-everyday-conversations,I can take honest feedback.,අයි කැන් ටේක් ඔනස්ට් ෆීඩ්බැක්.,අවංකව දෙන අදහස් හෝ අඩුපාඩු මට භාරගන්න පුළුවන්.,beginner
id-rather-know-what-i-can,s-everyday-conversations,I'd rather know what I can improve.,අයිඩ් රාදර් නෝ වට් අයි කැන් ඉම්ප්‍රූව්.,මට හදාගන්න පුළුවන් දේවල් මොනවද කියලා දැනගන්න මම කැමතියි.,intermediate
tell-me-if-theres-something-im,s-everyday-conversations,Tell me if there's something I'm missing.,ටෙල් මී ඉෆ් දෙයාර්ස් සම්තිං අයිම් මිසින්.,මට නොපෙනෙන දෙයක් තියෙනවා නම් කියන්න.,intermediate
i-appreciate-a-different-perspective,s-thanking,I appreciate a different perspective.,අයි අප්‍රීෂියේට් අ ඩිෆරන්ට් පර්ස්පෙක්ටිව්.,වෙනස් විදිහකට බලන අදහසක් මම අගය කරනවා.,beginner
youve-given-me-a-new-perspective,s-giving-opinions,You've given me a new perspective.,යූව් ගිවන් මී අ නිව් පර්ස්පෙක්ටිව්.,ඔයා මට මේක බලන්න අලුත් විදිහක් පෙන්නුවා.,intermediate
i-never-looked-at-it-from,s-everyday-conversations,I never looked at it from that angle.,අයි නෙවර් ලුක්ට් ඇට් ඉට් ෆ්‍රම් දැට් ඇංගල්.,මම කවදාවත් ඒ පැත්තෙන් ඒක බැලුවේ නැහැ.,intermediate
that-changes-the-way-i-see,s-everyday-conversations,That changes the way I see it.,දැට් චේන්ජස් ද වේ අයි සී ඉට්.,ඒක නිසා මම ඒක දකින විදිහ වෙනස් වෙනවා.,intermediate
thats-worth-keeping-in-mind,s-everyday-conversations,That's worth keeping in mind.,දැට්ස් වර්ත් කීපින් ඉන් මයින්ඩ්.,ඒක මතක තියාගන්න වටින දෙයක්.,beginner
ill-definitely-keep-that-in-mind,s-everyday-conversations,I'll definitely keep that in mind.,අයිල් ඩෙෆිනිට්ලි කීප් දැට් ඉන් මයින්ඩ්.,මම ඒක අනිවාර්යයෙන්ම මතක තියාගන්නම්.,intermediate
thats-useful-to-know,s-everyday-conversations,That's useful to know.,දැට්ස් යූස්ෆුල් ටු නෝ.,ඒක දැනගෙන ඉන්න එක ප්‍රයෝජනවත්.,beginner
im-glad-you-mentioned-that,s-feelings-emotions,I'm glad you mentioned that.,අයිම් ග්ලැඩ් යූ මෙන්ෂන්ඩ් දැට්.,ඔයා ඒක සඳහන් කළ එක හොඳයි.,beginner
that-clears-up-a-lot,s-everyday-conversations,That clears up a lot.,දැට් ක්ලියර්ස් අප් අ ලොට්.,ඒකෙන් ගොඩක් දේවල් පැහැදිලි වෙනවා.,beginner
i-dont-want-there-to-be,s-everyday-conversations,I don't want there to be any misunderstanding.,අයි ඩෝන්ට් වොන්ට් දෙයාර් ටු බී එනි මිස්අන්ඩර්ස්ටෑන්ඩින්.,කිසිම වැරදි අවබෝධයක් ඇති වෙන්න මට ඕන නැහැ.,intermediate
id-rather-talk-about-it-directly,s-everyday-conversations,I'd rather talk about it directly.,අයිඩ් රාදර් ටෝක් අබවුට් ඉට් ඩිරෙක්ට්ලි.,ඒ ගැන කෙළින්ම කතා කරන්න මම කැමතියි.,intermediate
we-can-talk-this-through-calmly,s-everyday-conversations,We can talk this through calmly.,වී කැන් ටෝක් දිස් ත්‍රූ කාම්ලි.,අපිට මේක සන්සුන්ව කතා කරලා විසඳගන්න පුළුවන්.,intermediate
theres-no-reason-for-this-to,s-everyday-conversations,There's no reason for this to become an argument.,දෙයාර්ස් නෝ රීසන් ෆෝර් දිස් ටු බිකම් ඇන් ආගියුමන්ට්.,මේක වාදයක් කරගන්න කිසිම හේතුවක් නැහැ.,intermediate
im-not-looking-for-an-argument,s-everyday-conversations,I'm not looking for an argument.,අයිම් නොට් ලුකින් ෆෝර් ඇන් ආගියුමන්ට්.,මට වාද කරන්න ඕන නැහැ.,intermediate
i-just-want-us-to-understand,s-everyday-conversations,I just want us to understand each other.,අයි ජස්ට් වොන්ට් අස් ටු අන්ඩර්ස්ටෑන්ඩ් ඊච් අදර්.,මට ඕන අපි දෙන්නම එකිනෙකා තේරුම්ගන්න එක.,intermediate
i-dont-want-to-make-a-4,s-business,I don't want to make a big deal out of it.,අයි ඩෝන්ට් වොන්ට් ටු මේක් අ බිග් ඩීල් අවුට් අව් ඉට්.,මේක ලොකු ප්‍රශ්නයක් කරගන්න මට ඕන නැහැ.,advanced
id-rather-move-past-it,s-everyday-conversations,I'd rather move past it.,අයිඩ් රාදර් මූව් පාස්ට් ඉට්.,ඒක අතහැරලා ඉදිරියට යන්න මම කැමතියි.,beginner
lets-not-let-this-ruin-the,s-feelings-emotions,Let's not let this ruin the mood.,ලෙට්ස් නොට් ලෙට් දිස් රූඉන් ද මූඩ්.,මේක නිසා අපේ හොඳ වාතාවරණය නැති කරගන්න එපා.,intermediate
were-probably-making-this-bigger-than,s-everyday-conversations,We're probably making this bigger than it is.,වීර් ප්‍රොබබ්ලි මේකින් දිස් බිගර් දැන් ඉට් ඉස්.,ඇත්තට වඩා අපි මේක ලොකු ප්‍රශ්නයක් කරගෙන ඇති.,intermediate
its-really-not-that-serious,s-everyday-conversations,It's really not that serious.,ඉට්ස් රියලි නොට් දැට් සීරියස්.,ඇත්තටම ඒක එච්චර බරපතළ දෙයක් නෙවෙයි.,beginner
im-not-upset-about-it,s-feelings-emotions,I'm not upset about it.,අයිම් නොට් අප්සෙට් අබවුට් ඉට්.,ඒ ගැන මට කේන්තියක් හෝ දුකක් නැහැ.,beginner
im-not-holding-it-against-you,s-everyday-conversations,I'm not holding it against you.,අයිම් නොට් හෝල්ඩින් ඉට් අගේන්ස්ට් යූ.,ඒ දේ නිසා මම ඔයා ගැන තරහ තියාගෙන ඉන්නේ නැහැ.,intermediate
lets-just-call-it-a-misunderstanding,s-everyday-conversations,Let's just call it a misunderstanding.,ලෙට්ස් ජස්ට් කෝල් ඉට් අ මිස්අන්ඩර්ස්ටෑන්ඩින්.,ඒක වැරදි අවබෝධයක් කියලා හිතලා නවත්වමු.,intermediate
im-happy-to-leave-it-there,s-feelings-emotions,I'm happy to leave it there.,අයිම් හැපි ටු ලීව් ඉට් දෙයාර්.,ඒ කතාව එතනින් නවත්වන්න මට ප්‍රශ්නයක් නැහැ.,intermediate
no-hard-feelings-on-my-side,s-everyday-conversations,No hard feelings on my side.,නෝ හාඩ් ෆීලින්ස් ඔන් මයි සයිඩ්.,මගේ පැත්තෙන් කිසිම තරහක් නැහැ.,intermediate
were-good-as-far-as-im,s-everyday-conversations,We're good as far as I'm concerned.,වීර් ගුඩ් ඇස් ෆාර් ඇස් අයිම් කන්සර්න්ඩ්.,මගේ පැත්තෙන් නම් අපි අතර ප්‍රශ්නයක් නැහැ.,intermediate
im-glad-we-cleared-that-up,s-feelings-emotions,I'm glad we cleared that up.,අයිම් ග්ලැඩ් වී ක්ලියර්ඩ් දැට් අප්.,අපි ඒ වැරදි අවබෝධය පැහැදිලි කරගත්ත එක හොඳයි.,intermediate
i-think-we-understand-each-other,s-everyday-conversations,I think we understand each other better now.,අයි තිංක් වී අන්ඩර්ස්ටෑන්ඩ් ඊච් අදර් බෙටර් නව්.,දැන් අපි දෙන්නට එකිනෙකා තව හොඳට තේරෙනවා කියලා මට හිතෙනවා.,intermediate
lets-start-fresh-from-here,s-everyday-conversations,Let's start fresh from here.,ලෙට්ස් ස්ටාර්ට් ෆ්‍රෙෂ් ෆ්‍රම් හියර්.,මෙතනින් අලුතින් පටන්ගමු.,beginner
im-really-enjoying-this-conversation,s-everyday-conversations,I'm really enjoying this conversation.,අයිම් රියලි එන්ජෝයිං දිස් කොන්වර්සේෂන්.,මේ කතාබහ මට ඇත්තටම හොඳට රසයි.,beginner
youre-easy-to-talk-to,s-everyday-conversations,You're easy to talk to.,යුවර් ඊසි ටු ටෝක් ටු.,ඔයා එක්ක කතා කරන්න හරි පහසුයි.,beginner
i-like-the-way-you-explain,s-everyday-conversations,I like the way you explain things.,අයි ලයික් ද වේ යූ එක්ස්ප්ලේන් තිංස්.,ඔයා දේවල් පැහැදිලි කරන විදිහට මම කැමතියි.,intermediate
you-always-have-an-interesting-take,s-everyday-conversations,You always have an interesting take on things.,යූ ඕල්වේස් හැව් ඇන් ඉන්ට්‍රස්ටින් ටේක් ඔන් තිංස්.,දේවල් ගැන ඔයාට හැම වෙලාවෙම රසවත් අදහසක් තියෙනවා.,intermediate
i-like-hearing-how-other-people,s-everyday-conversations,I like hearing how other people see things.,අයි ලයික් හියරින් හව් අදර් පීපල් සී තිංස්.,වෙන අය දේවල් දකින විදිහ අහන්න මම කැමතියි.,intermediate
its-nice-talking-to-someone-who,s-everyday-conversations,It's nice talking to someone who gets it.,ඉට්ස් නයිස් ටෝකින් ටු සමවන් හූ ගෙට්ස් ඉට්.,මේක තේරුම්ගන්න කෙනෙක් එක්ක කතා කරන එක හොඳයි.,intermediate
i-could-talk-about-this-for,s-everyday-conversations,I could talk about this for hours.,අයි කුඩ් ටෝක් අබවුට් දිස් ෆෝර් අවර්ස්.,මේ ගැන නම් මට පැය ගණන් කතා කරන්න පුළුවන්.,intermediate
this-is-actually-really-interesting,s-everyday-conversations,This is actually really interesting.,දිස් ඉස් ඇක්චුවලි රියලි ඉන්ට්‍රස්ටින්.,මේක ඇත්තටම හරි රසවත්.,beginner
now-youve-got-me-curious,s-everyday-conversations,Now you've got me curious.,නව් යූව් ගොට් මී කියුරියස්.,දැන් ඔයා නිසා මටත් ඒ ගැන දැනගන්න ආසාවක් ආවා.,beginner
youve-got-my-attention-now,s-everyday-conversations,You've got my attention now.,යූව් ගොට් මයි අටෙන්ෂන් නව්.,දැන් ඔයා කියන දේට මගේ සම්පූර්ණ අවධානය තියෙනවා.,beginner
go-on-im-listening,s-everyday-conversations,"Go on, I'm listening.","ගෝ ඔන්, අයිම් ලිසනින්.","කියගෙන යන්න, මම අහගෙන ඉන්නේ.",beginner
dont-stop-there-what-happened-next,s-transportation,Don't stop there; what happened next?,ඩෝන්ට් ස්ටොප් දෙයාර්; වට් හැපන්ඩ් නෙක්ස්ට්?,එතනින් නවත්වන්න එපා; ඊළඟට මොකද වුණේ?,intermediate
that-sounds-like-quite-a-story,s-everyday-conversations,That sounds like quite a story.,දැට් සවුන්ඩ්ස් ලයික් ක්වයිට් අ ස්ටෝරි.,ඒක නම් හොඳ කතාවක් වගේ.,intermediate
i-bet-you-didnt-expect-that,s-everyday-conversations,I bet you didn't expect that.,අයි බෙට් යූ ඩිඩන්ට් එක්ස්පෙක්ට් දැට්.,ඔයා ඒක බලාපොරොත්තු වෙන්න නැතුව ඇති කියලා මට හිතෙනවා.,intermediate
that-must-have-caught-you-off,s-phrasal-verbs,That must have caught you off guard.,දැට් මස්ට් හැව් කෝට් යූ ඔෆ් ගාඩ්.,ඒක හදිසියේම වෙලා ඔයාව පුදුම කරන්න ඇති.,intermediate
i-can-imagine-how-awkward-that,s-everyday-conversations,I can imagine how awkward that was.,අයි කැන් ඉමැජින් හව් ඕක්වර්ඩ් දැට් වස්.,ඒ වෙලාව කොච්චර අපහසු වෙන්න ඇතිද කියලා මට හිතාගන්න පුළුවන්.,intermediate
i-can-imagine-how-frustrating-that,s-everyday-conversations,I can imagine how frustrating that was.,අයි කැන් ඉමැජින් හව් ෆ්‍රස්ට්‍රේටින් දැට් වස්.,ඒක කොච්චර එපා කරවන දෙයක් වෙන්න ඇතිද කියලා මට හිතාගන්න පුළුවන්.,intermediate
you-handled-that-better-than-i,s-everyday-conversations,You handled that better than I would have.,යූ හැන්ඩල්ඩ් දැට් බෙටර් දැන් අයි වුඩ් හැව්.,මම කරනවට වඩා ඔයා ඒක හොඳට හසුරුවලා.,intermediate
i-probably-wouldve-panicked,s-everyday-conversations,I probably would've panicked.,අයි ප්‍රොබබ්ලි වුඩව් පැනික්ට්.,මම නම් බොහෝවිට කලබල වෙන්න තිබුණා.,beginner
at-least-it-worked-out-in,s-everyday-conversations,At least it worked out in the end.,ඇට් ලීස්ට් ඉට් වර්ක්ට් අවුට් ඉන් දි එන්ඩ්.,අඩුම තරමේ අන්තිමට ඒක හොඳින් විසඳුණානේ.,intermediate
im-usually-pretty-easygoing,s-everyday-conversations,I'm usually pretty easygoing.,අයිම් යූෂුවලි ප්‍රිටි ඊසිගෝයිං.,සාමාන්‍යයෙන් මම දේවල් සැහැල්ලුවෙන් ගන්න කෙනෙක්.,beginner
i-dont-get-worked-up-easily,s-everyday-conversations,I don't get worked up easily.,අයි ඩෝන්ට් ගෙට් වර්ක්ට් අප් ඊසිලි.,මම ලේසියෙන් කලබල වෙන්නේ නැහැ.,intermediate
i-try-to-stay-calm-under,s-everyday-conversations,I try to stay calm under pressure.,අයි ට්‍රයි ටු ස්ටේ කාම් අන්ඩර් ප්‍රෙෂර්.,පීඩනය තියෙන වෙලාවකත් සන්සුන්ව ඉන්න මම උත්සාහ කරනවා.,intermediate
i-like-to-think-before-i,s-everyday-conversations,I like to think before I react.,අයි ලයික් ටු තිංක් බිෆෝර් අයි රියැක්ට්.,ප්‍රතිචාර දක්වන්න කලින් ටිකක් හිතන්න මම කැමතියි.,intermediate
i-dont-like-making-decisions-when,s-feelings-emotions,I don't like making decisions when I'm angry.,අයි ඩෝන්ට් ලයික් මේකින් ඩිසිෂන්ස් වෙන් අයිම් ඇන්ග්‍රි.,මට තරහ ගිහින් ඉන්න වෙලාවට තීරණ ගන්න මම කැමති නැහැ.,intermediate
i-usually-sleep-on-big-decisions,s-home,I usually sleep on big decisions.,අයි යූෂුවලි ස්ලීප් ඔන් බිග් ඩිසිෂන්ස්.,ලොකු තීරණයක් ගන්න කලින් මම සාමාන්‍යයෙන් දවසක් වගේ හිතලා බලනවා.,intermediate
i-trust-my-instincts-most-of,s-everyday-conversations,I trust my instincts most of the time.,අයි ට්‍රස්ට් මයි ඉන්ස්ටිංක්ට්ස් මෝස්ට් අව් ද ටයිම්.,බොහෝ වෙලාවට මම මගේ ඇතුළතින් එන හැඟීම විශ්වාස කරනවා.,intermediate
i-like-knowing-what-im-getting,s-everyday-conversations,I like knowing what I'm getting into.,අයි ලයික් නෝවින් වට් අයිම් ගෙටින් ඉන්ටු.,දෙයක් පටන්ගන්න කලින් ඒකට මම ඇතුළු වෙන්නේ මොන වගේ දෙයකටද කියලා දැනගන්න මම කැමතියි.,intermediate
im-not-much-of-a-risk,s-everyday-conversations,I'm not much of a risk-taker.,අයිම් නොට් මච් අව් අ රිස්ක් ටේකර්.,මම ලොකු අවදානම් ගන්න කෙනෙක් නෙවෙයි.,intermediate
i-dont-mind-taking-a-chance,s-everyday-conversations,I don't mind taking a chance once in a while.,අයි ඩෝන්ට් මයින්ඩ් ටේකින් අ චාන්ස් වන්ස් ඉන් අ වයිල්.,ඉඳහිට අවදානමක් අරගෙන බලන්න මට ප්‍රශ්නයක් නැහැ.,intermediate
im-more-flexible-than-i-used,s-everyday-conversations,I'm more flexible than I used to be.,අයිම් මෝර් ෆ්ලෙක්සිබල් දැන් අයි යූස්ට් ටු බී.,කලින්ට වඩා දැන් මම තත්ත්වයට ගැළපෙන විදිහට වෙනස් වෙන්න කැමතියි.,intermediate
i-dont-need-everything-to-go,s-everyday-conversations,I don't need everything to go perfectly.,අයි ඩෝන්ට් නීඩ් එව්රිතිං ටු ගෝ පර්ෆෙක්ට්ලි.,හැම දෙයක්ම සම්පූර්ණයෙන්ම හරි යන්න ඕන කියලා මට අවශ්‍ය නැහැ.,intermediate
ive-learned-to-go-with-the,s-everyday-conversations,I've learned to go with the flow.,අයිව් ලර්න්ඩ් ටු ගෝ විත් ද ෆ්ලෝ.,තත්ත්වයට අනුව සැහැල්ලුවෙන් ඉදිරියට යන්න මම ඉගෙනගෙන තියෙනවා.,intermediate
i-try-not-to-worry-about,s-banking-money,I try not to worry about things I can't change.,අයි ට්‍රයි නොට් ටු වරි අබවුට් තිංස් අයි කෑන්ට් චේන්ජ්.,මට වෙනස් කරන්න බැරි දේවල් ගැන කනස්සලු නොවී ඉන්න මම උත්සාහ කරනවා.,intermediate
id-rather-solve-the-problem-than,s-problems-complaints,I'd rather solve the problem than complain about it.,අයිඩ් රාදර් සෝල්ව් ද ප්‍රොබ්ලම් දැන් කම්ප්ලේන් අබවුට් ඉට්.,ඒ ගැන පැමිණිලි කරනවට වඩා ප්‍රශ්නය විසඳන්න මම කැමතියි.,intermediate
i-try-to-look-for-the,s-everyday-conversations,I try to look for the practical solution.,අයි ට්‍රයි ටු ලුක් ෆෝර් ද ප්‍රැක්ටිකල් සලූෂන්.,කරන්න පුළුවන් සැබෑ විසඳුමක් හොයන්න මම උත්සාහ කරනවා.,intermediate
i-dont-like-wasting-time-on,s-everyday-conversations,I don't like wasting time on things that don't matter.,අයි ඩෝන්ට් ලයික් වේස්ටින් ටයිම් ඔන් තිංස් දැට් ඩෝන්ට් මැටර්.,වැදගත් නැති දේවල් වෙනුවෙන් කාලය නාස්ති කරන්න මම කැමති නැහැ.,intermediate
i-prefer-to-keep-things-straightforward,s-everyday-conversations,I prefer to keep things straightforward.,අයි ප්‍රිෆර් ටු කීප් තිංස් ස්ට්‍රේට්ෆෝවර්ඩ්.,දේවල් පැහැදිලිව සහ සරලව තියාගන්න මම කැමතියි.,intermediate
i-say-what-i-mean,s-everyday-conversations,I say what I mean.,අයි සේ වට් අයි මීන්.,මම අදහස් කරන දේම කෙළින්ම කියනවා.,beginner
id-rather-be-clear-than-leave,s-everyday-conversations,I'd rather be clear than leave people guessing.,අයිඩ් රාදර් බී ක්ලියර් දැන් ලීව් පීපල් ගෙසින්.,අනිත් අයව අනුමාන කරන්න දානවට වඩා පැහැදිලිව කතා කරන්න මම කැමතියි.,intermediate
im-trying-to-get-better-at-4,s-everyday-conversations,I'm trying to get better at expressing myself.,අයිම් ට්‍රයිං ටු ගෙට් බෙටර් ඇට් එක්ස්ප්‍රෙසින් මයිසෙල්ෆ්.,මගේ අදහස් හොඳට ප්‍රකාශ කරන්න මම තව හොඳ වෙන්න උත්සාහ කරනවා.,intermediate
sometimes-i-know-what-i-mean,s-everyday-conversations,Sometimes I know what I mean but can't find the right words.,සම්ටයිම්ස් අයි නෝ වට් අයි මීන් බට් කෑන්ට් ෆයින්ඩ් ද රයිට් වර්ඩ්ස්.,"සමහර වෙලාවට මට කියන්න ඕන දේ දන්නවා, හැබැයි හරි වචන ටික හොයාගන්න බැහැ.",advanced
give-me-a-moment-ill-find,s-everyday-conversations,Give me a moment; I'll find the word.,ගිව් මී අ මෝමන්ට්; අයිල් ෆයින්ඩ් ද වර්ඩ්.,මට පොඩි වෙලාවක් දෙන්න; හරි වචනය මතක් කරගන්නම්.,intermediate
i-know-what-i-want-to,s-everyday-conversations,I know what I want to say; I'm just putting it into words.,අයි නෝ වට් අයි වොන්ට් ටු සේ; අයිම් ජස්ට් පුටින් ඉට් ඉන්ටු වර්ඩ්ස්.,මට කියන්න ඕන දේ දන්නවා; ඒක වචනවලට ගන්න ටිකක් වෙලා යනවා.,advanced
i-might-not-say-it-perfectly,s-everyday-conversations,"I might not say it perfectly, but you'll get the idea.","අයි මයිට් නොට් සේ ඉට් පර්ෆෙක්ට්ලි, බට් යූල් ගෙට් දි අයිඩියා.","මම සම්පූර්ණයෙන්ම හරියට නොකියන්න පුළුවන්, හැබැයි ඔයාට අදහස තේරෙයි.",advanced
im-still-working-on-how-to,s-everyday-conversations,I'm still working on how to explain it.,අයිම් ස්ටිල් වර්කින් ඔන් හව් ටු එක්ස්ප්ලේන් ඉට්.,ඒක පැහැදිලිව කියන්නේ කොහොමද කියලා මම තාම හිතනවා.,intermediate
bear-with-me-while-i-explain,s-everyday-conversations,Bear with me while I explain this.,බෙයාර් විත් මී වයිල් අයි එක්ස්ප්ලේන් දිස්.,මම මේක පැහැදිලි කරනකම් ටිකක් ඉවසන්න.,intermediate
ill-try-to-keep-this-brief,s-everyday-conversations,I'll try to keep this brief.,අයිල් ට්‍රයි ටු කීප් දිස් බ්‍රීෆ්.,මේක කෙටියෙන් කියන්න මම උත්සාහ කරන්නම්.,intermediate
ill-get-straight-to-the-point,s-everyday-conversations,I'll get straight to the point.,අයිල් ගෙට් ස්ට්‍රේට් ටු ද පොයින්ට්.,මම කෙළින්ම වැදගත් දේට එන්නම්.,intermediate
the-main-thing-is-we-need,s-making-plans,"The main thing is, we need a clear plan.","ද මේන් තිං ඉස්, වී නීඩ් අ ක්ලියර් ප්ලෑන්.",ප්‍රධානම දේ තමයි අපිට පැහැදිලි සැලැස්මක් ඕන.,intermediate
heres-how-i-see-the-situation,s-everyday-conversations,Here's how I see the situation.,හියර්ස් හව් අයි සී ද සිටුවේෂන්.,මේ තත්ත්වය මම දකින විදිහ මෙන්න.,intermediate
from-my-point-of-view-thats,s-giving-opinions,"From my point of view, that's the simplest approach.","ෆ්‍රම් මයි පොයින්ට් අව් වීව්, දැට්ස් ද සිම්පලස්ට් අප්‍රෝච්.",මගේ පැත්තෙන් බලද්දි ඒක තමයි සරලම ක්‍රමය.,intermediate
if-you-ask-me-were-overcomplicating,s-everyday-conversations,"If you ask me, we're overcomplicating it.","ඉෆ් යූ ආස්ක් මී, වීර් ඕවර්කම්ප්ලිකේටින් ඉට්.",මගෙන් ඇහුවොත් අපි මේක ඕනෑවට වඩා සංකීර්ණ කරගෙන.,intermediate
personally-id-keep-it-simple,s-everyday-conversations,"Personally, I'd keep it simple.","පර්සනලි, අයිඩ් කීප් ඉට් සිම්පල්.",මම නම් මේක සරලව තියාගන්නවා.,beginner
if-it-were-up-to-me,s-everyday-conversations,"If it were up to me, I'd wait a little longer.","ඉෆ් ඉට් වර් අප් ටු මී, අයිඩ් වේට් අ ලිට්ල් ලෝන්ගර්.",තීරණය මට තිබුණා නම් මම තව ටිකක් බලාගෙන ඉන්නවා.,advanced
if-i-were-in-your-position,s-job-interviews,"If I were in your position, I'd think it over first.","ඉෆ් අයි වර් ඉන් යුවර් පොසිෂන්, අයිඩ් තිංක් ඉට් ඕවර් ෆර්ස්ට්.",මම ඔයාගේ තැන හිටියා නම් මුලින් හොඳට හිතලා බලනවා.,advanced
it-might-be-worth-giving-it,s-everyday-conversations,It might be worth giving it another try.,ඉට් මයිට් බී වර්ත් ගිවින් ඉට් අනදර් ට්‍රයි.,ඒක තව වතාවක් කරලා බලන එක වටිනවා ඇති.,intermediate
you-might-want-to-think-about,s-everyday-conversations,You might want to think about that first.,යූ මයිට් වොන්ට් ටු තිංක් අබවුට් දැට් ෆර්ස්ට්.,ඒ ගැන මුලින් ටිකක් හිතලා බලන එක හොඳ වෙයි.,intermediate
it-wouldnt-hurt-to-ask,s-doctor-health,It wouldn't hurt to ask.,ඉට් වුඩන්ට් හර්ට් ටු ආස්ක්.,අහලා බලන එකෙන් පාඩුවක් නැහැ.,beginner
you-never-know-unless-you-try,s-everyday-conversations,You never know unless you try.,යූ නෙවර් නෝ අන්ලෙස් යූ ට්‍රයි.,කරලා බලන්නේ නැතිව ඒක කොහොම වෙයිද දැනගන්න බැහැ.,intermediate
the-worst-they-can-do-is,s-everyday-conversations,The worst they can do is say no.,ද වර්ස්ට් දේ කැන් ඩූ ඉස් සේ නෝ.,වෙන්න පුළුවන් නරකම දේ ඔවුන් බැහැ කියන එක විතරයි.,intermediate
youve-got-nothing-to-lose-by,s-everyday-conversations,You've got nothing to lose by asking.,යූව් ගොට් නතිං ටු ලූස් බයි ආස්කින්.,අහලා බැලුවා කියලා ඔයාට නැති වෙන්න දෙයක් නැහැ.,intermediate
id-give-it-some-time-before,s-everyday-conversations,I'd give it some time before deciding.,අයිඩ් ගිව් ඉට් සම් ටයිම් බිෆෝර් ඩිසයිඩින්.,තීරණය කරන්න කලින් මම ඒකට ටිකක් කාලය දෙනවා.,intermediate
i-wouldnt-make-a-decision-based,s-job-interviews,I wouldn't make a decision based on one bad experience.,අයි වුඩන්ට් මේක් අ ඩිසිෂන් බේස්ට් ඔන් වන් බැඩ් එක්ස්පීරියන්ස්.,එක නරක අත්දැකීමක් විතරක් මත තීරණයක් ගන්න මම කැමති නැහැ.,intermediate
things-can-look-different-after-a,s-everyday-conversations,Things can look different after a little time.,තිංස් කැන් ලුක් ඩිෆරන්ට් ආෆ්ටර් අ ලිට්ල් ටයිම්.,ටික කාලයක් ගියාම දේවල් වෙනස් විදිහට පේන්න පුළුවන්.,intermediate
you-may-feel-differently-tomorrow,s-making-plans,You may feel differently tomorrow.,යූ මේ ෆීල් ඩිෆරන්ට්ලි ටුමොරෝ.,හෙට වෙනකොට ඔයාට ඒ ගැන වෙනස් විදිහට හිතෙන්න පුළුවන්.,beginner
sometimes-stepping-away-helps,s-everyday-conversations,Sometimes stepping away helps.,සම්ටයිම්ස් ස්ටෙපින් අවේ හෙල්ප්ස්.,සමහර වෙලාවට ටිකක් ඈත් වෙලා ඉන්න එක උදව් වෙනවා.,beginner
a-little-distance-can-give-you,s-giving-opinions,A little distance can give you perspective.,අ ලිට්ල් ඩිස්ටන්ස් කැන් ගිව් යූ පර්ස්පෙක්ටිව්.,ටිකක් ඈත් වෙලා බලද්දි දේවල් පැහැදිලිව තේරුම්ගන්න පුළුවන්.,intermediate
im-not-in-any-hurry,s-everyday-conversations,I'm not in any hurry.,අයිම් නොට් ඉන් එනි හරි.,මට කිසිම හදිස්සියක් නැහැ.,beginner
take-your-time-theres-no-rush,s-everyday-conversations,Take your time; there's no rush.,ටේක් යුවර් ටයිම්; දෙයාර්ස් නෝ රෂ්.,හෙමින් කරන්න; හදිස්සියක් නැහැ.,intermediate
whenever-youre-ready-is-fine-with,s-everyday-conversations,Whenever you're ready is fine with me.,වෙනෙවර් යුවර් රෙඩි ඉස් ෆයින් විත් මී.,ඔයා සූදානම් වෙන ඕනෑම වෙලාවක් මට හරි.,intermediate
i-can-work-around-your-schedule,s-work-office,I can work around your schedule.,අයි කැන් වර්ක් අරවුන්ඩ් යුවර් ස්කෙජූල්.,ඔයාගේ වෙලාවට ගැළපෙන විදිහට මට හදාගන්න පුළුවන්.,intermediate
just-tell-me-what-works-best,s-everyday-conversations,Just tell me what works best for you.,ජස්ට් ටෙල් මී වට් වර්ක්ස් බෙස්ට් ෆෝර් යූ.,ඔයාට වඩාත්ම පහසු දේ මට කියන්න.,intermediate
im-flexible-when-it-comes-to,s-everyday-conversations,I'm flexible when it comes to timing.,අයිම් ෆ්ලෙක්සිබල් වෙන් ඉට් කම්ස් ටු ටයිමින්.,වෙලාව ගැන මට වෙනස් කරගෙන ගැළපෙන්න පුළුවන්.,intermediate
we-can-figure-out-a-time,s-phrasal-verbs,We can figure out a time that works for both of us.,වී කැන් ෆිගර් අවුට් අ ටයිම් දැට් වර්ක්ස් ෆෝර් බෝත් අව් අස්.,අපි දෙන්නටම පහසු වෙලාවක් හොයාගන්න පුළුවන්.,advanced
ill-make-time-for-it,s-everyday-conversations,I'll make time for it.,අයිල් මේක් ටයිම් ෆෝර් ඉට්.,ඒකට මම කොහොමහරි වෙලාව හදාගන්නම්.,beginner
ill-let-you-know-as-soon,s-everyday-conversations,I'll let you know as soon as I'm free.,අයිල් ලෙට් යූ නෝ ඇස් සූන් ඇස් අයිම් ෆ්‍රී.,මම නිදහස් වුණ ගමන් ඔයාට කියන්නම්.,intermediate
ill-keep-you-posted,s-everyday-conversations,I'll keep you posted.,අයිල් කීප් යූ පෝස්ටිඩ්.,වෙන දේවල් ගැන මම දිගටම ඔයාට කියන්නම්.,beginner
ill-let-you-know-if-anything,s-everyday-conversations,I'll let you know if anything changes.,අයිල් ලෙට් යූ නෝ ඉෆ් එනිතිං චේන්ජස්.,මොනවා හරි වෙනස් වුණොත් මම ඔයාට කියන්නම්.,intermediate
ill-give-you-a-heads-up,s-everyday-conversations,I'll give you a heads-up beforehand.,අයිල් ගිව් යූ අ හෙඩ්ස් අප් බිෆෝර්හෑන්ඩ්.,කලින්ම මම ඔයාට දැනුම් දෙන්නම්.,intermediate
i-dont-want-to-catch-you,s-everyday-conversations,I don't want to catch you at a bad time.,අයි ඩෝන්ට් වොන්ට් ටු කැච් යූ ඇට් අ බැඩ් ටයිම්.,ඔයාට අපහසු වෙලාවක කතා කරන්න මට ඕන නැහැ.,intermediate
let-me-know-when-you-have,s-everyday-conversations,Let me know when you have a minute.,ලෙට් මී නෝ වෙන් යූ හැව් අ මිනිට්.,ඔයාට පොඩි වෙලාවක් ලැබුණම මට කියන්න.,intermediate
ill-keep-it-short-since-youre,s-everyday-conversations,I'll keep it short since you're busy.,අයිල් කීප් ඉට් ෂෝර්ට් සින්ස් යුවර් බිසි.,ඔයා වැඩක නිසා මම කෙටියෙන් කියන්නම්.,intermediate
i-dont-want-to-take-up,s-everyday-conversations,I don't want to take up too much of your time.,අයි ඩෝන්ට් වොන්ට් ටු ටේක් අප් ටූ මච් අව් යුවර් ටයිම්.,ඔයාගේ වෙලාව වැඩියෙන් ගන්න මට ඕන නැහැ.,advanced
i-just-wanted-to-check-in,s-everyday-conversations,I just wanted to check in with you.,අයි ජස්ට් වොන්ටිඩ් ටු චෙක් ඉන් විත් යූ.,ඔයා කොහොමද කියලා පොඩ්ඩක් බලන්නයි මට ඕන වුණේ.,intermediate
i-thought-id-see-how-you,s-everyday-conversations,I thought I'd see how you were doing.,අයි තෝට් අයිඩ් සී හව් යූ වර් ඩූයිං.,ඔයා කොහොමද ඉන්නේ කියලා බලන්න හිතුණා.,intermediate
its-been-a-while-since-we,s-everyday-conversations,It's been a while since we caught up.,ඉට්ස් බීන් අ වයිල් සින්ස් වී කෝට් අප්.,අපි නිදහසේ කතා කරලා ගොඩක් කල්.,intermediate
we-should-catch-up-properly-sometime,s-everyday-conversations,We should catch up properly sometime.,වී ෂුඩ් කැච් අප් ප්‍රොපර්ලි සම්ටයිම්.,අපි කවදාහරි හොඳට වෙලාව අරගෙන කතා කරමු.,intermediate
id-love-to-hear-what-youve,s-everyday-conversations,I'd love to hear what you've been up to.,අයිඩ් ලව් ටු හියර් වට් යූව් බීන් අප් ටු.,මේ දවස්වල ඔයා මොනවද කරන්නේ කියලා අහන්න මම කැමතියි.,intermediate
sounds-like-youve-had-a-lot,s-everyday-conversations,Sounds like you've had a lot going on.,සවුන්ඩ්ස් ලයික් යූව් හැඩ් අ ලොට් ගෝයිං ඔන්.,ඔයාට මේ දවස්වල ගොඩක් දේවල් වෙලා තියෙනවා වගේ.,intermediate
you-seem-to-have-been-keeping,s-everyday-conversations,You seem to have been keeping busy.,යූ සීම් ටු හැව් බීන් කීපින් බිසි.,ඔයා මේ දවස්වල ගොඩක් වැඩවල නිරත වෙලා වගේ.,intermediate
i-hope-things-have-been-going,s-everyday-conversations,I hope things have been going well for you.,අයි හෝප් තිංස් හැව් බීන් ගෝයිං වෙල් ෆෝර් යූ.,ඔයාගේ දේවල් හොඳින් යනවා ඇති කියලා මම හිතනවා.,intermediate
it-sounds-like-things-are-moving,s-giving-directions,It sounds like things are moving in the right direction.,ඉට් සවුන්ඩ්ස් ලයික් තිංස් ආර් මූවින් ඉන් ද රයිට් ඩිරෙක්ෂන්.,දේවල් හොඳ පැත්තට යනවා වගේ පේනවා.,intermediate
you-seem-much-more-confident-these,s-everyday-conversations,You seem much more confident these days.,යූ සීම් මච් මෝර් කන්ෆිඩන්ට් දීස් ඩේස්.,මේ දවස්වල ඔයාට කලින්ට වඩා ගොඩක් විශ්වාසයක් තියෙනවා වගේ.,intermediate
it-sounds-like-youre-making-good,s-everyday-conversations,It sounds like you're making good progress.,ඉට් සවුන්ඩ්ස් ලයික් යුවර් මේකින් ගුඩ් ප්‍රෝග්‍රෙස්.,ඔයා හොඳ දියුණුවක් ලබනවා වගේ පේනවා.,intermediate
you-should-give-yourself-some-credit,s-everyday-conversations,You should give yourself some credit.,යූ ෂුඩ් ගිව් යුවර්සෙල්ෆ් සම් ක්‍රෙඩිට්.,ඔයා කරපු දේ ගැන ඔයාම ඔයාට වටිනාකමක් දෙන්න ඕන.,intermediate
youve-clearly-put-a-lot-of,s-everyday-conversations,You've clearly put a lot of effort into it.,යූව් ක්ලියර්ලි පුට් අ ලොට් අව් එෆර්ට් ඉන්ටු ඉට්.,ඔයා ඒකට ගොඩක් මහන්සි වෙලා තියෙනවා කියලා පැහැදිලියි.,intermediate
its-paying-off,s-everyday-conversations,It's paying off.,ඉට්ස් පේයිං ඔෆ්.,ඔයා දාපු මහන්සියේ ප්‍රතිඵල දැන් ලැබෙනවා.,beginner
keep-doing-what-youre-doing,s-everyday-conversations,Keep doing what you're doing.,කීප් ඩූයිං වට් යුවර් ඩූයිං.,ඔයා දැන් කරන හොඳ දේ ඒ විදිහටම කරගෙන යන්න.,beginner
youre-definitely-heading-in-the-right,s-giving-directions,You're definitely heading in the right direction.,යුවර් ඩෙෆිනිට්ලි හෙඩින් ඉන් ද රයිට් ඩිරෙක්ෂන්.,ඔයා අනිවාර්යයෙන්ම හරි පැත්තට යනවා.,intermediate
i-wouldnt-worry-too-much-about,s-everyday-conversations,I wouldn't worry too much about that.,අයි වුඩන්ට් වරි ටූ මච් අබවුට් දැට්.,මම නම් ඒ ගැන ඕනෑවට වඩා කනස්සලු වෙන්නේ නැහැ.,intermediate
im-sure-youll-work-it-out,s-work-office,I'm sure you'll work it out.,අයිම් ෂුවර් යූල් වර්ක් ඉට් අවුට්.,ඔයාට ඒක කොහොමහරි විසඳගන්න පුළුවන් කියලා මට විශ්වාසයි.,intermediate
youre-probably-closer-than-you-think,s-everyday-conversations,You're probably closer than you think.,යුවර් ප්‍රොබබ්ලි ක්ලෝසර් දැන් යූ තිංක්.,ඔයා හිතනවට වඩා ඔයාගේ ඉලක්කයට ළඟයි වෙන්න පුළුවන්.,intermediate
dont-underestimate-how-far-youve-come,s-everyday-conversations,Don't underestimate how far you've come.,ඩෝන්ට් අන්ඩර්එස්ටිමේට් හව් ෆාර් යූව් කම්.,ඔයා මේ වෙනකම් ආපු දුර අඩුවෙන් හිතන්න එපා.,intermediate
it-takes-time-to-get-comfortable,s-everyday-conversations,It takes time to get comfortable with something new.,ඉට් ටේක්ස් ටයිම් ටු ගෙට් කම්ෆ්ටබල් විත් සම්තිං නිව්.,අලුත් දෙයකට හුරු වෙන්න ටිකක් කාලය යනවා.,intermediate
you-dont-have-to-get-everything,s-everyday-conversations,You don't have to get everything right the first time.,යූ ඩෝන්ට් හැව් ටු ගෙට් එව්රිතිං රයිට් ද ෆර්ස්ට් ටයිම්.,පළවෙනි වතාවෙම හැම දෙයක්ම හරියට කරන්න ඕන නැහැ.,intermediate
the-more-you-do-it-the,s-everyday-conversations,"The more you do it, the easier it gets.","ද මෝර් යූ ඩූ ඉට්, දි ඊසියර් ඉට් ගෙට්ස්.",වැඩි වැඩියෙන් ඒක කරද්දි ඒක ලේසි වෙනවා.,intermediate
confidence-comes-with-practice,s-everyday-conversations,Confidence comes with practice.,කන්ෆිඩන්ස් කම්ස් විත් ප්‍රැක්ටිස්.,පුහුණුවත් එක්ක තමයි විශ්වාසය එන්නේ.,beginner
im-getting-more-comfortable-speaking-up,s-everyday-conversations,I'm getting more comfortable speaking up.,අයිම් ගෙටින් මෝර් කම්ෆ්ටබල් ස්පීකින් අප්.,මගේ අදහස කෙළින්ම කියන්න මම දැන් තව හුරු වෙමින් ඉන්නවා.,intermediate
im-learning-not-to-second-guess,s-everyday-conversations,I'm learning not to second-guess myself.,අයිම් ලර්නින් නොට් ටු සෙකන්ඩ් ගෙස් මයිසෙල්ෆ්.,මම කියපු හෝ කරපු දේ ගැන නැවත නැවත සැක නොකර ඉන්න ඉගෙනගන්නවා.,intermediate
im-getting-better-at-trusting-myself,s-everyday-conversations,I'm getting better at trusting myself.,අයිම් ගෙටින් බෙටර් ඇට් ට්‍රස්ටින් මයිසෙල්ෆ්.,මාවම විශ්වාස කරන්න මම ටික ටික හොඳ වෙමින් ඉන්නවා.,intermediate
i-dont-need-everyones-approval,s-everyday-conversations,I don't need everyone's approval.,අයි ඩෝන්ට් නීඩ් එව්රිවන්ස් අප්‍රූවල්.,හැම කෙනාම මාව අනුමත කරන්න ඕන කියලා මට අවශ්‍ය නැහැ.,beginner
im-comfortable-standing-by-my-decision,s-everyday-conversations,I'm comfortable standing by my decision.,අයිම් කම්ෆ්ටබල් ස්ටෑන්ඩින් බයි මයි ඩිසිෂන්.,මම ගත්ත තීරණය වෙනුවෙන් විශ්වාසයෙන් ඉන්න මට පුළුවන්.,intermediate
i-know-what-works-for-me,s-everyday-conversations,I know what works for me.,අයි නෝ වට් වර්ක්ස් ෆෝර් මී.,මට ගැළපෙන්නේ මොනවද කියලා මම දන්නවා.,intermediate
im-not-going-to-compare-myself,s-everyday-conversations,I'm not going to compare myself with everyone else.,අයිම් නොට් ගෝයිං ටු කම්පෙයාර් මයිසෙල්ෆ් විත් එව්රිවන් එල්ස්.,මම හැමෝම එක්ක මාව සසඳන්න යන්නේ නැහැ.,intermediate
im-focusing-on-becoming-better-than,s-everyday-conversations,I'm focusing on becoming better than I was before.,අයිම් ෆෝකසින් ඔන් බිකමින් බෙටර් දැන් අයි වස් බිෆෝර්.,මම අවධානය දෙන්නේ කලින් හිටියට වඩා හොඳ කෙනෙක් වෙන්න.,intermediate
im-proud-of-how-far-ive,s-everyday-conversations,I'm proud of how far I've come.,අයිම් ප්‍රවුඩ් අව් හව් ෆාර් අයිව් කම්.,මම මේ වෙනකම් ආපු දුර ගැන මට ආඩම්බරයි.,intermediate
im-confident-enough-to-be-myself,s-everyday-conversations,I'm confident enough to be myself around anyone.,අයිම් කන්ෆිඩන්ට් ඉනෆ් ටු බී මයිසෙල්ෆ් අරවුන්ඩ් එනිවන්.,ඕනෑම කෙනෙක් ඉස්සරහා මම මම විදිහටම ඉන්න තරම් මට දැන් විශ්වාසයක් තියෙනවා.,intermediate
im-just-going-with-it,s-everyday-conversations,I'm just going with it.,අයිම් ජස්ට් ගෝයිං විත් ඉට්.,මං වැඩිය හිතන්නේ නැතුව ඒ විදිහටම කරගෙන යනවා.,beginner
im-seeing-how-things-go,s-everyday-conversations,I'm seeing how things go.,අයිම් සීයිං හවු තිංස් ගෝ.,දේවල් කොහොම වෙයිද කියලා බලගෙන ඉන්නවා.,beginner
im-taking-it-one-day-at,s-everyday-conversations,I'm taking it one day at a time.,අයිම් ටේකිං ඉට් වන් ඩේ ඇට් අ ටයිම්.,දවසෙන් දවස බලාගෙන යනවා.,intermediate
im-not-stressing-about-it,s-everyday-conversations,I'm not stressing about it.,අයිම් නොට් ස්ට්‍රෙසිං අබවුට් ඉට්.,මං ඒ ගැන වැඩිය හිතලා කලබල වෙන්නේ නෑ.,beginner
ill-deal-with-it-when-it,s-business,I'll deal with it when it happens.,අයිල් ඩීල් විත් ඉට් වෙන් ඉට් හැපන්ස්.,ඒක වුණාම මං බලාගන්නම්.,intermediate
im-not-worried-about-it-yet,s-feelings-emotions,I'm not worried about it yet.,අයිම් නොට් වරීඩ් අබවුට් ඉට් යෙට්.,මං තාම ඒ ගැන බය වෙන්නේ නෑ.,intermediate
im-keeping-things-simple,s-everyday-conversations,I'm keeping things simple.,අයිම් කීපිං තිංස් සිම්පල්.,මං දේවල් සරලව තියාගෙන යනවා.,beginner
im-not-making-a-big-deal,s-business,I'm not making a big deal out of it.,අයිම් නොට් මේකිං අ බිග් ඩීල් අවුට් අව් ඉට්.,මං ඒක ලොකු ප්‍රශ්නයක් කරගන්නේ නෑ.,intermediate
im-just-letting-it-be,s-everyday-conversations,I'm just letting it be.,අයිම් ජස්ට් ලෙටිං ඉට් බී.,මං ඒක එහෙමම තියෙන්න දෙනවා.,beginner
ill-leave-it-alone-for-now,s-everyday-conversations,I'll leave it alone for now.,අයිල් ලීව් ඉට් අලෝන් ෆෝ නවු.,දැනට මං ඒකට අත දාන්නේ නෑ.,intermediate
im-not-touching-that,s-everyday-conversations,I'm not touching that.,අයිම් නොට් ටචිං දැට්.,මං ඒකට මැදිහත් වෙන්නේ නෑ.,beginner
im-staying-out-of-it,s-everyday-conversations,I'm staying out of it.,අයිම් ස්ටේයිං අවුට් අව් ඉට්.,මං ඒකට මැදිහත් නොවී ඉන්නවා.,beginner
thats-none-of-my-business,s-business,That's none of my business.,දැට්ස් නන් අව් මයි බිස්නස්.,ඒක මට අදාළ දෙයක් නෙවෙයි.,beginner
ill-stay-out-of-your-way,s-everyday-conversations,I'll stay out of your way.,අයිල් ස්ටේ අවුට් අව් යෝර් වේ.,මං ඔයාට බාධා නොවී ඉන්නම්.,intermediate
i-wont-get-in-your-way,s-everyday-conversations,I won't get in your way.,අයි වෝන්ට් ගෙට් ඉන් යෝර් වේ.,මං ඔයාගේ වැඩට බාධා කරන්නේ නෑ.,intermediate
do-your-thing,s-everyday-conversations,Do your thing.,ඩූ යෝර් තිං.,ඔයාට හරි කියලා හිතෙන විදිහට කරන්න.,beginner
you-do-you,s-everyday-conversations,You do you.,යූ ඩූ යූ.,ඔයාට කැමති විදිහට ඔයා ඉන්න.,beginner
whatever-makes-sense-to-you,s-everyday-conversations,Whatever makes sense to you.,වටෙවර් මේක්ස් සෙන්ස් ටු යූ.,ඔයාට හරි කියලා හිතෙන විදිහට කරන්න.,beginner
do-what-works-for-you,s-everyday-conversations,Do what works for you.,ඩූ වට් වර්ක්ස් ෆෝ යූ.,ඔයාට හොඳින් ගැලපෙන දේ කරන්න.,beginner
im-not-judging,s-everyday-conversations,I'm not judging.,අයිම් නොට් ජජිං.,මං ඔයාව වැරදි හරි කියලා විනිශ්චය කරන්නේ නෑ.,beginner
no-judgment-here,s-everyday-conversations,No judgment here.,නෝ ජජ්මන්ට් හියර්.,මං මේ ගැන ඔයාව විනිශ්චය කරන්නේ නෑ.,beginner
i-totally-get-it,s-everyday-conversations,I totally get it.,අයි ටෝටලි ගෙට් ඉට්.,මට ඒක හොඳටම තේරෙනවා.,beginner
i-can-understand-that,s-everyday-conversations,I can understand that.,අයි කැන් අන්ඩර්ස්ටෑන්ඩ් දැට්.,ඒක මට තේරුම් ගන්න පුළුවන්.,beginner
thats-understandable,s-everyday-conversations,That's understandable.,දැට්ස් අන්ඩර්ස්ටෑන්ඩබල්.,ඔයා එහෙම හිතන එක තේරුම් ගන්න පුළුවන්.,beginner
i-can-see-why-youd-feel,s-feelings-emotions,I can see why you'd feel that way.,අයි කැන් සී වයි යූඩ් ෆීල් දැට් වේ.,ඔයාට එහෙම දැනෙන්නේ ඇයි කියලා මට තේරෙනවා.,intermediate
that-makes-total-sense,s-everyday-conversations,That makes total sense.,දැට් මේක්ස් ටෝටල් සෙන්ස්.,ඒක සම්පූර්ණයෙන්ම තේරුම් ගන්න පුළුවන්.,beginner
id-probably-do-the-same,s-everyday-conversations,I'd probably do the same.,අයිඩ් ප්‍රොබබ්ලි ඩූ ද සේම්.,මං හිටියත් බොහෝවිට ඒකම කරනවා.,beginner
i-cant-say-i-blame-you,s-everyday-conversations,I can't say I blame you.,අයි කෑන්ට් සේ අයි බ්ලේම් යූ.,ඔයා එහෙම කළ එක වැරදියි කියලා මට කියන්න බෑ.,intermediate
thats-fair,s-everyday-conversations,That's fair.,දැට්ස් ෆෙයාර්.,ඒක සාධාරණයි.,beginner
ill-give-you-that,s-everyday-conversations,I'll give you that.,අයිල් ගිව් යූ දැට්.,ඒ කාරණේදී නම් ඔයා හරි.,beginner
youre-not-wrong,s-problems-complaints,You're not wrong.,යෝර් නොට් රොං.,ඔයා කියන එක වැරදි නෑ.,beginner
you-may-be-onto-something,s-everyday-conversations,You may be onto something.,යූ මේ බී ඔන්ටු සම්තිං.,ඔයා කියන එකේ හොඳ අදහසක් තියෙනවා වගේ.,beginner
thats-a-good-way-to-look,s-everyday-conversations,That's a good way to look at it.,දැට්ස් අ ගුඩ් වේ ටු ලුක් ඇට් ඉට්.,ඒක බලන්න හොඳ විදිහක්.,intermediate
now-thats-different,s-everyday-conversations,Now that's different.,නවු දැට්ස් ඩිෆරන්ට්.,"අහ්, එහෙනම් කතාව වෙනස්.",beginner
thats-a-whole-different-story,s-everyday-conversations,That's a whole different story.,දැට්ස් අ හෝල් ඩිෆරන්ට් ස්ටෝරි.,එහෙනම් ඒක සම්පූර්ණයෙන්ම වෙනම කතාවක්.,beginner
that-puts-things-in-perspective,s-giving-opinions,That puts things in perspective.,දැට් පුට්ස් තිංස් ඉන් පර්ස්පෙක්ටිව්.,ඒකෙන් දේවල් තේරුම් ගන්න අලුත් විදිහක් ලැබෙනවා.,beginner
thats-worth-thinking-about,s-everyday-conversations,That's worth thinking about.,දැට්ස් වර්ත් තින්කිං අබවුට්.,ඒ ගැන හොඳට හිතලා බලන එක වටිනවා.,beginner
ill-think-that-over,s-everyday-conversations,I'll think that over.,අයිල් තින්ක් දැට් ඕවර්.,මං ඒ ගැන හොඳට හිතලා බලන්නම්.,beginner
i-need-some-time-to-process,s-everyday-conversations,I need some time to process that.,අයි නීඩ් සම් ටයිම් ටු ප්‍රොසෙස් දැට්.,ඒක හිතලා තේරුම් ගන්න මට ටිකක් වෙලාව ඕන.,intermediate
let-that-sink-in-for-a,s-everyday-conversations,Let that sink in for a second.,ලෙට් දැට් සින්ක් ඉන් ෆෝ අ සෙකන්ඩ්.,ඒක පොඩ්ඩක් හිතලා බලන්න.,intermediate
im-still-processing-it,s-everyday-conversations,I'm still processing it.,අයිම් ස්ටිල් ප්‍රොසෙසිං ඉට්.,මං තාම ඒක හිතලා තේරුම් ගන්න ගමන්.,beginner
i-need-to-wrap-my-head,s-everyday-conversations,I need to wrap my head around it.,අයි නීඩ් ටු රැප් මයි හෙඩ් අරවුන්ඩ් ඉට්.,මට මේක හොඳට තේරුම් ගන්න ටිකක් වෙලාව ඕන.,intermediate
its-a-lot-to-take-in,s-everyday-conversations,It's a lot to take in.,ඉට්ස් අ ලොට් ටු ටේක් ඉන්.,එකපාරටම තේරුම් ගන්න ගොඩක් දේ තියෙනවා.,intermediate
give-me-a-moment-to-take,s-everyday-conversations,Give me a moment to take that in.,ගිව් මී අ මෝමන්ට් ටු ටේක් දැට් ඉන්.,ඒක තේරුම් ගන්න මට පොඩි වෙලාවක් දෙන්න.,intermediate
i-cut-you-off,s-everyday-conversations,I cut you off.,අයි කට් යූ ඔෆ්.,මං ඔයාගේ කතාව මැදින් නවත්තලා දැම්මා.,beginner
go-ahead-you-were-saying,s-everyday-conversations,"Go ahead, you were saying?","ගෝ අහෙඩ්, යූ වර් සේයිං?","හරි, ඔයා කිය කිය හිටපු දේ දිගටම කියන්න.",beginner
sorry-i-lost-my-train-of,s-transportation,"Sorry, I lost my train of thought.","සොරි, අයි ලොස්ට් මයි ට්‍රේන් අව් තෝට්.","සමාවෙන්න, මං කියන්න හදපු දේ අමතක වුණා.",intermediate
where-was-i,s-asking-questions,Where was I?,වෙයාර් වස් අයි?,මං කොතනද කතාව නවත්තලා තිබුණේ?,beginner
i-completely-lost-my-train-of,s-transportation,I completely lost my train of thought.,අයි කම්ප්ලීට්ලි ලොස්ට් මයි ට්‍රේන් අව් තෝට්.,මං කියන්න හදපු දේ සම්පූර්ණයෙන්ම අමතක වුණා.,intermediate
itll-come-back-to-me,s-everyday-conversations,It'll come back to me.,ඉට්ල් කම් බැක් ටු මී.,ටිකකින් මට ආයෙ මතක් වෙයි.,beginner
its-on-the-tip-of-my,s-everyday-conversations,It's on the tip of my tongue.,ඉට්ස් ඔන් ද ටිප් අව් මයි ටං.,"මට වචනය මතක් වෙන්න ළඟයි, ඒත් දැන්ම එන්නේ නෑ.",intermediate
i-know-the-word-i-just,s-everyday-conversations,"I know the word, I just can't remember it.","අයි නෝ ද වර්ඩ්, අයි ජස්ට් කෑන්ට් රිමෙම්බර් ඉට්.","වචනය මං දන්නවා, ඒත් දැන් මතක් වෙන්නේ නෑ.",intermediate
itll-come-to-me,s-everyday-conversations,It'll come to me.,ඉට්ල් කම් ටු මී.,ටිකකින් මට මතක් වෙයි.,beginner
never-mind-i-got-it,s-everyday-conversations,"Never mind, I got it.","නෙවර් මයින්ඩ්, අයි ගොට් ඉට්.","හරි, දැන් මට මතක් වුණා.",beginner
okay-now-i-remember,s-everyday-conversations,"Okay, now I remember.","ඕකේ, නවු අයි රිමෙම්බර්.","හරි, දැන් මට මතක් වුණා.",beginner
thats-what-i-was-trying-to,s-everyday-conversations,That's what I was trying to say.,දැට්ස් වට් අයි වස් ට්‍රයිං ටු සේ.,අන්න මං කියන්න හදපු දේ ඒක.,intermediate
thats-the-word-i-was-looking,s-everyday-conversations,That's the word I was looking for.,දැට්ස් ද වර්ඩ් අයි වස් ලුකිං ෆෝ.,අන්න මං හොය හොය හිටපු වචනය ඒක.,intermediate
that-came-out-better-in-my,s-everyday-conversations,That came out better in my head.,දැට් කේම් අවුට් බෙටර් ඉන් මයි හෙඩ්.,මගේ හිතේ නම් ඒක මීට වඩා හොඳට තිබුණා.,intermediate
i-know-that-sounded-weird,s-everyday-conversations,I know that sounded weird.,අයි නෝ දැට් සවුන්ඩඩ් වීර්ඩ්.,ඒක ටිකක් අමුතු විදිහට ඇහුණා කියලා මං දන්නවා.,beginner
ignore-me,s-everyday-conversations,Ignore me.,ඉග්නෝර් මී.,මං කියපු එක ගණන් ගන්න එපා.,beginner
pretend-i-didnt-say-that,s-everyday-conversations,Pretend I didn't say that.,ප්‍රිටෙන්ඩ් අයි ඩිඩන්ට් සේ දැට්.,මං ඒක කිව්වේ නෑ වගේ හිතන්න.,beginner
lets-pretend-that-never-happened,s-everyday-conversations,Let's pretend that never happened.,ලෙට්ස් ප්‍රිටෙන්ඩ් දැට් නෙවර් හැපන්ඩ්.,ඒක වුණේම නෑ වගේ ඉමු.,beginner
can-we-forget-that-happened,s-asking-questions,Can we forget that happened?,කැන් වී ෆොගෙට් දැට් හැපන්ඩ්?,ඒක වුණ එක අමතක කරමුද?,beginner
that-was-embarrassing,s-everyday-conversations,That was embarrassing.,දැට් වස් එම්බැරසිං.,ඒක හරිම ලැජ්ජා හිතෙන දෙයක්.,beginner
i-embarrassed-myself,s-everyday-conversations,I embarrassed myself.,අයි එම්බැරස්ට් මයිසෙල්ෆ්.,මං මාවම ලැජ්ජාවට පත් කරගත්තා.,beginner
i-wanted-the-ground-to-swallow,s-everyday-conversations,I wanted the ground to swallow me up.,අයි වොන්ටිඩ් ද ග්‍රවුන්ඩ් ටු ස්වොලෝ මී අප්.,මට ලැජ්ජාවට පොළොව පළාගෙන යන්න හිතුණා.,intermediate
that-was-painful-to-watch,s-everyday-conversations,That was painful to watch.,දැට් වස් පේන්ෆුල් ටු වොච්.,ඒක බලන්නත් ලැජ්ජා හිතෙන තරම් අවුල්.,beginner
i-cant-believe-i-did-that,s-everyday-conversations,I can't believe I did that.,අයි කෑන්ට් බිලීව් අයි ඩිඩ් දැට්.,මං ඒක කළා කියලා මටම විශ්වාස කරන්න බෑ.,intermediate
why-did-i-do-that,s-asking-questions,Why did I do that?,වයි ඩිඩ් අයි ඩූ දැට්?,මං ඒක කළේ මොකටද?,beginner
i-shouldve-kept-my-mouth-shut,s-everyday-conversations,I should've kept my mouth shut.,අයි ෂුඩව් කෙප්ට් මයි මවුත් ෂට්.,මං කට වහගෙන ඉන්න තිබුණා.,intermediate
i-said-too-much,s-everyday-conversations,I said too much.,අයි සෙඩ් ටූ මච්.,මං ඕනවට වඩා දේවල් කිව්වා.,beginner
i-shouldnt-have-said-that,s-everyday-conversations,I shouldn't have said that.,අයි ෂුඩන්ට් හැව් සෙඩ් දැට්.,මං ඒක කියන්න තිබුණේ නෑ.,beginner
that-was-out-of-line,s-everyday-conversations,That was out of line.,දැට් වස් අවුට් අව් ලයින්.,ඒක කියපු විදිහ හරි නෑ.,beginner
i-went-too-far,s-everyday-conversations,I went too far.,අයි වෙන්ට් ටූ ෆාර්.,මං සීමාව ඉක්මවා ගියා.,beginner
i-crossed-a-line,s-everyday-conversations,I crossed a line.,අයි ක්‍රොස්ට් අ ලයින්.,මං කරන්න නොතිබුණු දෙයක් කළා.,beginner
i-owe-you-an-apology,s-everyday-conversations,I owe you an apology.,අයි ඕ යූ ඇන් අපොලජි.,මං ඔයාගෙන් සමාව ඉල්ලන්න ඕන.,beginner
i-shouldnt-have-reacted-like-that,s-everyday-conversations,I shouldn't have reacted like that.,අයි ෂුඩන්ට් හැව් රියැක්ටිඩ් ලයික් දැට්.,මං ඒ විදිහට ප්‍රතිචාර දක්වන්න තිබුණේ නෑ.,intermediate
i-was-out-of-line,s-everyday-conversations,I was out of line.,අයි වස් අවුට් අව් ලයින්.,මං ඒ වෙලාවේ සීමාව ඉක්මවා ගියා.,beginner
that-wasnt-fair-of-me,s-everyday-conversations,That wasn't fair of me.,දැට් වොසන්ට් ෆෙයාර් අව් මී.,මං එහෙම කළ එක සාධාරණ නෑ.,beginner
i-overreacted,s-everyday-conversations,I overreacted.,අයි ඕවර්රියැක්ටිඩ්.,මං ඕනවට වඩා ප්‍රතිචාර දැක්වුවා.,beginner
i-took-it-the-wrong-way,s-problems-complaints,I took it the wrong way.,අයි ටුක් ඉට් ද රොං වේ.,මං ඒක වැරදියට තේරුම් ගත්තා.,intermediate
i-read-the-situation-wrong,s-problems-complaints,I read the situation wrong.,අයි රෙඩ් ද සිටුවේෂන් රොං.,මං තත්ත්වය වැරදියට තේරුම් ගත්තා.,beginner
i-jumped-to-conclusions,s-everyday-conversations,I jumped to conclusions.,අයි ජම්ප්ට් ටු කන්ක්ලූෂන්ස්.,මං ඉක්මනට වැරදි තීරණයකට ආවා.,beginner
i-assumed-too-much,s-everyday-conversations,I assumed too much.,අයි අසූම්ඩ් ටූ මච්.,මං වැඩියෙන් අනුමාන කරලා හිතුවා.,beginner
i-shouldve-asked-first,s-everyday-conversations,I should've asked first.,අයි ෂුඩව් ආස්ක්ට් ෆර්ස්ට්.,මං මුලින් අහන්න තිබුණා.,beginner
that-ones-on-me,s-everyday-conversations,That one's on me.,දැට් වන්ස් ඔන් මී.,ඒ වැරැද්ද මගේ.,beginner
ill-own-that,s-everyday-conversations,I'll own that.,අයිල් ඕන් දැට්.,ඒ වැරැද්ද මගේ කියලා මං පිළිගන්නවා.,beginner
i-can-admit-when-im-wrong,s-problems-complaints,I can admit when I'm wrong.,අයි කැන් ඇඩ්මිට් වෙන් අයිම් රොං.,මං වැරදි නම් ඒක පිළිගන්න පුළුවන්.,intermediate
how-can-i-make-it-up,s-asking-questions,How can I make it up to you?,හවු කැන් අයි මේක් ඉට් අප් ටු යූ?,මේ වැරැද්ද හරි කරගන්න මං ඔයා වෙනුවෙන් මොනවා කරන්නද?,intermediate
let-me-make-it-right,s-everyday-conversations,Let me make it right.,ලෙට් මී මේක් ඉට් රයිට්.,මට මේ වැරැද්ද හරි කරන්න දෙන්න.,beginner
ill-fix-it,s-everyday-conversations,I'll fix it.,අයිල් ෆික්ස් ඉට්.,මං ඒක හරිගස්සන්නම්.,beginner
ill-sort-it-out,s-everyday-conversations,I'll sort it out.,අයිල් සෝර්ට් ඉට් අවුට්.,මං ඒක විසඳන්නම්.,beginner
ill-take-care-of-everything,s-everyday-conversations,I'll take care of everything.,අයිල් ටේක් කෙයාර් අව් එව්රිතිං.,මං හැමදේම බලාගන්නම්.,beginner
you-dont-have-to-worry-about,s-everyday-conversations,You don't have to worry about it.,යූ ඩෝන්ට් හැව් ටු වරි අබවුට් ඉට්.,ඔයාට ඒ ගැන බය වෙන්න ඕන නෑ.,intermediate
leave-it-with-me,s-everyday-conversations,Leave it with me.,ලීව් ඉට් විත් මී.,ඒ වැඩේ මට බාර දෙන්න.,beginner
ill-handle-the-rest,s-everyday-conversations,I'll handle the rest.,අයිල් හැන්ඩ්ල් ද රෙස්ට්.,ඉතුරු ටික මං බලාගන්නම්.,beginner
ill-take-it-from-here,s-everyday-conversations,I'll take it from here.,අයිල් ටේක් ඉට් ෆ්‍රම් හියර්.,මෙතනින් ඉස්සරහට මං බලාගන්නම්.,beginner
youve-done-enough,s-everyday-conversations,You've done enough.,යූව් ඩන් ඉනෆ්.,ඔයා දැනටමත් ඇති තරම් කරලා තියෙනවා.,beginner
let-me-handle-this-part,s-everyday-conversations,Let me handle this part.,ලෙට් මී හැන්ඩ්ල් දිස් පාර්ට්.,මේ කොටස මට බලාගන්න දෙන්න.,beginner
ive-got-the-rest,s-everyday-conversations,I've got the rest.,අයිව් ගොට් ද රෙස්ට්.,ඉතුරු ටික මං බලාගන්නම්.,beginner
we-can-take-it-from-here,s-everyday-conversations,We can take it from here.,වී කැන් ටේක් ඉට් ෆ්‍රම් හියර්.,මෙතනින් ඉස්සරහට අපි බලාගන්නම්.,intermediate
thanks-for-getting-us-this-far,s-thanking,Thanks for getting us this far.,තෑන්ක්ස් ෆෝ ගෙටිං අස් දිස් ෆාර්.,අපිව මෙච්චර දුර ගෙනාවට ස්තුතියි.,intermediate
were-almost-at-the-finish-line,s-everyday-conversations,We're almost at the finish line.,වීර් ඕල්මෝස්ට් ඇට් ද ෆිනිෂ් ලයින්.,අපි වැඩේ ඉවර කරන්න ගොඩක් ළඟයි.,intermediate
just-a-little-more,s-everyday-conversations,Just a little more.,ජස්ට් අ ලිට්ල් මෝර්.,තව ටිකක් විතරයි.,beginner
were-in-the-home-stretch,s-home,We're in the home stretch.,වීර් ඉන් ද හෝම් ස්ට්‍රෙච්.,දැන් වැඩේ අන්තිම කොටසට ඇවිත්.,beginner
lets-finish-strong,s-everyday-conversations,Let's finish strong.,ලෙට්ස් ෆිනිෂ් ස්ට්‍රොං.,අපි අන්තිම ටිකත් හොඳට කරමු.,beginner
lets-wrap-this-up,s-everyday-conversations,Let's wrap this up.,ලෙට්ස් රැප් දිස් අප්.,අපි මේක ඉවර කරමු.,beginner
were-done-here,s-everyday-conversations,We're done here.,වීර් ඩන් හියර්.,මෙතන අපේ වැඩ ඉවරයි.,beginner
thats-a-wrap,s-everyday-conversations,That's a wrap.,දැට්ස් අ රැප්.,ඔන්න වැඩේ ඉවරයි.,beginner
finally-thats-done,s-everyday-conversations,"Finally, that's done.","ෆයිනලි, දැට්ස් ඩන්.",අන්තිමට ඒ වැඩේ ඉවරයි.,beginner
glad-thats-over-with,s-feelings-emotions,Glad that's over with.,ග්ලැඩ් දැට්ස් ඕවර් විත්.,ඒක ඉවර වුණ එක ගැන සතුටුයි.,beginner
one-less-thing-to-worry-about,s-everyday-conversations,One less thing to worry about.,වන් ලෙස් තිං ටු වරි අබවුට්.,දැන් බය වෙන්න තියෙන දේවල්වලින් එකක් අඩුයි.,intermediate
thats-one-thing-off-my-list,s-everyday-conversations,That's one thing off my list.,දැට්ස් වන් තිං ඔෆ් මයි ලිස්ට්.,කරන්න තිබුණු වැඩවලින් එකක් ඉවරයි.,intermediate
i-can-check-that-off,s-everyday-conversations,I can check that off.,අයි කැන් චෙක් දැට් ඔෆ්.,ඒ වැඩේ ඉවරයි කියලා දැන් සලකන්න පුළුවන්.,beginner
im-glad-i-got-that-done,s-feelings-emotions,I'm glad I got that done.,අයිම් ග්ලැඩ් අයි ගොට් දැට් ඩන්.,ඒ වැඩේ ඉවර කරගත්ත එක ගැන මට සතුටුයි.,intermediate
ive-been-putting-that-off-forever,s-everyday-conversations,I've been putting that off forever.,අයිව් බීන් පුටිං දැට් ඔෆ් ෆරෙවර්.,මං ඒක ගොඩ කාලයක් කල් දා දා හිටියා.,intermediate
i-shouldve-done-that-sooner,s-everyday-conversations,I should've done that sooner.,අයි ෂුඩව් ඩන් දැට් සූනර්.,මං ඒක මීට කලින් කරන්න තිබුණා.,beginner
that-was-easier-than-i-thought,s-everyday-conversations,That was easier than I thought.,දැට් වස් ඊසියර් දෑන් අයි තෝට්.,මං හිතුවට වඩා ඒක ලේසි වුණා.,intermediate
why-did-i-wait-so-long,s-asking-questions,Why did I wait so long?,වයි ඩිඩ් අයි වේට් සෝ ලොං?,මං මෙච්චර කල් බලාගෙන හිටියේ මොකටද?,intermediate
that-wasnt-so-bad,s-everyday-conversations,That wasn't so bad.,දැට් වොසන්ට් සෝ බැඩ්.,ඒක හිතුව තරම් නරක නෑ.,beginner
i-made-it-harder-than-it,s-everyday-conversations,I made it harder than it needed to be.,අයි මේඩ් ඉට් හාර්ඩර් දෑන් ඉට් නීඩිඩ් ටු බී.,මං ඒක නිකන්ම ඕනවට වඩා අමාරු කරගත්තා.,intermediate
i-was-overthinking-the-whole-thing,s-everyday-conversations,I was overthinking the whole thing.,අයි වස් ඕවර්තින්කිං ද හෝල් තිං.,මං මුළු කතාවම ගැන ඕනවට වඩා හිතලා.,intermediate
i-got-in-my-own-head,s-everyday-conversations,I got in my own head.,අයි ගොට් ඉන් මයි ඕන් හෙඩ්.,මං මගේම හිතේ දේවල් වැඩියෙන් හිතලා අවුල් කරගත්තා.,intermediate
i-was-making-myself-nervous,s-feelings-emotions,I was making myself nervous.,අයි වස් මේකිං මයිසෙල්ෆ් නර්වස්.,මංම මාව කලබල කරගත්තා.,beginner
i-worried-myself-for-no-reason,s-feelings-emotions,I worried myself for no reason.,අයි වරීඩ් මයිසෙල්ෆ් ෆෝ නෝ රීසන්.,කිසිම හේතුවක් නැතුව මංම බය වෙලා.,intermediate
it-was-all-in-my-head,s-everyday-conversations,It was all in my head.,ඉට් වස් ඕල් ඉන් මයි හෙඩ්.,ඒ බය වැඩිපුරම මගේ හිතේ තිබුණු දෙයක්.,intermediate
i-built-it-up-in-my,s-everyday-conversations,I built it up in my head.,අයි බිල්ට් ඉට් අප් ඉන් මයි හෙඩ්.,මං හිතෙන් ඒක ඕනවට වඩා ලොකු කරගත්තා.,intermediate
turns-out-i-had-nothing-to,s-everyday-conversations,Turns out I had nothing to worry about.,ටර්න්ස් අවුට් අයි හැඩ් නතිං ටු වරි අබවුට්.,අන්තිමට බලද්දී මට බය වෙන්න දෙයක් තිබුණේ නෑ.,intermediate
everything-turned-out-fine,s-everyday-conversations,Everything turned out fine.,එව්රිතිං ටර්න්ඩ් අවුට් ෆයින්.,අන්තිමට හැමදේම හොඳින් ගියා.,beginner
it-all-worked-itself-out,s-everyday-conversations,It all worked itself out.,ඉට් ඕල් වර්ක්ට් ඉට්සෙල්ෆ් අවුට්.,අන්තිමට දේවල් තමන්ම හරි ගියා.,beginner
things-have-a-way-of-working,s-everyday-conversations,Things have a way of working out.,තිංස් හැව් අ වේ අව් වර්කිං අවුට්.,සමහර වෙලාවට දේවල් කොහොමහරි හරි යනවා.,intermediate
it-worked-out-in-my-favor,s-everyday-conversations,It worked out in my favor.,ඉට් වර්ක්ට් අවුට් ඉන් මයි ෆේවර්.,අන්තිමට ඒක මට හොඳ පැත්තට ගියා.,intermediate
i-got-lucky-this-time,s-everyday-conversations,I got lucky this time.,අයි ගොට් ලකි දිස් ටයිම්.,මේ සැරේ මට වාසනාව තිබුණා.,beginner
that-couldve-been-a-lot-worse,s-everyday-conversations,That could've been a lot worse.,දැට් කුඩව් බීන් අ ලොට් වර්ස්.,ඒක මීට වඩා ගොඩක් නරක වෙන්න තිබුණා.,intermediate
we-dodged-a-bullet,s-everyday-conversations,We dodged a bullet.,වී ඩොජ්ඩ් අ බුලට්.,අපි ලොකු ප්‍රශ්නයකින් නූලෙන් බේරුණා.,beginner
we-got-away-with-it,s-everyday-conversations,We got away with it.,වී ගොට් අවේ විත් ඉට්.,අපි ලොකු අවුලක් නැතුව ඒකෙන් බේරුණා.,beginner
that-was-too-close-for-comfort,s-everyday-conversations,That was too close for comfort.,දැට් වස් ටූ ක්ලෝස් ෆෝ කම්ෆට්.,තව පොඩ්ඩෙන් ලොකු අවුලක් වෙනවා.,intermediate
im-glad-that-worked-out,s-feelings-emotions,I'm glad that worked out.,අයිම් ග්ලැඩ් දැට් වර්ක්ට් අවුට්.,ඒක හරි ගිය එක ගැන මට සතුටුයි.,beginner
i-was-hoping-youd-say-that,s-everyday-conversations,I was hoping you'd say that.,අයි වස් හෝපිං යූඩ් සේ දැට්.,ඔයා ඒක කියයි කියලා මං බලාපොරොත්තු වුණා.,intermediate
thats-exactly-what-i-wanted-to,s-agreeing-disagreeing,That's exactly what I wanted to hear.,දැට්ස් ඉග්සැක්ට්ලි වට් අයි වොන්ටිඩ් ටු හියර්.,මට අහන්න ඕන වුණේ හරියටම ඒක.,intermediate
you-just-made-my-day,s-everyday-conversations,You just made my day.,යූ ජස්ට් මේඩ් මයි ඩේ.,ඔයා දැන් මගේ දවසම සතුටු කළා.,beginner
thats-such-a-relief,s-everyday-conversations,That's such a relief.,දැට්ස් සච් අ රිලීෆ්.,"අම්මෝ, දැන් හිතට ලොකු නිදහසක්.",beginner
i-can-breathe-again,s-everyday-conversations,I can breathe again.,අයි කැන් බ්‍රීද් අගේන්.,දැන් හිතට නිදහසක් දැනෙනවා.,beginner
thats-one-less-thing-on-my,s-everyday-conversations,That's one less thing on my mind.,දැට්ස් වන් ලෙස් තිං ඔන් මයි මයින්ඩ්.,දැන් හිතේ බරව තිබුණු එක දෙයක් අඩුයි.,intermediate
i-can-relax-now,s-everyday-conversations,I can relax now.,අයි කැන් රිලැක්ස් නවු.,දැන් මට සන්සුන්ව ඉන්න පුළුවන්.,beginner
ive-been-worried-about-that-all,s-feelings-emotions,I've been worried about that all day.,අයිව් බීන් වරීඩ් අබවුට් දැට් ඕල් ඩේ.,මං දවසම ඒ ගැන බය වෙලා හිටියේ.,intermediate
im-glad-i-dont-have-to,s-feelings-emotions,I'm glad I don't have to worry anymore.,අයිම් ග්ලැඩ් අයි ඩෝන්ට් හැව් ටු වරි එනිමෝර්.,දැන් ඒ ගැන බය වෙන්න ඕන නැති එක ගැන සතුටුයි.,intermediate
im-looking-forward-to-seeing-you,s-everyday-conversations,I'm looking forward to seeing you.,අයිම් ලුකිං ෆෝවර්ඩ් ටු සීයිං යූ.,ඔයාව හම්බෙන්න මං ආසාවෙන් බලාගෙන ඉන්නවා.,intermediate
itll-be-good-to-see-you,s-everyday-conversations,It'll be good to see you.,ඉට්ල් බී ගුඩ් ටු සී යූ.,ඔයාව හම්බෙන එක සතුටක් වෙයි.,intermediate
its-been-way-too-long,s-everyday-conversations,It's been way too long.,ඉට්ස් බීන් වේ ටූ ලොං.,අපි හම්බෙලා ගොඩක් කල්.,beginner
weve-got-a-lot-to-catch,s-everyday-conversations,We've got a lot to catch up on.,වීව් ගොට් අ ලොට් ටු කැච් අප් ඔන්.,අපිට කතා කරන්න ගොඩක් දේවල් තියෙනවා.,intermediate
ive-got-so-much-to-tell,s-everyday-conversations,I've got so much to tell you.,අයිව් ගොට් සෝ මච් ටු ටෙල් යූ.,මට ඔයාට කියන්න ගොඩක් දේවල් තියෙනවා.,intermediate
you-wont-believe-what-happened,s-everyday-conversations,You won't believe what happened.,යූ වෝන්ට් බිලීව් වට් හැපන්ඩ්.,මොකද වුණේ කියලා කිව්වම ඔයාට විශ්වාස කරන්නත් බැරි වෙයි.,beginner
wait-till-you-hear-this,s-everyday-conversations,Wait till you hear this.,වේට් ටිල් යූ හියර් දිස්.,මේක ඇහුවම බලන්නකෝ.,beginner
youre-gonna-love-this,s-everyday-conversations,You're gonna love this.,යෝර් ගනා ලව් දිස්.,මේක ඔයාට මාර අල්ලයි.,beginner
youre-not-ready-for-this,s-everyday-conversations,You're not ready for this.,යෝර් නොට් රෙඩි ෆෝ දිස්.,මේක අහන්න ඔයා ලෑස්ති නෑ වගේ.,beginner
this-is-gonna-sound-crazy,s-everyday-conversations,This is gonna sound crazy.,දිස් ඉස් ගනා සවුන්ඩ් ක්‍රේසි.,මේක ටිකක් පිස්සු කතාවක් වගේ ඇහෙයි.,beginner
hear-me-out-before-you-laugh,s-everyday-conversations,Hear me out before you laugh.,හියර් මී අවුට් බිෆෝර් යූ ලාෆ්.,හිනා වෙන්න කලින් මං කියන දේ ඉවර වෙනකම් අහන්න.,intermediate
i-swear-im-not-making-this,s-everyday-conversations,I swear I'm not making this up.,අයි ස්වෙයාර් අයිම් නොට් මේකිං දිස් අප්.,"මං මේක හදාගෙන කියනවා නෙවෙයි, ඇත්තමයි.",intermediate
i-couldnt-make-this-up-if,s-everyday-conversations,I couldn't make this up if I tried.,අයි කුඩන්ට් මේක් දිස් අප් ඉෆ් අයි ට්‍රයිඩ්.,මං හදාගෙන කියන්න උත්සාහ කළත් මේ වගේ කතාවක් හදාගන්න බෑ.,intermediate
it-actually-happened,s-everyday-conversations,It actually happened.,ඉට් ඇක්චුවලි හැපන්ඩ්.,ඒක ඇත්තටම වුණා.,beginner
im-not-even-exaggerating,s-everyday-conversations,I'm not even exaggerating.,අයිම් නොට් ඊවන් ඉග්සැජරේටිං.,මං වැඩි කරලා කියනවාත් නෙවෙයි.,beginner
i-wish-i-were-joking,s-everyday-conversations,I wish I were joking.,අයි විෂ් අයි වර් ජෝකිං.,මේක විහිළුවක් වුණා නම් හොඳයි කියලා හිතෙනවා.,beginner
you-cant-make-this-stuff-up,s-everyday-conversations,You can't make this stuff up.,යූ කෑන්ට් මේක් දිස් ස්ටෆ් අප්.,මේ වගේ දේවල් හදාගෙන කියන්නවත් බෑ.,intermediate
thats-the-weirdest-part,s-everyday-conversations,That's the weirdest part.,දැට්ස් ද වීර්ඩස්ට් පාර්ට්.,අමුතුම කොටස ඒක.,beginner
and-thats-not-even-the-crazy,s-everyday-conversations,And that's not even the crazy part.,ඇන්ඩ් දැට්ස් නොට් ඊවන් ද ක්‍රේසි පාර්ට්.,තාම පිස්සුම කොටස ඒකත් නෙවෙයි.,intermediate
it-gets-even-better,s-everyday-conversations,It gets even better.,ඉට් ගෙට්ස් ඊවන් බෙටර්.,ඉස්සරහට කතාව තවත් මරු වෙනවා.,beginner
just-wait-till-you-hear-the,s-everyday-conversations,Just wait till you hear the rest.,ජස්ට් වේට් ටිල් යූ හියර් ද රෙස්ට්.,ඉතුරු ටික ඇහුවම බලන්නකෝ.,intermediate
thats-only-half-the-story,s-everyday-conversations,That's only half the story.,දැට්ස් ඕන්ලි හාෆ් ද ස්ටෝරි.,ඒක කතාවෙන් භාගයක් විතරයි.,beginner
theres-more,s-everyday-conversations,There's more.,දෙයාර්ස් මෝර්.,තව තියෙනවා.,beginner
it-gets-worse,s-everyday-conversations,It gets worse.,ඉට් ගෙට්ස් වර්ස්.,ඉස්සරහට කතාව තවත් නරක වෙනවා.,beginner
you-havent-heard-the-worst-part,s-everyday-conversations,You haven't heard the worst part yet.,යූ හැවන්ට් හර්ඩ් ද වර්ස්ට් පාර්ට් යෙට්.,නරකම කොටස තාම ඔයා අහලා නෑ.,intermediate
brace-yourself,s-everyday-conversations,Brace yourself.,බ්‍රේස් යෝර්සෙල්ෆ්.,ඉස්සරහට අහන්න තියෙන දේට හිත හදාගන්න.,beginner
this-is-where-it-gets-interesting,s-everyday-conversations,This is where it gets interesting.,දිස් ඉස් වෙයාර් ඉට් ගෙට්ස් ඉන්ට්‍රස්ටිං.,මෙතනින් තමයි කතාව රසවත් වෙන්නේ.,intermediate
heres-where-it-gets-weird,s-everyday-conversations,Here's where it gets weird.,හියර්ස් වෙයාර් ඉට් ගෙට්ස් වීර්ඩ්.,මෙතනින් තමයි කතාව අමුතු වෙන්නේ.,beginner
and-then-things-got-messy,s-everyday-conversations,And then things got messy.,ඇන්ඩ් දෙන් තිංස් ගොට් මෙසි.,ඊට පස්සේ හැමදේම අවුල් වුණා.,beginner
thats-when-everything-changed,s-everyday-conversations,That's when everything changed.,දැට්ස් වෙන් එව්රිතිං චේන්ජ්ඩ්.,අන්න ඒ වෙලාවේ තමයි හැමදේම වෙනස් වුණේ.,beginner
from-there-it-all-went-downhill,s-everyday-conversations,"From there, it all went downhill.","ෆ්‍රම් දෙයාර්, ඉට් ඕල් වෙන්ට් ඩවුන්හිල්.",එතනින් පස්සේ හැමදේම නරක පැත්තට ගියා.,intermediate
it-all-happened-so-fast,s-everyday-conversations,It all happened so fast.,ඉට් ඕල් හැපන්ඩ් සෝ ෆාස්ට්.,හැමදේම මාර ඉක්මනට වුණා.,beginner
i-barely-had-time-to-react,s-everyday-conversations,I barely had time to react.,අයි බෙයර්ලි හැඩ් ටයිම් ටු රියැක්ට්.,ප්‍රතිචාර දක්වන්නවත් මට හරියට වෙලාවක් තිබුණේ නෑ.,intermediate
before-i-knew-it-it-was,s-everyday-conversations,"Before I knew it, it was over.","බිෆෝර් අයි නූ ඉට්, ඉට් වස් ඕවර්.",මට තේරෙන්නත් කලින් වැඩේ ඉවර වෙලා.,intermediate
it-was-over-before-i-knew,s-everyday-conversations,It was over before I knew it.,ඉට් වස් ඕවර් බිෆෝර් අයි නූ ඉට්.,මට තේරෙන්නත් කලින් ඒක ඉවර වුණා.,intermediate
im-still-trying-to-make-sense,s-everyday-conversations,I'm still trying to make sense of it.,අයිම් ස්ටිල් ට්‍රයිං ටු මේක් සෙන්ස් අව් ඉට්.,මං තාමත් ඒක තේරුම් ගන්න උත්සාහ කරනවා.,intermediate
it-still-feels-unreal,s-everyday-conversations,It still feels unreal.,ඉට් ස්ටිල් ෆීල්ස් අන්රියල්.,තාමත් ඒක ඇත්තටම වුණාද කියලා හිතාගන්න අමාරුයි.,beginner
im-still-shocked,s-everyday-conversations,I'm still shocked.,අයිම් ස්ටිල් ෂොක්ට්.,මං තාමත් පුදුමයෙන් ඉන්නේ.,beginner
what-a-day,s-everyday-conversations,What a day.,වට් අ ඩේ.,අද දවස නම් මාර දවසක්.,beginner
im-ready-to-call-it-a,s-phrasal-verbs,I'm ready to call it a day.,අයිම් රෙඩි ටු කෝල් ඉට් අ ඩේ.,අදට වැඩ නවත්තලා විවේක ගන්න මං ලෑස්තියි.,intermediate
how-are-you-feeling-today,s-feelings-emotions,How are you feeling today?,හව් ආ යූ ෆීලින් ටුඩේ?,අද කොහොමද දැනෙන්නේ?,beginner
are-you-feeling-better,s-feelings-emotions,Are you feeling better?,ආ යූ ෆීලින් බෙටර්?,දැන් ටිකක් හොඳද?,beginner
how-did-you-sleep,s-home,How did you sleep?,හව් ඩිඩ් යූ ස්ලීප්?,කොහොමද නිදාගත්තේ?,beginner
did-you-sleep-well,s-home,Did you sleep well?,ඩිඩ් යූ ස්ලීප් වෙල්?,හොඳට නිදාගත්තද?,beginner
good-morning,s-greetings-introductions,Good morning.,ගුඩ් මෝනින්,සුබ උදෑසනක්.,beginner
good-afternoon,s-greetings-introductions,Good afternoon.,ගුඩ් ආෆ්ටනූන්,සුබ දහවලක්.,beginner
good-evening,s-greetings-introductions,Good evening.,ගුඩ් ඊව්නින්,සුබ සන්ධ්‍යාවක්.,beginner
good-night,s-everyday-conversations,Good night.,ගුඩ් නයිට්,සුබ රාත්‍රියක්.,beginner
its-time-to-wake-up,s-everyday-conversations,It's time to wake up.,ඉට්ස් ටයිම් ටු වේක් අප්,දැන් නැගිටින්න වෙලාව.,beginner
let-me-help-you,s-everyday-conversations,Let me help you.,ලෙට් මී හෙල්ප් යූ,මම උදව් කරන්නම්.,beginner
can-i-help-you,s-asking-for-help,Can I help you?,කැන් අයි හෙල්ප් යූ?,මම උදව් කරන්නද?,beginner
do-you-need-any-help,s-asking-for-help,Do you need any help?,ඩූ යූ නීඩ් එනි හෙල්ප්?,උදව්වක් ඕනද?,beginner
im-here-to-help-you,s-everyday-conversations,I'm here to help you.,අයිම් හියර් ටු හෙල්ප් යූ,මම ඉන්නේ ඔයාට උදව් කරන්න.,beginner
dont-worry,s-everyday-conversations,Don't worry.,ඩෝන්ට් වරි,බය වෙන්න එපා.,beginner
everything-is-okay,s-everyday-conversations,Everything is okay.,එව්රිතින් ඉස් ඕකේ,හැමදේම හරි.,beginner
youre-safe-here,s-everyday-conversations,You're safe here.,යෝ සේෆ් හියර්,මෙතන ඔයා ආරක්ෂිතයි.,beginner
im-right-here,s-everyday-conversations,I'm right here.,අයිම් රයිට් හියර්,මම මෙතනම ඉන්නවා.,beginner
ill-stay-with-you,s-everyday-conversations,I'll stay with you.,අයිල් ස්ටේ විත් යූ,මම ඔයා එක්ක ඉන්නම්.,beginner
please-stand-up-slowly,s-making-requests,Please stand up slowly.,ප්ලීස් ස්ටෑන්ඩ් අප් ස්ලෝලි,හිමින් නැගිටින්න.,beginner
be-careful,s-everyday-conversations,Be careful.,බී කෙයාෆුල්,පරිස්සමින්.,beginner
hold-my-hand,s-everyday-conversations,Hold my hand.,හෝල්ඩ් මයි හෑන්ඩ්,මගේ අත අල්ලගන්න.,beginner
hold-on-to-me,s-everyday-conversations,Hold on to me.,හෝල්ඩ් ඔන් ටු මී,මාව අල්ලගෙන ඉන්න.,beginner
lean-on-me,s-everyday-conversations,Lean on me.,ලීන් ඔන් මී,මට බරදීලා ඉන්න.,beginner
dont-get-up-by-yourself,s-everyday-conversations,Don't get up by yourself.,ඩෝන්ට් ගෙට් අප් බයි යෝසෙල්ෆ්,තනියම නැගිටින්න එපා.,beginner
call-me-if-you-need-anything,s-phone-conversations,Call me if you need anything.,කෝල් මී ඉෆ් යූ නීඩ් එනිතින්,මොනවාහරි ඕන වුණොත් මට කතා කරන්න.,intermediate
please-use-the-call-button,s-making-requests,Please use the call button.,ප්ලීස් යූස් ද කෝල් බටන්,call button එක පාවිච්චි කරන්න.,beginner
are-you-comfortable,s-asking-questions,Are you comfortable?,ආ යූ කම්ෆටබල්?,සනීපෙන්/පහසුවෙන් ඉන්නවද?,beginner
are-you-warm-enough,s-asking-questions,Are you warm enough?,ආ යූ වෝම් ඉනෆ්?,උණුසුම ඇතිද?,beginner
are-you-feeling-cold,s-doctor-health,Are you feeling cold?,ආර් යූ ෆීලින් කෝල්ඩ්?,ඔයාට සීතල දැනෙනවද?,beginner
would-you-like-a-blanket,s-making-requests,Would you like a blanket?,වුඩ් යූ ලයික් අ බ්ලැන්කිට්?,බ්ලැන්කට් එකක් ඕනද?,beginner
is-the-room-too-warm,s-home,Is the room too warm?,ඉස් ද රූම් ටූ වෝම්?,කාමරේ වැඩියෙන් උණුසුම්ද?,beginner
is-the-room-too-cold,s-doctor-health,Is the room too cold?,ඉස් ද රූම් ටූ කෝල්ඩ්?,කාමරේ වැඩියෙන් සීතලද?,beginner
shall-i-open-the-window,s-home,Shall I open the window?,ෂැල් අයි ඕපන් ද වින්ඩෝ?,ජනේලේ අරින්නද?,beginner
shall-i-close-the-window,s-home,Shall I close the window?,ෂැල් අයි ක්ලෝස් ද වින්ඩෝ?,ජනේලේ වහන්නද?,beginner
ill-turn-on-the-fan,s-everyday-conversations,I'll turn on the fan.,අයිල් ටර්න් ඔන් ද ෆෑන්,මම fan එක දාන්නම්.,beginner
ill-turn-off-the-fan,s-everyday-conversations,I'll turn off the fan.,අයිල් ටර්න් ඔෆ් ද ෆෑන්,මම fan එක නිවන්නම්.,beginner
are-you-hungry,s-asking-questions,Are you hungry?,ආ යූ හන්ග්‍රි?,බඩගිනිද?,beginner
are-you-thirsty,s-asking-questions,Are you thirsty?,ආ යූ තර්ස්ටි?,තිබහද?,beginner
its-time-for-breakfast,s-restaurants-food,It's time for breakfast.,ඉට්ස් ටයිම් ෆෝ බ්‍රෙක්ෆස්ට්,උදේ කෑම වෙලාව.,beginner
its-time-for-lunch,s-restaurants-food,It's time for lunch.,ඉට්ස් ටයිම් ෆෝ ලන්ච්,දවල් කෑම වෙලාව.,beginner
its-time-for-dinner,s-restaurants-food,It's time for dinner.,ඉට්ස් ටයිම් ෆෝ ඩිනර්,රෑ කෑම වෙලාව.,beginner
your-food-is-ready,s-restaurants-food,Your food is ready.,යෝ ෆූඩ් ඉස් රෙඩි,කෑම ලෑස්තියි.,beginner
what-would-you-like-to-eat,s-restaurants-food,What would you like to eat?,වොට් වුඩ් යූ ලයික් ටු ඊට්?,මොනවද කන්න කැමති?,intermediate
what-would-you-like-to-drink,s-restaurants-food,What would you like to drink?,වොට් වුඩ් යූ ලයික් ටු ඩ්‍රින්ක්?,මොනවද බොන්න කැමති?,intermediate
would-you-like-some-water,s-making-requests,Would you like some water?,වුඩ් යූ ලයික් සම් වෝටර්?,වතුර ටිකක් ඕනද?,beginner
heres-your-water,s-everyday-conversations,Here's your water.,හියර්ස් යෝ වෝටර්,මෙන්න වතුර.,beginner
please-drink-slowly,s-restaurants-food,Please drink slowly.,ප්ලීස් ඩ්‍රින්ක් ස්ලෝලි,හිමින් බොන්න.,beginner
take-small-sips,s-everyday-conversations,Take small sips.,ටේක් ස්මෝල් සිප්ස්,පොඩි උගුරු ගන්න.,beginner
take-small-bites,s-everyday-conversations,Take small bites.,ටේක් ස්මෝල් බයිට්ස්,පොඩි කටවල් කන්න.,beginner
chew-your-food-well,s-restaurants-food,Chew your food well.,චූ යෝ ෆූඩ් වෙල්,කෑම හොඳට හපන්න.,beginner
please-swallow,s-making-requests,Please swallow.,ප්ලීස් ස්වොලෝ,ගිලින්න.,beginner
is-it-too-hot,s-asking-questions,Is it too hot?,ඉස් ඉට් ටූ හොට්?,මේක වැඩිය උණුද?,beginner
is-it-too-cold,s-doctor-health,Is it too cold?,ඉස් ඉට් ටූ කෝල්ඩ්?,මේක වැඩිය සීතලද?,beginner
does-it-taste-good,s-restaurants-food,Does it taste good?,ඩස් ඉට් ටේස්ට් ගුඩ්?,රස හොඳද?,beginner
would-you-like-some-more,s-making-requests,Would you like some more?,වුඩ් යූ ලයික් සම් මෝ?,තව ටිකක් ඕනද?,beginner
have-you-had-enough,s-asking-questions,Have you had enough?,හැව් යූ හැඩ් ඉනෆ්?,ඇතිද?,beginner
please-finish-your-meal,s-making-requests,Please finish your meal.,ප්ලීස් ෆිනිෂ් යෝ මීල්,කෑම ටික ඉවර කරන්න.,beginner
you-dont-have-to-finish-it,s-everyday-conversations,You don't have to finish it all.,යූ ඩෝන්ට් හැව් ටු ෆිනිෂ් ඉට් ඕල්,ඔක්කොම කන්නම ඕන නෑ.,intermediate
ill-cut-it-into-small-pieces,s-everyday-conversations,I'll cut it into small pieces.,අයිල් කට් ඉට් ඉන්ටු ස්මෝල් පීසස්,මම පොඩි කෑලිවලට කපන්නම්.,intermediate
let-me-feed-you,s-everyday-conversations,Let me feed you.,ලෙට් මී ෆීඩ් යූ,මම කවන්නම්.,beginner
can-you-eat-by-yourself,s-restaurants-food,Can you eat by yourself?,කැන් යූ ඊට් බයි යෝසෙල්ෆ්?,තනියම කන්න පුළුවන්ද?,beginner
please-sit-upright-while-eating,s-making-requests,Please sit upright while eating.,ප්ලීස් සිට් අප්රයිට් වයිල් ඊටින්,කනකොට කෙළින් වාඩිවෙන්න.,beginner
dont-lie-down-right-after-eating,s-everyday-conversations,Don't lie down right after eating.,ඩෝන්ට් ලයි ඩවුන් රයිට් ආෆ්ටර් ඊටින්,කෑම කාපු ගමන් නිදාගන්න එපා.,intermediate
would-you-like-some-tea,s-restaurants-food,Would you like some tea?,වුඩ් යූ ලයික් සම් ටී?,තේ ටිකක් ඕනද?,beginner
would-you-like-some-coffee,s-restaurants-food,Would you like some coffee?,වුඩ් යූ ලයික් සම් කොෆී?,කෝපි ටිකක් ඕනද?,beginner
do-you-take-sugar,s-asking-questions,Do you take sugar?,ඩූ යූ ටේක් ෂුගර්?,සීනි දානවද?,beginner
how-much-sugar-would-you-like,s-making-requests,How much sugar would you like?,හව් මච් ෂුගර් වුඩ් යූ ලයික්?,සීනි කොච්චර ඕනද?,intermediate
heres-your-breakfast,s-restaurants-food,Here's your breakfast.,හියර්ස් යෝ බ්‍රෙක්ෆස්ට්,මෙන්න උදේ කෑම.,beginner
heres-your-lunch,s-restaurants-food,Here's your lunch.,හියර්ස් යෝ ලන්ච්,මෙන්න දවල් කෑම.,beginner
heres-your-dinner,s-restaurants-food,Here's your dinner.,හියර්ස් යෝ ඩිනර්,මෙන්න රෑ කෑම.,beginner
ill-bring-you-a-snack,s-everyday-conversations,I'll bring you a snack.,අයිල් බ්‍රිං යූ අ ස්නැක්,මම පොඩි කෑමක් ගෙනෙන්නම්.,beginner
do-you-have-any-food-allergies,s-restaurants-food,Do you have any food allergies?,ඩූ යූ හැව් එනි ෆූඩ් ඇලර්ජීස්?,කෑමවලට allergy තියෙනවද?,intermediate
are-you-allowed-to-eat-this,s-restaurants-food,Are you allowed to eat this?,ආ යූ අලවුඩ් ටු ඊට් දිස්?,මේක කන්න අවසර තියෙනවද?,intermediate
are-you-on-a-special-diet,s-asking-questions,Are you on a special diet?,ආ යූ ඔන් අ ස්පෙෂල් ඩයට්?,විශේෂ diet එකක් තියෙනවද?,intermediate
you-need-to-drink-more-water,s-restaurants-food,You need to drink more water.,යූ නීඩ් ටු ඩ්‍රින්ක් මෝ වෝටර්,තව වතුර බොන්න ඕන.,intermediate
try-to-drink-a-little-more,s-restaurants-food,Try to drink a little more.,ට්‍රයි ටු ඩ්‍රින්ක් අ ලිට්ල් මෝ,තව ටිකක් බොන්න බලන්න.,intermediate
its-time-for-your-medicine,s-doctor-health,It's time for your medicine.,ඉට්ස් ටයිම් ෆෝ යෝ මෙඩිසින්,බෙහෙත් ගන්න වෙලාව.,beginner
have-you-taken-your-medicine,s-doctor-health,Have you taken your medicine?,හැව් යූ ටේකන් යෝ මෙඩිසින්?,බෙහෙත් ගත්තද?,beginner
heres-your-medicine,s-doctor-health,Here's your medicine.,හියර්ස් යෝ මෙඩිසින්,මෙන්න බෙහෙත්.,beginner
please-take-this-medicine,s-doctor-health,Please take this medicine.,ප්ලීස් ටේක් දිස් මෙඩිසින්,මේ බෙහෙත ගන්න.,beginner
take-it-with-water,s-everyday-conversations,Take it with water.,ටේක් ඉට් විත් වෝටර්,වතුරත් එක්ක ගන්න.,beginner
take-it-after-your-meal,s-everyday-conversations,Take it after your meal.,ටේක් ඉට් ආෆ්ටර් යෝ මීල්,කෑමෙන් පස්සේ ගන්න.,beginner
take-it-before-your-meal,s-everyday-conversations,Take it before your meal.,ටේක් ඉට් බිෆෝ යෝ මීල්,කෑමට කලින් ගන්න.,beginner
dont-skip-your-medicine,s-doctor-health,Don't skip your medicine.,ඩෝන්ට් ස්කිප් යෝ මෙඩිසින්,බෙහෙත් මඟහරින්න එපා.,beginner
did-you-take-your-morning-medicine,s-doctor-health,Did you take your morning medicine?,ඩිඩ් යූ ටේක් යෝ මෝනින් මෙඩිසින්?,උදේ බෙහෙත් ගත්තද?,intermediate
did-you-take-your-evening-medicine,s-doctor-health,Did you take your evening medicine?,ඩිඩ් යූ ටේක් යෝ ඊව්නින් මෙඩිසින්?,හවස බෙහෙත් ගත්තද?,intermediate
ill-remind-you,s-everyday-conversations,I'll remind you.,අයිල් රිමයින්ඩ් යූ,මම මතක් කරන්නම්.,beginner
let-me-check-your-medication,s-everyday-conversations,Let me check your medication.,ලෙට් මී චෙක් යෝ මෙඩිකේෂන්,මම බෙහෙත් ටික බලන්නම්.,beginner
this-is-your-prescribed-medicine,s-doctor-health,This is your prescribed medicine.,දිස් ඉස් යෝ ප්‍රිස්ක්‍රයිබ්ඩ් මෙඩිසින්,මේ doctor නියම කරපු බෙහෙත.,beginner
do-you-have-any-pain,s-doctor-health,Do you have any pain?,ඩූ යූ හැව් එනි පේන්?,කොහෙහරි වේදනාවක් තියෙනවද?,beginner
where-does-it-hurt,s-doctor-health,Where does it hurt?,වෙයා ඩස් ඉට් හර්ට්?,කොහෙද රිදෙන්නේ?,beginner
how-bad-is-the-pain,s-doctor-health,How bad is the pain?,හව් බැඩ් ඉස් ද පේන්?,වේදනාව කොච්චර වැඩිද?,beginner
is-the-pain-getting-worse,s-doctor-health,Is the pain getting worse?,ඉස් ද පේන් ගෙටින් වර්ස්?,වේදනාව වැඩි වෙනවද?,beginner
is-the-pain-getting-better,s-doctor-health,Is the pain getting better?,ඉස් ද පේන් ගෙටින් බෙටර්?,වේදනාව අඩු වෙනවද?,beginner
tell-me-if-it-hurts,s-doctor-health,Tell me if it hurts.,ටෙල් මී ඉෆ් ඉට් හර්ට්ස්,රිදෙනවා නම් කියන්න.,beginner
ill-inform-the-nurse,s-everyday-conversations,I'll inform the nurse.,අයිල් ඉන්ෆෝම් ද නර්ස්,මම nurseට කියන්නම්.,beginner
ill-call-the-doctor,s-doctor-health,I'll call the doctor.,අයිල් කෝල් ද ඩොක්ටර්,මම doctorට කතා කරන්නම්.,beginner
do-you-feel-dizzy,s-feelings-emotions,Do you feel dizzy?,ඩූ යූ ෆීල් ඩිසි?,කරකැවිල්ලක් වගේද?,beginner
do-you-feel-weak,s-feelings-emotions,Do you feel weak?,ඩූ යූ ෆීල් වීක්?,දුර්වලයි වගේද?,beginner
do-you-feel-tired,s-feelings-emotions,Do you feel tired?,ඩූ යූ ෆීල් ටයර්ඩ්?,මහන්සිද?,beginner
are-you-feeling-sick,s-doctor-health,Are you feeling sick?,ආ යූ ෆීලින් සික්?,අසනීපයි වගේද?,beginner
do-you-feel-nauseous,s-feelings-emotions,Do you feel nauseous?,ඩූ යූ ෆීල් නෝෂස්?,වමනේ යන්න වගේද?,beginner
do-you-have-a-headache,s-doctor-health,Do you have a headache?,ඩූ යූ හැව් අ හෙඩේක්?,ඔළුව රිදෙනවද?,beginner
do-you-have-a-stomachache,s-asking-questions,Do you have a stomachache?,ඩූ යූ හැව් අ ස්ටමක් ඒක්?,බඩ රිදෙනවද?,beginner
do-you-have-chest-pain,s-doctor-health,Do you have chest pain?,ඩූ යූ හැව් චෙස්ට් පේන්?,පපුව රිදෙනවද?,beginner
are-you-having-trouble-breathing,s-asking-questions,Are you having trouble breathing?,ආ යූ හැවින් ට්‍රබල් බ්‍රීදින්?,හුස්ම ගන්න අමාරුද?,beginner
can-you-breathe-comfortably,s-making-requests,Can you breathe comfortably?,කැන් යූ බ්‍රීත් කම්ෆටබ්ලි?,පහසුවෙන් හුස්ම ගන්න පුළුවන්ද?,beginner
breathe-slowly,s-everyday-conversations,Breathe slowly.,බ්‍රීත් ස්ලෝලි,හිමින් හුස්ම ගන්න.,beginner
try-to-relax,s-everyday-conversations,Try to relax.,ට්‍රයි ටු රිලැක්ස්,ටිකක් නිදහසේ ඉන්න බලන්න.,beginner
do-you-have-a-fever,s-doctor-health,Do you have a fever?,ඩූ යූ හැව් අ ෆීවර්?,උණ තියෙනවද?,beginner
let-me-check-your-temperature,s-everyday-conversations,Let me check your temperature.,ලෙට් මී චෙක් යෝ ටෙම්පරචර්,උෂ්ණත්වය බලන්නම්.,beginner
let-me-check-your-blood-pressure,s-everyday-conversations,Let me check your blood pressure.,ලෙට් මී චෙක් යෝ බ්ලඩ් ප්‍රෙෂර්,blood pressure එක බලන්නම්.,intermediate
let-me-check-your-pulse,s-everyday-conversations,Let me check your pulse.,ලෙට් මී චෙක් යෝ පල්ස්,pulse එක බලන්නම්.,beginner
please-keep-still,s-making-requests,Please keep still.,ප්ලීස් කීප් ස්ටිල්,හෙල්ලෙන්නේ නැතුව ඉන්න.,beginner
are-you-feeling-short-of-breath,s-feelings-emotions,Are you feeling short of breath?,ආ යූ ෆීලින් ෂෝට් ඔෆ් බ්‍රෙත්?,හුස්ම මදි වගේද?,intermediate
do-you-have-a-cough,s-doctor-health,Do you have a cough?,ඩූ යූ හැව් අ කොෆ්?,කැස්ස තියෙනවද?,beginner
is-it-a-dry-cough,s-doctor-health,Is it a dry cough?,ඉස් ඉට් අ ඩ්‍රයි කොෆ්?,වියළි කැස්සක්ද?,beginner
do-you-have-a-sore-throat,s-asking-questions,Do you have a sore throat?,ඩූ යූ හැව් අ සෝ ත්‍රෝට්?,උගුර රිදෙනවද?,intermediate
do-you-have-a-runny-nose,s-asking-questions,Do you have a runny nose?,ඩූ යූ හැව් අ රනි නෝස්?,නහයෙන් දියර එනවද?,intermediate
are-you-constipated,s-asking-questions,Are you constipated?,ආ යූ කොන්ස්ටිපේටඩ්?,මළ බද්ධය තියෙනවද?,beginner
do-you-have-diarrhea,s-asking-questions,Do you have diarrhea?,ඩූ යූ හැව් ඩයරියා?,බඩ යනවද?,beginner
when-was-your-last-bowel-movement,s-asking-questions,When was your last bowel movement?,වෙන් වස් යෝ ලාස්ට් බවල් මූව්මන්ට්?,අන්තිමට මලපහ කළේ කවද්ද?,intermediate
have-you-passed-urine,s-asking-questions,Have you passed urine?,හැව් යූ පාස්ට් යුරින්?,මුත්‍රා කළාද?,beginner
is-it-painful-when-you-urinate,s-asking-questions,Is it painful when you urinate?,ඉස් ඉට් පේන්ෆුල් වෙන් යූ යුරිනේට්?,මුත්‍රා කරනකොට රිදෙනවද?,intermediate
do-you-need-to-use-the,s-asking-questions,Do you need to use the toilet?,ඩූ යූ නීඩ් ටු යූස් ද ටොයිලට්?,toilet යන්න ඕනද?,intermediate
shall-we-go-to-the-bathroom,s-making-plans,Shall we go to the bathroom?,ෂැල් වී ගෝ ටු ද බාත්රූම්?,bathroom එකට යමුද?,intermediate
ill-help-you-to-the-toilet,s-everyday-conversations,I'll help you to the toilet.,අයිල් හෙල්ප් යූ ටු ද ටොයිලට්,toilet එකට යන්න මම උදව් කරන්නම්.,intermediate
take-it-slowly,s-everyday-conversations,Take it slowly.,ටේක් ඉට් ස්ලෝලි,හිමින් කරන්න.,beginner
hold-the-rail,s-everyday-conversations,Hold the rail.,හෝල්ඩ් ද රේල්,අත් වැට අල්ලගන්න.,beginner
sit-down-carefully,s-everyday-conversations,Sit down carefully.,සිට් ඩවුන් කෙයාෆුලි,පරිස්සමින් වාඩිවෙන්න.,beginner
ill-give-you-some-privacy,s-everyday-conversations,I'll give you some privacy.,අයිල් ගිව් යූ සම් ප්‍රයිවසි,මම ටිකක් තනියම ඉන්න දෙන්නම්.,beginner
do-you-need-toilet-paper,s-asking-questions,Do you need toilet paper?,ඩූ යූ නීඩ් ටොයිලට් පේපර්?,toilet paper ඕනද?,beginner
ill-help-you-clean-up,s-home,I'll help you clean up.,අයිල් හෙල්ප් යූ ක්ලීන් අප්,පිරිසිදු කරගන්න උදව් කරන්නම්.,beginner
its-time-for-a-bath,s-everyday-conversations,It's time for a bath.,ඉට්ස් ටයිම් ෆෝ අ බාත්,නාන්න වෙලාව.,beginner
would-you-like-a-shower,s-making-requests,Would you like a shower?,වුඩ් යූ ලයික් අ ෂවර්?,shower එකක් ගන්න කැමතිද?,beginner
let-me-help-you-wash,s-home,Let me help you wash.,ලෙට් මී හෙල්ප් යූ වොෂ්,සෝදගන්න මම උදව් කරන්නම්.,beginner
is-the-water-warm-enough,s-asking-questions,Is the water warm enough?,ඉස් ද වෝටර් වෝම් ඉනෆ්?,වතුරේ උණුසුම හොඳද?,beginner
is-the-water-too-hot,s-asking-questions,Is the water too hot?,ඉස් ද වෝටර් ටූ හොට්?,වතුර වැඩිය උණුද?,beginner
is-the-water-too-cold,s-doctor-health,Is the water too cold?,ඉස් ද වෝටර් ටූ කෝල්ඩ්?,වතුර වැඩිය සීතලද?,beginner
ill-wash-your-hair,s-home,I'll wash your hair.,අයිල් වොෂ් යෝ හෙයා,මම කොණ්ඩේ හෝදන්නම්.,beginner
close-your-eyes-please,s-making-requests,"Close your eyes, please.",ක්ලෝස් යෝ අයිස් ප්ලීස්,ඇස් වහගන්න.,beginner
ill-rinse-your-hair,s-everyday-conversations,I'll rinse your hair.,අයිල් රින්ස් යෝ හෙයා,කොණ්ඩේ වතුරෙන් හෝදන්නම්.,beginner
let-me-dry-your-hair,s-everyday-conversations,Let me dry your hair.,ලෙට් මී ඩ්‍රයි යෝ හෙයා,කොණ්ඩේ වියළන්නම්.,beginner
let-me-dry-your-back,s-everyday-conversations,Let me dry your back.,ලෙට් මී ඩ්‍රයි යෝ බැක්,පිට වියළන්නම්.,beginner
heres-a-clean-towel,s-home,Here's a clean towel.,හියර්ස් අ ක්ලීන් ටවල්,මෙන්න පිරිසිදු towel එකක්.,beginner
lets-brush-your-teeth,s-everyday-conversations,Let's brush your teeth.,ලෙට්ස් බ්‍රෂ් යෝ ටීත්,දත් මදිමු.,beginner
heres-your-toothbrush,s-everyday-conversations,Here's your toothbrush.,හියර්ස් යෝ ටූත්බ්‍රෂ්,මෙන්න toothbrush එක.,beginner
heres-your-toothpaste,s-everyday-conversations,Here's your toothpaste.,හියර්ස් යෝ ටූත්පේස්ට්,මෙන්න toothpaste එක.,beginner
rinse-your-mouth,s-everyday-conversations,Rinse your mouth.,රින්ස් යෝ මවුත්,කට සෝදගන්න.,beginner
please-spit-it-out,s-making-requests,Please spit it out.,ප්ලීස් ස්පිට් ඉට් අවුට්,කෙළ ගහන්න.,beginner
let-me-wash-your-face,s-home,Let me wash your face.,ලෙට් මී වොෂ් යෝ ෆේස්,මූණ සෝදන්නම්.,beginner
lets-comb-your-hair,s-everyday-conversations,Let's comb your hair.,ලෙට්ස් කෝම් යෝ හෙයා,කොණ්ඩේ පීරමු.,beginner
ill-help-you-shave,s-everyday-conversations,I'll help you shave.,අයිල් හෙල්ප් යූ ෂේව්,රැවුල කපන්න උදව් කරන්නම්.,beginner
lets-get-dressed,s-everyday-conversations,Let's get dressed.,ලෙට්ස් ගෙට් ඩ්‍රෙස්ට්,ඇඳුම් අඳිමු.,beginner
what-would-you-like-to-wear,s-making-requests,What would you like to wear?,වොට් වුඩ් යූ ලයික් ටු වෙයා?,මොන ඇඳුමද අඳින්න කැමති?,intermediate
put-your-arm-through-here,s-everyday-conversations,Put your arm through here.,පුට් යෝ ආම් ත්‍රූ හියර්,අත මෙතනින් දාන්න.,beginner
lift-your-arm-please,s-making-requests,"Lift your arm, please.",ලිෆ්ට් යෝ ආම් ප්ලීස්,අත උස්සන්න.,beginner
lift-your-leg-please,s-making-requests,"Lift your leg, please.",ලිෆ්ට් යෝ ලෙග් ප්ලීස්,කකුල උස්සන්න.,beginner
bend-your-knee,s-everyday-conversations,Bend your knee.,බෙන්ඩ් යෝ නී,දණහිස නමන්න.,beginner
straighten-your-leg,s-everyday-conversations,Straighten your leg.,ස්ට්‍රේට්න් යෝ ලෙග්,කකුල කෙළින් කරන්න.,beginner
put-on-your-socks,s-everyday-conversations,Put on your socks.,පුට් ඔන් යෝ සොක්ස්,මේස් අඳින්න.,beginner
put-on-your-shoes,s-everyday-conversations,Put on your shoes.,පුට් ඔන් යෝ ෂූස්,සපත්තු දාගන්න.,beginner
let-me-tie-your-shoelaces,s-everyday-conversations,Let me tie your shoelaces.,ලෙට් මී ටයි යෝ ෂූලේසස්,සපත්තු ලේස් ගැටගහන්නම්.,beginner
this-shirt-looks-nice-on-you,s-everyday-conversations,This shirt looks nice on you.,දිස් ෂර්ට් ලුක්ස් නයිස් ඔන් යූ,මේ shirt එක ඔයාට ලස්සනයි.,intermediate
your-clothes-are-clean,s-home,Your clothes are clean.,යෝ ක්ලෝත්ස් ආ ක්ලීන්,ඇඳුම් පිරිසිදුයි.,beginner
we-need-to-change-your-clothes,s-banking-money,We need to change your clothes.,වී නීඩ් ටු චේන්ජ් යෝ ක්ලෝත්ස්,ඇඳුම් මාරු කරන්න ඕන.,intermediate
your-shirt-is-wet,s-everyday-conversations,Your shirt is wet.,යෝ ෂර්ට් ඉස් වෙට්,shirt එක තෙමිලා.,beginner
ill-get-you-a-clean-shirt,s-home,I'll get you a clean shirt.,අයිල් ගෙට් යූ අ ක්ලීන් ෂර්ට්,පිරිසිදු shirt එකක් ගෙනෙන්නම්.,intermediate
let-me-button-your-shirt,s-everyday-conversations,Let me button your shirt.,ලෙට් මී බටන් යෝ ෂර්ට්,shirt එකේ බොත්තම් දාන්නම්.,beginner
let-me-zip-this-up,s-everyday-conversations,Let me zip this up.,ලෙට් මී සිප් දිස් අප්,zip එක දාන්නම්.,beginner
is-this-comfortable,s-asking-questions,Is this comfortable?,ඉස් දිස් කම්ෆටබල්?,මේක පහසුද?,beginner
is-it-too-tight,s-asking-questions,Is it too tight?,ඉස් ඉට් ටූ ටයිට්?,වැඩිය තදද?,beginner
is-it-too-loose,s-asking-questions,Is it too loose?,ඉස් ඉට් ටූ ලූස්?,වැඩිය ලිහිල්ද?,beginner
lets-go-for-a-walk,s-everyday-conversations,Let's go for a walk.,ලෙට්ස් ගෝ ෆෝ අ වෝක්,ටිකක් ඇවිදින්න යමු.,beginner
would-you-like-to-go-outside,s-making-requests,Would you like to go outside?,වුඩ් යූ ලයික් ටු ගෝ අවුට්සයිඩ්?,එළියට යන්න කැමතිද?,intermediate
the-weather-is-nice-today,s-everyday-conversations,The weather is nice today.,ද වෙදර් ඉස් නයිස් ටුඩේ,අද කාලගුණය හොඳයි.,beginner
lets-get-some-fresh-air,s-everyday-conversations,Let's get some fresh air.,ලෙට්ස් ගෙට් සම් ෆ්‍රෙෂ් එයා,ටිකක් පිරිසිදු හුළං වැදෙන්න යමු.,beginner
walk-slowly,s-everyday-conversations,Walk slowly.,වෝක් ස්ලෝලි,හිමින් ඇවිදින්න.,beginner
take-small-steps,s-everyday-conversations,Take small steps.,ටේක් ස්මෝල් ස්ටෙප්ස්,පොඩි පියවරෙන් යන්න.,beginner
keep-your-balance,s-everyday-conversations,Keep your balance.,කීප් යෝ බැලන්ස්,balance එක තියාගන්න.,beginner
use-your-walking-stick,s-everyday-conversations,Use your walking stick.,යූස් යෝ වෝකින් ස්ටික්,walking stick එක පාවිච්චි කරන්න.,beginner
use-your-walker,s-everyday-conversations,Use your walker.,යූස් යෝ වෝකර්,walker එක පාවිච්චි කරන්න.,beginner
ill-bring-your-wheelchair,s-everyday-conversations,I'll bring your wheelchair.,අයිල් බ්‍රිං යෝ වීල්චෙයා,wheelchair එක ගෙනෙන්නම්.,beginner
please-sit-in-the-wheelchair,s-making-requests,Please sit in the wheelchair.,ප්ලීස් සිට් ඉන් ද වීල්චෙයා,wheelchair එකේ වාඩිවෙන්න.,beginner
ill-lock-the-wheels,s-everyday-conversations,I'll lock the wheels.,අයිල් ලොක් ද වීල්ස්,රෝද lock කරන්නම්.,beginner
put-your-feet-here,s-everyday-conversations,Put your feet here.,පුට් යෝ ෆීට් හියර්,කකුල් මෙතන තියාගන්න.,beginner
keep-your-feet-on-the-footrest,s-everyday-conversations,Keep your feet on the footrest.,කීප් යෝ ෆීට් ඔන් ද ෆුට්රෙස්ට්,පාද footrest එකේ තියාගන්න.,intermediate
ill-push-you-slowly,s-everyday-conversations,I'll push you slowly.,අයිල් පුෂ් යූ ස්ලෝලි,මම හිමින් තල්ලු කරගෙන යන්නම්.,beginner
were-going-over-a-small-bump,s-everyday-conversations,We're going over a small bump.,වීආ ගෝයින් ඕවර් අ ස්මෝල් බම්ප්,පොඩි උසක්/ගැටිත්තක් පහු කරනවා.,intermediate
were-going-down-the-ramp,s-everyday-conversations,We're going down the ramp.,වීආ ගෝයින් ඩවුන් ද රෑම්ප්,ramp එකෙන් පහළට යනවා.,beginner
were-going-upstairs,s-everyday-conversations,We're going upstairs.,වීආ ගෝයින් අප්ස්ටෙයාර්ස්,උඩ තට්ටුවට යනවා.,beginner
were-going-downstairs,s-everyday-conversations,We're going downstairs.,වීආ ගෝයින් ඩවුන්ස්ටෙයාර්ස්,පහළ තට්ටුවට යනවා.,beginner
hold-the-handrail,s-everyday-conversations,Hold the handrail.,හෝල්ඩ් ද හෑන්ඩ්රේල්,අත් වැට අල්ලගන්න.,beginner
lets-sit-here-for-a-while,s-everyday-conversations,Let's sit here for a while.,ලෙට්ස් සිට් හියර් ෆෝ අ වයිල්,ටික වෙලාවක් මෙතන වාඩිවෙමු.,intermediate
do-you-need-a-rest,s-asking-questions,Do you need a rest?,ඩූ යූ නීඩ් අ රෙස්ට්?,විවේකයක් ඕනද?,beginner
lets-take-a-short-break,s-everyday-conversations,Let's take a short break.,ලෙට්ස් ටේක් අ ෂෝට් බ්‍රේක්,පොඩි විවේකයක් ගමු.,beginner
dont-overdo-it,s-everyday-conversations,Don't overdo it.,ඩෝන්ට් ඕවර්ඩූ ඉට්,වැඩිය මහන්සි වෙන්න එපා.,beginner
youre-doing-well,s-everyday-conversations,You're doing well.,යෝ ඩූඉන් වෙල්,ඔයා හොඳට කරනවා.,beginner
keep-going,s-everyday-conversations,Keep going.,කීප් ගෝයින්,දිගටම කරගෙන යන්න.,beginner
lets-go-back-inside,s-everyday-conversations,Let's go back inside.,ලෙට්ස් ගෝ බැක් ඉන්සයිඩ්,ආපහු ඇතුළට යමු.,beginner
are-your-legs-tired,s-feelings-emotions,Are your legs tired?,ආ යෝ ලෙග්ස් ටයර්ඩ්?,කකුල් මහන්සිද?,beginner
do-your-knees-hurt,s-doctor-health,Do your knees hurt?,ඩූ යෝ නීස් හර්ට්?,දණහිස් රිදෙනවද?,beginner
lets-do-some-exercises,s-everyday-conversations,Let's do some exercises.,ලෙට්ස් ඩූ සම් එක්සසයිසස්,exercise ටිකක් කරමු.,beginner
move-your-arms-slowly,s-everyday-conversations,Move your arms slowly.,මූව් යෝ ආම්ස් ස්ලෝලි,අත් හිමින් හොලවන්න.,beginner
raise-both-arms,s-everyday-conversations,Raise both arms.,රේස් බෝත් ආම්ස්,අත් දෙකම උස්සන්න.,beginner
lower-your-arms,s-everyday-conversations,Lower your arms.,ලෝවර් යෝ ආම්ස්,අත් පහළට දාන්න.,beginner
stretch-your-arms,s-everyday-conversations,Stretch your arms.,ස්ට්‍රෙච් යෝ ආම්ස්,අත් දිගහරින්න.,beginner
stretch-your-legs,s-everyday-conversations,Stretch your legs.,ස්ට්‍රෙච් යෝ ලෙග්ස්,කකුල් දිගහරින්න.,beginner
move-your-ankle,s-everyday-conversations,Move your ankle.,මූව් යෝ ඇන්කල්,වළලුකර හොලවන්න.,beginner
move-your-fingers,s-everyday-conversations,Move your fingers.,මූව් යෝ ෆින්ගර්ස්,ඇඟිලි හොලවන්න.,beginner
make-a-fist,s-everyday-conversations,Make a fist.,මේක් අ ෆිස්ට්,අත මිට මොළවන්න.,beginner
open-your-hand,s-everyday-conversations,Open your hand.,ඕපන් යෝ හෑන්ඩ්,අත අරින්න.,beginner
turn-your-head-slowly,s-everyday-conversations,Turn your head slowly.,ටර්න් යෝ හෙඩ් ස්ලෝලි,ඔළුව හිමින් හරවන්න.,beginner
look-to-your-left,s-everyday-conversations,Look to your left.,ලුක් ටු යෝර් ලෙෆ්ට්,වම් පැත්ත බලන්න.,beginner
look-to-your-right,s-everyday-conversations,Look to your right.,ලුක් ටු යෝර් රයිට්,දකුණු පැත්ත බලන්න.,beginner
sit-up-straight,s-everyday-conversations,Sit up straight.,සිට් අප් ස්ට්‍රේට්,කෙළින් වාඩිවෙන්න.,beginner
keep-your-back-straight,s-everyday-conversations,Keep your back straight.,කීප් යෝ බැක් ස්ට්‍රේට්,පිට කෙළින් තියාගන්න.,beginner
dont-strain-yourself,s-everyday-conversations,Don't strain yourself.,ඩෝන්ට් ස්ට්‍රේන් යෝසෙල්ෆ්,බලෙන් මහන්සි වෙන්න එපා.,beginner
stop-if-you-feel-pain,s-transportation,Stop if you feel pain.,ස්ටොප් ඉෆ් යූ ෆීල් පේන්,රිදෙනවා නම් නවත්වන්න.,beginner
tell-me-if-you-feel-dizzy,s-feelings-emotions,Tell me if you feel dizzy.,ටෙල් මී ඉෆ් යූ ෆීල් ඩිසි,කරකැවිල්ලක් ආවොත් කියන්න.,intermediate
lets-try-one-more-time,s-everyday-conversations,Let's try one more time.,ලෙට්ස් ට්‍රයි වන් මෝ ටයිම්,තව එක පාරක් කරමු.,beginner
well-done,s-everyday-conversations,Well done!,වෙල් ඩන්,හොඳට කළා!,beginner
its-time-for-bed,s-home,It's time for bed.,ඉට්ස් ටයිම් ෆෝ බෙඩ්,නිදාගන්න වෙලාව.,beginner
are-you-ready-for-bed,s-home,Are you ready for bed?,ආ යූ රෙඩි ෆෝ බෙඩ්?,නිදාගන්න ලෑස්තිද?,beginner
let-me-help-you-into-bed,s-home,Let me help you into bed.,ලෙට් මී හෙල්ප් යූ ඉන්ටු බෙඩ්,ඇඳට යන්න උදව් කරන්නම්.,intermediate
lie-down-slowly,s-everyday-conversations,Lie down slowly.,ලයි ඩවුන් ස්ලෝලි,හිමින් හාන්සි වෙන්න.,beginner
are-you-comfortable-in-this-position,s-job-interviews,Are you comfortable in this position?,ආ යූ කම්ෆටබල් ඉන් දිස් පොසිෂන්?,මේ විදිහට පහසුද?,intermediate
shall-i-raise-your-pillow,s-everyday-conversations,Shall I raise your pillow?,ෂැල් අයි රේස් යෝ පිලෝ?,කොට්ටේ ටිකක් උස් කරන්නද?,beginner
shall-i-lower-your-pillow,s-everyday-conversations,Shall I lower your pillow?,ෂැල් අයි ලෝවර් යෝ පිලෝ?,කොට්ටේ ටිකක් පහත් කරන්නද?,beginner
would-you-like-another-pillow,s-making-requests,Would you like another pillow?,වුඩ් යූ ලයික් අනදර් පිලෝ?,තව කොට්ටයක් ඕනද?,beginner
let-me-adjust-your-pillow,s-everyday-conversations,Let me adjust your pillow.,ලෙට් මී අජස්ට් යෝ පිලෝ,කොට්ටේ හදන්නම්.,beginner
ill-cover-you-with-the-blanket,s-everyday-conversations,I'll cover you with the blanket.,අයිල් කවර් යූ විත් ද බ්ලැන්කිට්,බ්ලැන්කට් එක පොරවන්නම්.,intermediate
do-you-need-another-blanket,s-asking-questions,Do you need another blanket?,ඩූ යූ නීඩ් අනදර් බ්ලැන්කිට්?,තව බ්ලැන්කට් එකක් ඕනද?,beginner
turn-onto-your-side,s-everyday-conversations,Turn onto your side.,ටර්න් ඔන්ටු යෝ සයිඩ්,පැත්තකට හැරෙන්න.,beginner
turn-onto-your-back,s-everyday-conversations,Turn onto your back.,ටර්න් ඔන්ටු යෝ බැක්,පිටට හැරී හාන්සි වෙන්න.,beginner
let-me-help-you-turn-over,s-everyday-conversations,Let me help you turn over.,ලෙට් මී හෙල්ප් යූ ටර්න් ඕවර්,පැත්ත මාරු කරන්න උදව් කරන්නම්.,intermediate
ill-raise-the-head-of-the,s-home,I'll raise the head of the bed.,අයිල් රේස් ද හෙඩ් ඔෆ් ද බෙඩ්,ඇඳේ ඔළුව පැත්ත උස් කරන්නම්.,intermediate
ill-lower-the-bed,s-home,I'll lower the bed.,අයිල් ලෝවර් ද බෙඩ්,ඇඳ පහත් කරන්නම්.,beginner
ill-put-the-side-rail-up,s-everyday-conversations,I'll put the side rail up.,අයිල් පුට් ද සයිඩ් රේල් අප්,ඇඳේ side rail එක උස් කරන්නම්.,intermediate
please-dont-climb-out-of-bed,s-home,Please don't climb out of bed.,ප්ලීස් ඩෝන්ට් ක්ලයිම් අවුට් ඔෆ් බෙඩ්,තනියම ඇඳෙන් බහින්න එපා.,intermediate
call-me-before-you-get-up,s-phone-conversations,Call me before you get up.,කෝල් මී බිෆෝ යූ ගෙට් අප්,නැගිටින්න කලින් මට කතා කරන්න.,intermediate
sleep-well,s-home,Sleep well.,ස්ලීප් වෙල්,හොඳට නිදාගන්න.,beginner
sweet-dreams,s-everyday-conversations,Sweet dreams.,ස්වීට් ඩ්‍රීම්ස්,සුන්දර සිහින දකින්න.,beginner
ill-check-on-you-later,s-everyday-conversations,I'll check on you later.,අයිල් චෙක් ඔන් යූ ලේටර්,මම පස්සේ ඇවිත් බලන්නම්.,beginner
did-you-have-a-good-rest,s-asking-questions,Did you have a good rest?,ඩිඩ් යූ හැව් අ ගුඩ් රෙස්ට්?,හොඳට විවේක ගත්තද?,intermediate
did-you-wake-up-during-the,s-asking-questions,Did you wake up during the night?,ඩිඩ් යූ වේක් අප් ඩියුරින් ද නයිට්?,රෑ අතරමැද ඇහැරුණාද?,intermediate
do-you-need-anything-before-bed,s-home,Do you need anything before bed?,ඩූ යූ නීඩ් එනිතින් බිෆෝ බෙඩ්?,නිදාගන්න කලින් මොනවාහරි ඕනද?,intermediate
would-you-like-some-water-by,s-home,Would you like some water by your bed?,වුඩ් යූ ලයික් සම් වෝටර් බයි යෝ බෙඩ්?,ඇඳ ළඟ වතුර තියන්නද?,intermediate
ill-leave-the-light-on,s-everyday-conversations,I'll leave the light on.,අයිල් ලීව් ද ලයිට් ඔන්,light එක දාලා තියන්නම්.,beginner
ill-turn-the-light-off,s-everyday-conversations,I'll turn the light off.,අයිල් ටර්න් ද ලයිට් ඔෆ්,light එක නිවන්නම්.,beginner
would-you-like-the-door-open,s-home,Would you like the door open?,වුඩ් යූ ලයික් ද ඩෝ ඕපන්?,දොර ඇරලා තියන්නද?,intermediate
would-you-like-the-door-closed,s-home,Would you like the door closed?,වුඩ් යූ ලයික් ද ඩෝ ක්ලෝස්ඩ්?,දොර වහලා තියන්නද?,intermediate
how-are-you-feeling-emotionally,s-feelings-emotions,How are you feeling emotionally?,හව් ආ යූ ෆීලින් ඉමෝෂනලි?,හිතට කොහොමද දැනෙන්නේ?,beginner
are-you-feeling-sad,s-feelings-emotions,Are you feeling sad?,ආ යූ ෆීලින් සැඩ්?,දුකෙන්ද ඉන්නේ?,beginner
are-you-feeling-lonely,s-feelings-emotions,Are you feeling lonely?,ආ යූ ෆීලින් ලෝන්ලි?,තනිකමක් දැනෙනවද?,beginner
would-you-like-to-talk,s-making-requests,Would you like to talk?,වුඩ් යූ ලයික් ටු ටෝක්?,කතා කරන්න කැමතිද?,beginner
im-listening,s-everyday-conversations,I'm listening.,අයිම් ලිස්නින්,මම අහගෙන ඉන්නවා.,beginner
you-can-talk-to-me,s-everyday-conversations,You can talk to me.,යූ කැන් ටෝක් ටු මී,මාත් එක්ක කතා කරන්න පුළුවන්.,beginner
take-your-time-to-explain,s-everyday-conversations,Take your time to explain.,ටේක් යෝ ටයිම් ටු එක්ස්ප්ලේන්,හිමින් විස්තර කරන්න.,beginner
i-understand,s-everyday-conversations,I understand.,අයි අන්ඩර්ස්ටෑන්ඩ්,මට තේරෙනවා.,beginner
i-understand-how-you-feel,s-feelings-emotions,I understand how you feel.,අයි අන්ඩර්ස්ටෑන්ඩ් හව් යූ ෆීල්,ඔයාට දැනෙන විදිහ මට තේරෙනවා.,beginner
that-must-be-difficult,s-everyday-conversations,That must be difficult.,දැට් මස්ට් බී ඩිෆිකල්ට්,ඒක අමාරු දෙයක් වෙන්න ඇති.,beginner
im-sorry-to-hear-that,s-apologizing,I'm sorry to hear that.,අයිම් සොරි ටු හියර් දැට්,ඒක අහලා මට කනගාටුයි.,beginner
youre-not-alone,s-everyday-conversations,You're not alone.,යෝ නොට් අලෝන්,ඔයා තනියම නෙවෙයි.,beginner
im-here-with-you,s-everyday-conversations,I'm here with you.,අයිම් හියර් විත් යූ,මම ඔයා එක්ක ඉන්නවා.,beginner
we-can-do-this-together,s-everyday-conversations,We can do this together.,වී කැන් ඩූ දිස් ටුගෙදර්,අපි දෙන්නා එකට මේක කරමු.,beginner
try-not-to-worry,s-everyday-conversations,Try not to worry.,ට්‍රයි නොට් ටු වරි,වැඩිය බය වෙන්න එපා.,beginner
take-a-slow-deep-breath,s-everyday-conversations,"Take a slow, deep breath.",ටේක් අ ස්ලෝ ඩීප් බ්‍රෙත්,හිමින් ගැඹුරු හුස්මක් ගන්න.,beginner
everything-will-be-taken-care-of,s-everyday-conversations,Everything will be taken care of.,එව්රිතින් විල් බී ටේකන් කෙයා ඔෆ්,හැමදේම බලාගන්නවා.,intermediate
youre-doing-your-best,s-everyday-conversations,You're doing your best.,යෝ ඩූඉන් යෝ බෙස්ට්,ඔයා පුළුවන් උපරිමය කරනවා.,beginner
you-did-a-great-job,s-job-interviews,You did a great job.,යූ ඩිඩ් අ ග්‍රේට් ජොබ්,ඔයා හොඳට කළා.,beginner
im-proud-of-you,s-everyday-conversations,I'm proud of you.,අයිම් ප්‍රවුඩ් ඔෆ් යූ,ඔයා ගැන මට සතුටුයි.,beginner
would-you-like-to-watch-tv,s-making-requests,Would you like to watch TV?,වුඩ් යූ ලයික් ටු වොච් ටීවී?,TV බලන්න කැමතිද?,intermediate
what-would-you-like-to-watch,s-making-requests,What would you like to watch?,වොට් වුඩ් යූ ලයික් ටු වොච්?,මොනවද බලන්න කැමති?,intermediate
shall-i-turn-on-the-tv,s-everyday-conversations,Shall I turn on the TV?,ෂැල් අයි ටර්න් ඔන් ද ටීවී?,TV එක දාන්නද?,intermediate
shall-i-turn-it-down,s-everyday-conversations,Shall I turn it down?,ෂැල් අයි ටර්න් ඉට් ඩවුන්?,සද්දේ අඩු කරන්නද?,beginner
shall-i-turn-it-up,s-everyday-conversations,Shall I turn it up?,ෂැල් අයි ටර්න් ඉට් අප්?,සද්දේ වැඩි කරන්නද?,beginner
would-you-like-some-music,s-making-requests,Would you like some music?,වුඩ් යූ ලයික් සම් මියුසික්?,සින්දු අහන්න කැමතිද?,beginner
what-kind-of-music-do-you,s-asking-questions,What kind of music do you like?,වොට් කයින්ඩ් ඔෆ් මියුසික් ඩූ යූ ලයික්?,මොන වගේ සින්දුද කැමති?,intermediate
would-you-like-to-read,s-making-requests,Would you like to read?,වුඩ් යූ ලයික් ටු රීඩ්?,කියවන්න කැමතිද?,beginner
shall-i-read-this-to-you,s-everyday-conversations,Shall I read this to you?,ෂැල් අයි රීඩ් දිස් ටු යූ?,මේක මම කියවලා දෙන්නද?,intermediate
would-you-like-the-newspaper,s-making-requests,Would you like the newspaper?,වුඩ් යූ ලයික් ද නිව්ස්පේපර්?,පත්තරේ ඕනද?,beginner
lets-play-a-game,s-everyday-conversations,Let's play a game.,ලෙට්ස් ප්ලේ අ ගේම්,game එකක් කරමු.,beginner
would-you-like-to-do-a,s-making-requests,Would you like to do a puzzle?,වුඩ් යූ ලයික් ටු ඩූ අ පසල්?,puzzle එකක් කරන්න කැමතිද?,intermediate
lets-look-at-some-photos,s-everyday-conversations,Let's look at some photos.,ලෙට්ස් ලුක් ඇට් සම් ෆෝටෝස්,photos ටිකක් බලමු.,beginner
who-is-this-in-the-photo,s-asking-questions,Who is this in the photo?,හූ ඉස් දිස් ඉන් ද ෆෝටෝ?,photo එකේ මේ කවුද?,intermediate
do-you-remember-this-place,s-asking-questions,Do you remember this place?,ඩූ යූ රිමෙම්බර් දිස් ප්ලේස්?,ඔයාට මේ තැන මතකද?,beginner
thats-a-lovely-photo,s-everyday-conversations,That's a lovely photo.,දැට්ස් අ ලව්ලි ෆෝටෝ,ඒ photo එක ලස්සනයි.,beginner
tell-me-about-your-family,s-family-friends,Tell me about your family.,ටෙල් මී අබවුට් යෝ ෆැමිලි,පවුල ගැන කියන්න.,beginner
do-you-have-any-children,s-family-friends,Do you have any children?,ඩූ යූ හැව් එනි චිල්ඩ්‍රන්?,දරුවෝ ඉන්නවද?,beginner
do-you-have-grandchildren,s-asking-questions,Do you have grandchildren?,ඩූ යූ හැව් ග්‍රෑන්ඩ්චිල්ඩ්‍රන්?,මුණුබුරු මිනිබිරියෝ ඉන්නවද?,beginner
would-you-like-to-call-your,s-family-friends,Would you like to call your family?,වුඩ් යූ ලයික් ටු කෝල් යෝ ෆැමිලි?,පවුලේ අයට call කරන්න කැමතිද?,intermediate
ill-help-you-make-the-call,s-everyday-conversations,I'll help you make the call.,අයිල් හෙල්ප් යූ මේක් ද කෝල්,call එක ගන්න උදව් කරන්නම්.,intermediate
your-family-is-calling,s-family-friends,Your family is calling.,යෝ ෆැමිලි ඉස් කෝලින්,පවුලේ අය call කරනවා.,beginner
you-have-a-visitor,s-everyday-conversations,You have a visitor.,යූ හැව් අ විසිටර්,ඔයාව බලන්න කෙනෙක් ඇවිල්ලා.,beginner
someone-is-here-to-see-you,s-everyday-conversations,Someone is here to see you.,සම්වන් ඉස් හියර් ටු සී යූ,කෙනෙක් ඔයාව බලන්න ඇවිල්ලා.,intermediate
would-you-like-to-see-them,s-making-requests,Would you like to see them?,වුඩ් යූ ලයික් ටු සී දෙම්?,ඒ අයව හම්බවෙන්න කැමතිද?,intermediate
your-daughter-is-here,s-family-friends,Your daughter is here.,යෝ ඩෝටර් ඉස් හියර්,ඔයාගේ දුව ඇවිල්ලා.,beginner
your-son-is-here,s-family-friends,Your son is here.,යෝ සන් ඉස් හියර්,ඔයාගේ පුතා ඇවිල්ලා.,beginner
your-friend-is-here,s-family-friends,Your friend is here.,යෝ ෆ්‍රෙන්ඩ් ඉස් හියර්,ඔයාගේ යාළුවා ඇවිල්ලා.,beginner
they-will-visit-you-tomorrow,s-travel,They will visit you tomorrow.,දේ විල් විසිට් යූ ටුමොරෝ,ඒ අය හෙට එනවා.,beginner
they-called-to-check-on-you,s-everyday-conversations,They called to check on you.,දේ කෝල්ඩ් ටු චෙක් ඔන් යූ,ඔයා කොහොමද කියලා බලන්න call කළා.,intermediate
do-you-know-what-day-it,s-asking-questions,Do you know what day it is today?,ඩූ යූ නෝ වොට් ඩේ ඉට් ඉස් ටුඩේ?,අද දවස මොකක්ද කියලා දන්නවද?,intermediate
today-is-monday,s-everyday-conversations,Today is Monday.,ටුඩේ ඉස් මන්ඩේ,අද සඳුදා.,beginner
its-morning-now,s-everyday-conversations,It's morning now.,ඉට්ස් මෝනින් නව්,දැන් උදේ.,beginner
its-afternoon-now,s-everyday-conversations,It's afternoon now.,ඉට්ස් ආෆ්ටනූන් නව්,දැන් දවල්.,beginner
its-evening-now,s-everyday-conversations,It's evening now.,ඉට්ස් ඊව්නින් නව්,දැන් හවස.,beginner
its-nighttime-now,s-everyday-conversations,It's nighttime now.,ඉට්ස් නයිට්ටයිම් නව්,දැන් රෑ.,beginner
youre-at-home,s-home,You're at home.,යෝ ඇට් හෝම්,ඔයා දැන් ගෙදර.,beginner
youre-in-your-room,s-home,You're in your room.,යෝ ඉන් යෝ රූම්,ඔයා ඔයාගේ කාමරේ.,beginner
im-your-caregiver,s-everyday-conversations,I'm your caregiver.,අයිම් යෝ කෙයාගිවර්,මම ඔයාගේ caregiver.,beginner
my-name-is,s-everyday-conversations,My name is ___.,මයි නේම් ඉස් ___,මගේ නම ___.,beginner
do-you-remember-my-name,s-asking-questions,Do you remember my name?,ඩූ යූ රිමෙම්බර් මයි නේම්?,මගේ නම මතකද?,beginner
its-okay-if-you-dont-remember,s-everyday-conversations,It's okay if you don't remember.,ඉට්ස් ඕකේ ඉෆ් යූ ඩෝන්ට් රිමෙම්බර්,මතක නැති වුණාට කමක් නෑ.,intermediate
let-me-remind-you,s-everyday-conversations,Let me remind you.,ලෙට් මී රිමයින්ඩ් යූ,මම මතක් කරන්නම්.,beginner
were-going-to-have-lunch-soon,s-restaurants-food,We're going to have lunch soon.,වීආ ගෝයින් ටු හැව් ලන්ච් සූන්,ටිකකින් දවල් කෑම කනවා.,intermediate
your-appointment-is-today,s-doctor-health,Your appointment is today.,යෝ අපොයින්ට්මන්ට් ඉස් ටුඩේ,appointment එක අද.,beginner
we-have-a-doctors-appointment,s-doctor-health,We have a doctor's appointment.,වී හැව් අ ඩොක්ටර්ස් අපොයින්ට්මන්ට්,doctorව හම්බවෙන්න appointment එකක් තියෙනවා.,beginner
we-need-to-leave-soon,s-everyday-conversations,We need to leave soon.,වී නීඩ් ටු ලීව් සූන්,ටිකකින් පිටත් වෙන්න ඕන.,beginner
lets-get-ready,s-everyday-conversations,Let's get ready.,ලෙට්ස් ගෙට් රෙඩි,ලෑස්ති වෙමු.,beginner
do-you-know-where-we-are,s-asking-questions,Do you know where we are going?,ඩූ යූ නෝ වෙයා වී ආ ගෝයින්?,අපි කොහෙද යන්නේ කියලා දන්නවද?,intermediate
were-going-to-the-clinic,s-doctor-health,We're going to the clinic.,වීආ ගෝයින් ටු ද ක්ලිනික්,අපි clinic එකට යනවා.,beginner
the-doctor-will-see-you-soon,s-doctor-health,The doctor will see you soon.,ද ඩොක්ටර් විල් සී යූ සූන්,doctor ටිකකින් ඔයාව බලයි.,intermediate
please-wait-here,s-making-requests,Please wait here.,ප්ලීස් වේට් හියර්,මෙතන ඉන්න.,beginner
its-our-turn-now,s-everyday-conversations,It's our turn now.,ඉට්ස් අවර් ටර්න් නව්,දැන් අපේ වාරය.,beginner
lets-go-in,s-everyday-conversations,Let's go in.,ලෙට්ස් ගෝ ඉන්,ඇතුළට යමු.,beginner
the-doctor-wants-to-examine-you,s-doctor-health,The doctor wants to examine you.,ද ඩොක්ටර් වොන්ට්ස් ටු එක්සැමින් යූ,doctor ඔයාව පරීක්ෂා කරන්න ඕන කියනවා.,intermediate
please-follow-the-doctors-instructions,s-doctor-health,Please follow the doctor's instructions.,ප්ලීස් ෆොලෝ ද ඩොක්ටර්ස් ඉන්ස්ට්‍රක්ෂන්ස්,doctor කියන දේ කරන්න.,beginner
do-you-understand-what-the-doctor,s-doctor-health,Do you understand what the doctor said?,ඩූ යූ අන්ඩර්ස්ටෑන්ඩ් වොට් ද ඩොක්ටර් සෙඩ්?,doctor කියපු දේ තේරුණාද?,intermediate
ill-explain-it-to-you,s-everyday-conversations,I'll explain it to you.,අයිල් එක්ස්ප්ලේන් ඉට් ටු යූ,මම පැහැදිලි කරන්නම්.,beginner
we-need-to-pick-up-your,s-doctor-health,We need to pick up your medicine.,වී නීඩ් ටු පික් අප් යෝ මෙඩිසින්,බෙහෙත් අරගන්න ඕන.,intermediate
lets-go-to-the-pharmacy,s-everyday-conversations,Let's go to the pharmacy.,ලෙට්ස් ගෝ ටු ද ෆාමසි,pharmacy එකට යමු.,beginner
do-you-feel-safe-walking,s-feelings-emotions,Do you feel safe walking?,ඩූ යූ ෆීල් සේෆ් වෝකින්?,ඇවිදිනකොට ආරක්ෂිතයි වගේද?,beginner
have-you-fallen-recently,s-asking-questions,Have you fallen recently?,හැව් යූ ෆෝලන් රීසන්ට්ලි?,මෑතකදී වැටුණද?,beginner
did-you-hurt-yourself,s-doctor-health,Did you hurt yourself?,ඩිඩ් යූ හර්ට් යෝසෙල්ෆ්?,තුවාල වුණාද?,beginner
dont-move-yet,s-everyday-conversations,Don't move yet.,ඩෝන්ට් මූව් යෙට්,තාම හෙල්ලෙන්න එපා.,beginner
stay-where-you-are,s-everyday-conversations,Stay where you are.,ස්ටේ වෙයා යූ ආ,ඔහොමම ඉන්න.,beginner
ill-get-some-help,s-everyday-conversations,I'll get some help.,අයිල් ගෙට් සම් හෙල්ප්,මම උදව්වක් ගේන්නම්.,beginner
can-you-move-your-arm,s-making-requests,Can you move your arm?,කැන් යූ මූව් යෝ ආම්?,අත හොලවන්න පුළුවන්ද?,beginner
can-you-move-your-leg,s-making-requests,Can you move your leg?,කැන් යූ මූව් යෝ ලෙග්?,කකුල හොලවන්න පුළුවන්ද?,beginner
did-you-hit-your-head,s-asking-questions,Did you hit your head?,ඩිඩ් යූ හිට් යෝ හෙඩ්?,ඔළුව වැදුණද?,beginner
are-you-bleeding,s-asking-questions,Are you bleeding?,ආ යූ බ්ලීඩින්?,ලේ එනවද?,beginner
ill-clean-the-wound,s-home,I'll clean the wound.,අයිල් ක්ලීන් ද වූන්ඩ්,තුවාලය පිරිසිදු කරන්නම්.,beginner
this-may-sting-a-little,s-everyday-conversations,This may sting a little.,දිස් මේ ස්ටිං අ ලිට්ල්,මේක ටිකක් දැවිල්ල දැනෙන්න පුළුවන්.,beginner
ill-put-a-bandage-on-it,s-everyday-conversations,I'll put a bandage on it.,අයිල් පුට් අ බැන්ඩේජ් ඔන් ඉට්,bandage එකක් දාන්නම්.,intermediate
dont-touch-the-wound,s-everyday-conversations,Don't touch the wound.,ඩෝන්ට් ටච් ද වූන්ඩ්,තුවාලය අල්ලන්න එපා.,beginner
keep-the-area-clean-and-dry,s-home,Keep the area clean and dry.,කීප් දි ඒරියා ක්ලීන් ඇන්ඩ් ඩ්‍රයි,ඒ තැන පිරිසිදුව වියළිව තියාගන්න.,intermediate
let-me-check-your-skin,s-everyday-conversations,Let me check your skin.,ලෙට් මී චෙක් යෝ ස්කින්,සම බලන්නම්.,beginner
does-this-area-hurt,s-doctor-health,Does this area hurt?,ඩස් දිස් ඒරියා හර්ට්?,මේ තැන රිදෙනවද?,beginner
is-your-skin-itchy,s-asking-questions,Is your skin itchy?,ඉස් යෝ ස්කින් ඉචි?,සම කසනවද?,beginner
do-you-have-a-rash,s-asking-questions,Do you have a rash?,ඩූ යූ හැව් අ රෑෂ්?,පලු/රෑෂ් එකක් තියෙනවද?,beginner
ill-tell-the-nurse-about-it,s-everyday-conversations,I'll tell the nurse about it.,අයිල් ටෙල් ද නර්ස් අබවුට් ඉට්,ඒ ගැන nurseට කියන්නම්.,intermediate
we-need-to-change-your-position,s-job-interviews,We need to change your position.,වී නීඩ් ටු චේන්ජ් යෝ පොසිෂන්,ඉන්න පැත්ත මාරු කරන්න ඕන.,intermediate
this-will-help-prevent-pressure-sores,s-everyday-conversations,This will help prevent pressure sores.,දිස් විල් හෙල්ප් ප්‍රිවෙන්ට් ප්‍රෙෂර් සෝස්,මේකෙන් ඇඳ තුවාල එන එක අඩු කරගන්න පුළුවන්.,intermediate
let-me-put-a-pillow-under,s-everyday-conversations,Let me put a pillow under your leg.,ලෙට් මී පුට් අ පිලෝ අන්ඩර් යෝ ලෙග්,කකුල යටින් කොට්ටයක් තියන්නම්.,intermediate
let-me-support-your-back,s-everyday-conversations,Let me support your back.,ලෙට් මී සපෝට් යෝ බැක්,පිටට support එකක් දෙන්නම්.,beginner
tell-me-if-youre-uncomfortable,s-everyday-conversations,Tell me if you're uncomfortable.,ටෙල් මී ඉෆ් යෝ අන්කම්ෆටබල්,අපහසු නම් කියන්න.,beginner
ill-make-you-more-comfortable,s-everyday-conversations,I'll make you more comfortable.,අයිල් මේක් යූ මෝ කම්ෆටබල්,තව පහසු විදිහට හදන්නම්.,beginner
please-dont-scratch-it,s-making-requests,Please don't scratch it.,ප්ලීස් ඩෝන්ට් ස්ක්‍රැච් ඉට්,ඒක කසන්න එපා.,beginner
your-skin-looks-a-little-red,s-everyday-conversations,Your skin looks a little red.,යෝ ස්කින් ලුක්ස් අ ලිට්ල් රෙඩ්,සම ටිකක් රතු වෙලා.,intermediate
let-me-apply-some-cream,s-everyday-conversations,Let me apply some cream.,ලෙට් මී අප්ලයි සම් ක්‍රීම්,cream ටිකක් ගාන්නම්.,beginner
do-you-wear-glasses,s-asking-questions,Do you wear glasses?,ඩූ යූ වෙයා ග්ලාසස්?,කණ්ණාඩි දානවද?,beginner
here-are-your-glasses,s-everyday-conversations,Here are your glasses.,හියර් ආ යෝ ග්ලාසස්,මෙන්න කණ්ණාඩිය.,beginner
shall-i-clean-your-glasses,s-home,Shall I clean your glasses?,ෂැල් අයි ක්ලීන් යෝ ග්ලාසස්?,කණ්ණාඩිය පිරිසිදු කරන්නද?,beginner
do-you-use-a-hearing-aid,s-asking-questions,Do you use a hearing aid?,ඩූ යූ යූස් අ හියරින් ඒඩ්?,hearing aid එකක් පාවිච්චි කරනවද?,intermediate
heres-your-hearing-aid,s-everyday-conversations,Here's your hearing aid.,හියර්ස් යෝ හියරින් ඒඩ්,මෙන්න hearing aid එක.,beginner
shall-i-speak-louder,s-everyday-conversations,Shall I speak louder?,ෂැල් අයි ස්පීක් ලවුඩර්?,ටිකක් සද්දෙන් කතා කරන්නද?,beginner
ill-speak-slowly,s-everyday-conversations,I'll speak slowly.,අයිල් ස්පීක් ස්ලෝලි,මම හිමින් කතා කරන්නම්.,beginner
please-tell-me-if-you-cant,s-making-requests,Please tell me if you can't hear me.,ප්ලීස් ටෙල් මී ඉෆ් යූ කාන්ට් හියර් මී,ඇහෙන්නේ නැත්නම් කියන්න.,intermediate
can-you-see-this-clearly,s-making-requests,Can you see this clearly?,කැන් යූ සී දිස් ක්ලියර්ලි?,මේක පැහැදිලිව පේනවද?,beginner
do-you-need-your-dentures,s-asking-questions,Do you need your dentures?,ඩූ යූ නීඩ් යෝ ඩෙන්චර්ස්?,බොරු දත් ටික ඕනද?,beginner
let-me-clean-your-dentures,s-home,Let me clean your dentures.,ලෙට් මී ක්ලීන් යෝ ඩෙන්චර්ස්,බොරු දත් පිරිසිදු කරන්නම්.,beginner
please-remove-your-dentures,s-making-requests,Please remove your dentures.,ප්ලීස් රිමූව් යෝ ඩෙන්චර්ස්,බොරු දත් ගලවන්න.,beginner
open-your-mouth-please,s-making-requests,"Open your mouth, please.",ඕපන් යෝ මවුත් ප්ලීස්,කට අරින්න.,beginner
does-your-mouth-feel-dry,s-feelings-emotions,Does your mouth feel dry?,ඩස් යෝ මවුත් ෆීල් ඩ්‍රයි?,කට වියළිද?,beginner
your-lips-look-dry,s-everyday-conversations,Your lips look dry.,යෝ ලිප්ස් ලුක් ඩ්‍රයි,තොල් වියළි වගේ.,beginner
ill-put-some-lip-balm-on,s-everyday-conversations,I'll put some lip balm on.,අයිල් පුට් සම් ලිප් බාම් ඔන්,lip balm ටිකක් දාන්නම්.,intermediate
is-it-difficult-to-swallow,s-asking-questions,Is it difficult to swallow?,ඉස් ඉට් ඩිෆිකල්ට් ටු ස්වොලෝ?,ගිලින්න අමාරුද?,beginner
did-you-choke-on-your-food,s-restaurants-food,Did you choke on your food?,ඩිඩ් යූ චෝක් ඔන් යෝ ෆූඩ්?,කෑම උගුරේ හිර වුණාද?,intermediate
please-cough,s-doctor-health,Please cough.,ප්ලීස් කොෆ්,කැස්සක් දෙන්න.,beginner
dont-eat-too-quickly,s-restaurants-food,Don't eat too quickly.,ඩෝන්ට් ඊට් ටූ ක්වික්ලි,වැඩිය ඉක්මනට කන්න එපා.,beginner
ill-stay-with-you-while-you,s-restaurants-food,I'll stay with you while you eat.,අයිල් ස්ටේ විත් යූ වයිල් යූ ඊට්,කනකම් මම ළඟ ඉන්නම්.,intermediate
let-me-know-if-swallowing-is,s-everyday-conversations,Let me know if swallowing is difficult.,ලෙට් මී නෝ ඉෆ් ස්වොලෝවින් ඉස් ඩිෆිකල්ට්,ගිලින්න අමාරු නම් කියන්න.,intermediate
sit-upright-for-a-while,s-everyday-conversations,Sit upright for a while.,සිට් අප්රයිට් ෆෝ අ වයිල්,ටික වෙලාවක් කෙළින් වාඩිවෙන්න.,beginner
dont-talk-while-chewing,s-everyday-conversations,Don't talk while chewing.,ඩෝන්ට් ටෝක් වයිල් චූඉන්,හපනකොට කතා කරන්න එපා.,beginner
take-your-time-with-your-food,s-restaurants-food,Take your time with your food.,ටේක් යෝ ටයිම් විත් යෝ ෆූඩ්,කෑම හිමින් කන්න.,intermediate
ill-get-you-something-softer,s-everyday-conversations,I'll get you something softer.,අයිල් ගෙට් යූ සම්තින් සොෆ්ටර්,මම මෘදු කෑමක් ගෙනෙන්නම්.,beginner
would-you-prefer-soup,s-making-requests,Would you prefer soup?,වුඩ් යූ ප්‍රිෆර් සූප්?,soup කැමතිද?,beginner
would-you-like-your-food-mashed,s-restaurants-food,Would you like your food mashed?,වුඩ් යූ ලයික් යෝ ෆූඩ් මෑෂ්ට්?,කෑම පොඩි කරලා දෙන්නද?,intermediate
i-need-to-change-your-diaper,s-banking-money,I need to change your diaper.,අයි නීඩ් ටු චේන්ජ් යෝ ඩයපර්,diaper එක මාරු කරන්න ඕන.,intermediate
lets-get-you-cleaned-up,s-everyday-conversations,Let's get you cleaned up.,ලෙට්ස් ගෙට් යූ ක්ලීන්ඩ් අප්,පිරිසිදු කරමු.,beginner
ill-be-gentle,s-everyday-conversations,I'll be gentle.,අයිල් බී ජෙන්ටල්,මම හිමින් පරිස්සමින් කරන්නම්.,beginner
please-turn-to-your-side,s-making-requests,Please turn to your side.,ප්ලීස් ටර්න් ටු යෝ සයිඩ්,පැත්තකට හැරෙන්න.,beginner
lift-your-hips-a-little,s-everyday-conversations,Lift your hips a little.,ලිෆ්ට් යෝ හිප්ස් අ ලිට්ල්,ඉන ටිකක් උස්සන්න.,beginner
ill-put-a-clean-pad-underneath,s-home,I'll put a clean pad underneath.,අයිල් පුට් අ ක්ලීන් පැඩ් අන්ඩර්නීත්,පිරිසිදු pad එකක් යටින් තියන්නම්.,intermediate
does-your-skin-feel-sore,s-feelings-emotions,Does your skin feel sore?,ඩස් යෝ ස්කින් ෆීල් සෝ?,සම රිදෙනවද?,beginner
ill-apply-some-barrier-cream,s-everyday-conversations,I'll apply some barrier cream.,අයිල් අප්ලයි සම් බැරියර් ක්‍රීම්,ආරක්ෂිත cream එකක් ගාන්නම්.,beginner
youre-all-clean-now,s-home,You're all clean now.,යෝ ඕල් ක්ලීන් නව්,දැන් ඔක්කොම පිරිසිදුයි.,beginner
let-me-wash-my-hands-first,s-home,Let me wash my hands first.,ලෙට් මී වොෂ් මයි හෑන්ඩ්ස් ෆර්ස්ට්,මුලින් මම අත් සෝදගන්නම්.,intermediate
ill-put-on-some-gloves,s-everyday-conversations,I'll put on some gloves.,අයිල් පුට් ඔන් සම් ග්ලව්ස්,gloves දාගන්නම්.,beginner
we-need-to-keep-everything-clean,s-home,We need to keep everything clean.,වී නීඩ් ටු කීප් එව්රිතින් ක්ලීන්,හැමදේම පිරිසිදුව තියාගන්න ඕන.,intermediate
let-me-change-the-bedsheet,s-banking-money,Let me change the bedsheet.,ලෙට් මී චේන්ජ් ද බෙඩ්ෂීට්,bedsheet එක මාරු කරන්නම්.,beginner
your-bedding-is-wet,s-everyday-conversations,Your bedding is wet.,යෝ බෙඩින් ඉස් වෙට්,ඇඳේ රෙදි තෙමිලා.,beginner
ill-get-fresh-bedding,s-everyday-conversations,I'll get fresh bedding.,අයිල් ගෙට් ෆ්‍රෙෂ් බෙඩින්,පිරිසිදු ඇඳ රෙදි ගෙනෙන්නම්.,beginner
let-me-make-your-bed,s-home,Let me make your bed.,ලෙට් මී මේක් යෝ බෙඩ්,ඇඳ හදන්නම්.,beginner
ill-tidy-your-room,s-home,I'll tidy your room.,අයිල් ටයිඩි යෝ රූම්,කාමරේ අස් කරන්නම්.,beginner
ill-empty-the-trash,s-everyday-conversations,I'll empty the trash.,අයිල් එම්ප්ටි ද ට්‍රෑෂ්,කුණු ටික අයින් කරන්නම්.,beginner
ill-clean-the-bathroom,s-home,I'll clean the bathroom.,අයිල් ක්ලීන් ද බාත්රූම්,bathroom එක පිරිසිදු කරන්නම්.,beginner
the-floor-is-wet-so-be,s-everyday-conversations,"The floor is wet, so be careful.","ද ෆ්ලෝ ඉස් වෙට්, සෝ බී කෙයාෆුල්","බිම තෙමිලා, පරිස්සමින්.",intermediate
please-dont-walk-here-yet,s-making-requests,Please don't walk here yet.,ප්ලීස් ඩෝන්ට් වෝක් හියර් යෙට්,තාම මෙතනින් යන්න එපා.,beginner
ill-clean-that-up,s-home,I'll clean that up.,අයිල් ක්ලීන් දැට් අප්,මම ඒක පිරිසිදු කරන්නම්.,beginner
let-me-organize-your-things,s-everyday-conversations,Let me organize your things.,ලෙට් මී ඕගනයිස් යෝ තිංස්,බඩු ටික පිළිවෙළට තියන්නම්.,beginner
where-would-you-like-me-to,s-making-requests,Where would you like me to put this?,වෙයා වුඩ් යූ ලයික් මී ටු පුට් දිස්?,මේක කොහෙද තියන්න ඕන?,intermediate
ill-put-it-beside-your-bed,s-home,I'll put it beside your bed.,අයිල් පුට් ඉට් බිසයිඩ් යෝ බෙඩ්,ඇඳ ළඟින් තියන්නම්.,intermediate
your-phone-is-on-the-table,s-phone-conversations,Your phone is on the table.,යෝ ෆෝන් ඉස් ඔන් ද ටේබල්,phone එක මේසේ උඩ.,intermediate
your-glasses-are-beside-you,s-everyday-conversations,Your glasses are beside you.,යෝ ග්ලාසස් ආ බිසයිඩ් යූ,කණ්ණාඩිය ඔයා ළඟ.,beginner
your-walking-stick-is-here,s-everyday-conversations,Your walking stick is here.,යෝ වෝකින් ස්ටික් ඉස් හියර්,walking stick එක මෙතන.,beginner
keep-the-call-bell-close-to,s-everyday-conversations,Keep the call bell close to you.,කීප් ද කෝල් බෙල් ක්ලෝස් ටු යූ,call bell එක ළඟින් තියාගන්න.,intermediate
ill-make-sure-you-can-reach,s-everyday-conversations,I'll make sure you can reach everything.,අයිල් මේක් ෂුවර් යූ කැන් රීච් එව්රිතින්,ඕන දේවල් අතට ලැබෙන තැන තියන්නම්.,intermediate
what-can-i-do-for-you,s-asking-questions,What can I do for you?,වොට් කැන් අයි ඩූ ෆෝ යූ?,මම මොනවද කරලා දෙන්න ඕන?,intermediate
is-there-anything-else-you-need,s-asking-questions,Is there anything else you need?,ඉස් දෙයා එනිතින් එල්ස් යූ නීඩ්?,තව මොනවාහරි ඕනද?,intermediate
would-you-like-anything-else,s-making-requests,Would you like anything else?,වුඩ් යූ ලයික් එනිතින් එල්ස්?,තව මොනවාහරි කැමතිද?,beginner
just-let-me-know,s-everyday-conversations,Just let me know.,ජස්ට් ලෙට් මී නෝ,මට කියන්න.,beginner
ill-be-nearby,s-giving-directions,I'll be nearby.,අයිල් බී නියර්බයි,මම ළඟම ඉන්නම්.,beginner
ill-be-back-in-a-few,s-meetings,I'll be back in a few minutes.,අයිල් බී බැක් ඉන් අ ෆියූ මිනිට්ස්,මම මිනිත්තු කීපයකින් එන්නම්.,intermediate
please-wait-for-me-here,s-making-requests,Please wait for me here.,ප්ලීස් වේට් ෆෝ මී හියර්,මම එනකම් මෙතන ඉන්න.,beginner
im-going-to-get-your-meal,s-everyday-conversations,I'm going to get your meal.,අයිම් ගෝයින් ටු ගෙට් යෝ මීල්,මම කෑම ගේන්න යනවා.,intermediate
im-going-to-get-your-medicine,s-doctor-health,I'm going to get your medicine.,අයිම් ගෝයින් ටු ගෙට් යෝ මෙඩිසින්,මම බෙහෙත් ගේන්න යනවා.,intermediate
im-going-to-call-the-nurse,s-everyday-conversations,I'm going to call the nurse.,අයිම් ගෝයින් ටු කෝල් ද නර්ස්,මම nurseට කතා කරන්න යනවා.,intermediate
the-nurse-will-be-here-soon,s-everyday-conversations,The nurse will be here soon.,ද නර්ස් විල් බී හියර් සූන්,nurse ටිකකින් එයි.,intermediate
the-doctor-has-been-informed,s-doctor-health,The doctor has been informed.,ද ඩොක්ටර් හැස් බීන් ඉන්ෆෝම්ඩ්,doctorට දැනුම් දීලා තියෙන්නේ.,beginner
your-family-has-been-informed,s-family-friends,Your family has been informed.,යෝ ෆැමිලි හැස් බීන් ඉන්ෆෝම්ඩ්,පවුලේ අයට දැනුම් දීලා.,beginner
ill-write-that-down,s-everyday-conversations,I'll write that down.,අයිල් රයිට් දැට් ඩවුන්,මම ඒක ලියලා තියාගන්නම්.,beginner
ill-make-a-note-of-it,s-everyday-conversations,I'll make a note of it.,අයිල් මේක් අ නෝට් ඔෆ් ඉට්,ඒ ගැන note එකක් දාගන්නම්.,intermediate
when-did-this-start,s-asking-questions,When did this start?,වෙන් ඩිඩ් දිස් ස්ටාට්?,මේක පටන්ගත්තේ කවද්ද?,beginner
how-long-have-you-felt-like,s-asking-questions,How long have you felt like this?,හව් ලෝන්ග් හැව් යූ ෆෙල්ට් ලයික් දිස්?,කොච්චර කාලෙක ඉඳන්ද මෙහෙම දැනෙන්නේ?,intermediate
has-this-happened-before,s-asking-questions,Has this happened before?,හැස් දිස් හැපන්ඩ් බිෆෝ?,කලිනුත් මෙහෙම වෙලා තියෙනවද?,beginner
is-anything-different-today,s-asking-questions,Is anything different today?,ඉස් එනිතින් ඩිෆරන්ට් ටුඩේ?,අද වෙනසක් තියෙනවද?,beginner
did-you-eat-anything-unusual,s-restaurants-food,Did you eat anything unusual?,ඩිඩ් යූ ඊට් එනිතින් අන්යූෂුවල්?,වෙනදා නොකන දෙයක් කෑවද?,beginner
did-you-sleep-enough-last-night,s-home,Did you sleep enough last night?,ඩිඩ් යූ ස්ලීප් ඉනෆ් ලාස්ට් නයිට්?,ඊයේ රෑ හොඳට නිදාගත්තද?,intermediate
have-you-been-drinking-enough-water,s-asking-questions,Have you been drinking enough water?,හැව් යූ බීන් ඩ්‍රින්කින් ඉනෆ් වෝටර්?,වතුර හොඳට බොනවද?,intermediate
have-you-lost-your-appetite,s-asking-questions,Have you lost your appetite?,හැව් යූ ලොස්ට් යෝ ඇපටයිට්?,කෑම රුචිය අඩු වෙලාද?,beginner
did-you-eat-breakfast-today,s-restaurants-food,Did you eat breakfast today?,ඩිඩ් යූ ඊට් බ්‍රෙක්ෆස්ට් ටුඩේ?,අද උදේ කෑම කෑවද?,beginner
how-much-water-have-you-had,s-asking-questions,How much water have you had today?,හව් මච් වෝටර් හැව් යූ හැඩ් ටුඩේ?,අද වතුර කොච්චර බීලද?,intermediate
have-you-been-feeling-confused,s-feelings-emotions,Have you been feeling confused?,හැව් යූ බීන් ෆීලින් කන්ෆියුස්ඩ්?,ටිකක් අවුල්/ගැටලු වගේ දැනෙනවද?,beginner
do-you-know-where-you-are,s-asking-questions,Do you know where you are?,ඩූ යූ නෝ වෙයා යූ ආ?,ඔයා කොහෙද ඉන්නේ කියලා දන්නවද?,intermediate
can-you-tell-me-your-name,s-making-requests,Can you tell me your name?,කැන් යූ ටෙල් මී යෝ නේම්?,ඔයාගේ නම කියන්න පුළුවන්ද?,intermediate
can-you-tell-me-todays-date,s-making-requests,Can you tell me today's date?,කැන් යූ ටෙල් මී ටුඩේස් ඩේට්?,අද දිනය කියන්න පුළුවන්ද?,intermediate
please-stay-calm,s-making-requests,Please stay calm.,ප්ලීස් ස්ටේ කාම්,කලබල වෙන්න එපා.,beginner
help-is-on-the-way,s-everyday-conversations,Help is on the way.,හෙල්ප් ඉස් ඔන් ද වේ,උදව් එන ගමන්.,beginner
im-calling-an-ambulance,s-emergencies,I'm calling an ambulance.,අයිම් කෝලින් ඇන් ඇම්බියුලන්ස්,මම ambulance එකට call කරනවා.,beginner
dont-try-to-stand-up,s-everyday-conversations,Don't try to stand up.,ඩෝන්ට් ට්‍රයි ටු ස්ටෑන්ඩ් අප්,නැගිටින්න උත්සාහ කරන්න එපා.,beginner
stay-with-me,s-everyday-conversations,Stay with me.,ස්ටේ විත් මී,මාත් එක්ක ඉන්න.,beginner
keep-talking-to-me,s-everyday-conversations,Keep talking to me.,කීප් ටෝකින් ටු මී,මාත් එක්ක කතා කරගෙන ඉන්න.,beginner
can-you-hear-me,s-making-requests,Can you hear me?,කැන් යූ හියර් මී?,මම කියන දේ ඇහෙනවද?,beginner
open-your-eyes,s-everyday-conversations,Open your eyes.,ඕපන් යෝ අයිස්,ඇස් අරින්න.,beginner
try-to-stay-awake,s-everyday-conversations,Try to stay awake.,ට්‍රයි ටු ස්ටේ අවේක්,ඇහැරගෙන ඉන්න බලන්න.,beginner
dont-eat-or-drink-anything-yet,s-restaurants-food,Don't eat or drink anything yet.,ඩෝන්ට් ඊට් ඕ ඩ්‍රින්ක් එනිතින් යෙට්,තාම මොනවත් කන්න බොන්න එපා.,intermediate
the-ambulance-is-coming,s-emergencies,The ambulance is coming.,දි ඇම්බියුලන්ස් ඉස් කමින්,ambulance එක එනවා.,beginner
the-paramedics-are-here,s-everyday-conversations,The paramedics are here.,ද පැරමෙඩික්ස් ආ හියර්,emergency medical team එක ඇවිල්ලා.,beginner
ill-explain-what-happened,s-everyday-conversations,I'll explain what happened.,අයිල් එක්ස්ප්ලේන් වොට් හැපන්ඩ්,වෙච්ච දේ මම පැහැදිලි කරන්නම්.,beginner
they-will-take-good-care-of,s-everyday-conversations,They will take good care of you.,දේ විල් ටේක් ගුඩ් කෙයා ඔෆ් යූ,ඒ අය ඔයාව හොඳට බලාගනී.,intermediate
ill-bring-your-medical-records,s-everyday-conversations,I'll bring your medical records.,අයිල් බ්‍රිං යෝ මෙඩිකල් රෙකෝඩ්ස්,medical records ටික ගෙනෙන්නම්.,beginner
ill-bring-your-medication-list,s-everyday-conversations,I'll bring your medication list.,අයිල් බ්‍රිං යෝ මෙඩිකේෂන් ලිස්ට්,බෙහෙත් list එක ගෙනෙන්නම්.,beginner
do-you-have-your-id-with,s-asking-questions,Do you have your ID with you?,ඩූ යූ හැව් යෝ අයිඩී විත් යූ?,ID එක ළඟ තියෙනවද?,intermediate
ill-contact-your-family,s-family-friends,I'll contact your family.,අයිල් කොන්ටැක්ට් යෝ ෆැමිලි,පවුලේ අයට දැනුම් දෙන්නම්.,beginner
ill-stay-until-help-arrives,s-everyday-conversations,I'll stay until help arrives.,අයිල් ස්ටේ අන්ටිල් හෙල්ප් අරයිව්ස්,උදව් එනකම් මම ඉන්නම්.,beginner
youre-in-good-hands,s-everyday-conversations,You're in good hands.,යෝ ඉන් ගුඩ් හෑන්ඩ්ස්,ඔයාව හොඳට බලාගන්න අය ළඟ ඉන්නේ.,beginner
thank-you-for-telling-me,s-thanking,Thank you for telling me.,තෑන්ක් යූ ෆෝ ටෙලින් මී,මට කියපු එකට ස්තුතියි.,beginner
thank-you-for-letting-me-know,s-thanking,Thank you for letting me know.,තෑන්ක් යූ ෆෝ ලෙටින් මී නෝ,මට දැනුම් දුන්නට ස්තුතියි.,intermediate
its-my-pleasure,s-everyday-conversations,It's my pleasure.,ඉට්ස් මයි ප්ලෙෂර්,ඒක මට සතුටක්.,beginner
im-happy-to-help,s-feelings-emotions,I'm happy to help.,අයිම් හැපි ටු හෙල්ප්,උදව් කරන්න ලැබීම සතුටක්.,beginner
please-dont-hesitate-to-ask,s-making-requests,Please don't hesitate to ask.,ප්ලීස් ඩෝන්ට් හෙසිටේට් ටු ආස්ක්,ඕන දෙයක් අහන්න බය වෙන්න එපා.,beginner
let-me-know-whenever-you-need,s-everyday-conversations,Let me know whenever you need me.,ලෙට් මී නෝ වෙනෙවර් යූ නීඩ් මී,මාව ඕන වෙලාවක කියන්න.,intermediate
is-there-anything-i-can-do,s-asking-questions,Is there anything I can do to make you more comfortable?,ඉස් දෙයා එනිතින් අයි කැන් ඩූ ටු මේක් යූ මෝ කම්ෆටබල්?,තව පහසු කරන්න මට කරන්න පුළුවන් දෙයක් තියෙනවද?,advanced
what-would-make-you-feel-better,s-feelings-emotions,What would make you feel better?,වොට් වුඩ් මේක් යූ ෆීල් බෙටර්?,මොනවා කළොත් හොඳට දැනෙයිද?,intermediate
would-you-like-some-quiet-time,s-making-requests,Would you like some quiet time?,වුඩ් යූ ලයික් සම් ක්වයට් ටයිම්?,ටිකක් නිදහසේ තනියම ඉන්න කැමතිද?,intermediate
ill-give-you-some-time-to,s-everyday-conversations,I'll give you some time to rest.,අයිල් ගිව් යූ සම් ටයිම් ටු රෙස්ට්,විවේක ගන්න ටිකක් වෙලාව දෙන්නම්.,intermediate
ill-come-back-and-check-on,s-everyday-conversations,I'll come back and check on you.,අයිල් කම් බැක් ඇන්ඩ් චෙක් ඔන් යූ,මම ආපහු ඇවිත් බලන්නම්.,intermediate
have-a-nice-day,s-everyday-conversations,Have a nice day.,හැව් අ නයිස් ඩේ,හොඳ දවසක් වේවා.,beginner
i-hope-you-feel-better-soon,s-feelings-emotions,I hope you feel better soon.,අයි හෝප් යූ ෆීල් බෙටර් සූන්,ඉක්මනට හොඳ වෙයි කියලා හිතනවා.,intermediate
see-you-later,s-everyday-conversations,See you later.,සී යූ ලේටර්,පස්සේ හම්බවෙමු.,beginner
ill-see-you-tomorrow,s-making-plans,I'll see you tomorrow.,අයිල් සී යූ ටුමොරෝ,හෙට හම්බවෙමු.,beginner
take-care,s-everyday-conversations,Take care.,ටේක් කෙයා,පරිස්සමින් ඉන්න.,beginner
rest-well,s-everyday-conversations,Rest well.,රෙස්ට් වෙල්,හොඳට විවේක ගන්න.,beginner
let-me-know-if-anything-changes,s-everyday-conversations,Let me know if anything changes.,ලෙට් මී නෝ ඉෆ් එනිතින් චේන්ජස්,මොනවාහරි වෙනසක් වුණොත් කියන්න.,intermediate
im-always-here-if-you-need,s-everyday-conversations,I'm always here if you need help.,අයිම් ඕල්වේස් හියර් ඉෆ් යූ නීඩ් හෙල්ප්,උදව්වක් ඕන වෙලාවක මම ඉන්නවා.,intermediate
i-am-in-a-hurry,s-everyday-conversations,I am in a hurry.,අයි ඇම් ඉන් අ හරි.,මට හදිස්සියි.,beginner
i-am-on-my-way,s-everyday-conversations,I am on my way.,අයි ඇම් ඔන් මයි වේ.,මම එන ගමන් / යන ගමන්.,beginner
i-am-ready-now,s-everyday-conversations,I am ready now.,අයි ඇම් රෙඩි නව්.,දැන් මම ලෑස්තියි.,beginner
i-am-at-the-door,s-home,I am at the door.,අයි ඇම් ඇට් ද ඩෝර්.,මම දොර ළඟ ඉන්නේ.,beginner
i-am-in-the-car,s-everyday-conversations,I am in the car.,අයි ඇම් ඉන් ද කාර්.,මම කාර් එකේ ඉන්නේ.,beginner
i-am-on-the-bus,s-transportation,I am on the bus.,අයි ඇම් ඔන් ද බස්.,මම බස් එකේ ඉන්නේ.,beginner
i-am-at-the-station,s-transportation,I am at the station.,අයි ඇම් ඇට් ද ස්ටේෂන්.,මම ස්ටේෂන් එකේ ඉන්නේ.,beginner
i-am-in-town,s-everyday-conversations,I am in town.,අයි ඇම් ඉන් ටවුන්.,මම ටවුන් එකේ ඉන්නේ.,beginner
i-am-nearby,s-giving-directions,I am nearby.,අයි ඇම් නියර්බයි.,මම ළඟම ඉන්නේ.,beginner
i-am-back-home,s-home,I am back home.,අයි ඇම් බැක් හෝම්.,මම ආපහු ගෙදර ආවා.,beginner
i-feel-cold-today,s-doctor-health,I feel cold today.,අයි ෆීල් කෝල්ඩ් ටුඩේ.,අද මට සීතලයි.,beginner
i-feel-a-little-sick,s-doctor-health,I feel a little sick.,අයි ෆීල් අ ලිට්ල් සික්.,මට ටිකක් සනීප නෑ වගේ.,beginner
i-feel-much-better,s-feelings-emotions,I feel much better.,අයි ෆීල් මච් බෙටර්.,දැන් මට ගොඩක් හොඳයි.,beginner
i-feel-relaxed,s-feelings-emotions,I feel relaxed.,අයි ෆීල් රිලැක්ස්ට්.,මට සන්සුන්ව දැනෙනවා.,beginner
i-feel-scared,s-feelings-emotions,I feel scared.,අයි ෆීල් ස්කෙයාර්ඩ්.,මට බයයි.,beginner
i-feel-lonely,s-feelings-emotions,I feel lonely.,අයි ෆීල් ලෝන්ලි.,මට තනිකමක් දැනෙනවා.,beginner
i-feel-sleepy-now,s-feelings-emotions,I feel sleepy now.,අයි ෆීල් ස්ලීපි නව්.,දැන් මට නිදිමතයි.,beginner
i-feel-okay-today,s-feelings-emotions,I feel okay today.,අයි ෆීල් ඕකේ ටුඩේ.,අද මට හොඳයි.,beginner
i-feel-very-tired,s-feelings-emotions,I feel very tired.,අයි ෆීල් වෙරි ටයර්ඩ්.,මට ගොඩක් මහන්සියි.,beginner
i-feel-fine-now,s-feelings-emotions,I feel fine now.,අයි ෆීල් ෆයින් නව්.,දැන් මට හොඳයි.,beginner
i-get-up-at-seven,s-everyday-conversations,I get up at seven.,අයි ගෙට් අප් ඇට් සෙවන්.,මම හතට නැගිටිනවා.,beginner
i-wash-my-face-first,s-home,I wash my face first.,අයි වොෂ් මයි ෆේස් ෆර්ස්ට්.,මම මුලින්ම මූණ හෝදනවා.,beginner
i-brush-my-hair,s-everyday-conversations,I brush my hair.,අයි බ්‍රෂ් මයි හෙයාර්.,මම කොණ්ඩේ පීරනවා.,beginner
i-change-my-clothes,s-banking-money,I change my clothes.,අයි චේන්ජ් මයි ක්ලෝත්ස්.,මම ඇඳුම් මාරු කරනවා.,beginner
i-make-some-tea,s-restaurants-food,I make some tea.,අයි මේක් සම් ටී.,මම තේ ටිකක් හදනවා.,beginner
i-eat-some-bread,s-restaurants-food,I eat some bread.,අයි ඊට් සම් බ්‍රෙඩ්.,මම පාන් ටිකක් කනවා.,beginner
i-drink-a-glass-of-water,s-restaurants-food,I drink a glass of water.,අයි ඩ්‍රින්ක් අ ග්ලාස් ඔෆ් වෝටර්.,මම වතුර වීදුරුවක් බොනවා.,intermediate
i-check-my-phone,s-phone-conversations,I check my phone.,අයි චෙක් මයි ෆෝන්.,මම ෆෝන් එක බලනවා.,beginner
i-leave-the-house,s-home,I leave the house.,අයි ලීව් ද හවුස්.,මම ගෙදරින් පිටත් වෙනවා.,beginner
i-start-work-at-eight,s-work-office,I start work at eight.,අයි ස්ටාර්ට් වර්ක් ඇට් ඒට්.,මම අටට වැඩ පටන් ගන්නවා.,beginner
i-finish-work-at-five,s-work-office,I finish work at five.,අයි ෆිනිෂ් වර්ක් ඇට් ෆයිව්.,මම පහට වැඩ ඉවර කරනවා.,beginner
i-come-home-in-the-evening,s-home,I come home in the evening.,අයි කම් හෝම් ඉන් ද ඊව්නින්.,මම හවස ගෙදර එනවා.,intermediate
i-eat-dinner-at-home,s-restaurants-food,I eat dinner at home.,අයි ඊට් ඩිනර් ඇට් හෝම්.,මම රෑ කෑම ගෙදර කනවා.,beginner
i-watch-tv-at-night,s-everyday-conversations,I watch TV at night.,අයි වොච් ටීවී ඇට් නයිට්.,මම රෑට ටීවී බලනවා.,beginner
i-read-before-bed,s-home,I read before bed.,අයි රීඩ් බිෆෝර් බෙඩ්.,මම නිදාගන්න කලින් කියවනවා.,beginner
i-sleep-at-ten,s-home,I sleep at ten.,අයි ස්ලීප් ඇට් ටෙන්.,මම දහයට නිදාගන්නවා.,beginner
i-work-from-home,s-work-office,I work from home.,අයි වර්ක් ෆ්‍රම් හෝම්.,මම ගෙදර ඉඳන් වැඩ කරනවා.,beginner
i-study-at-night,s-school-education,I study at night.,අයි ස්ටඩි ඇට් නයිට්.,මම රෑට පාඩම් කරනවා.,beginner
i-rest-after-lunch,s-restaurants-food,I rest after lunch.,අයි රෙස්ට් ආෆ්ටර් ලන්ච්.,මම දවල් කෑමෙන් පස්සේ ටිකක් විවේක ගන්නවා.,beginner
i-walk-in-the-evening,s-everyday-conversations,I walk in the evening.,අයි වෝක් ඉන් ද ඊව්නින්.,මම හවස ඇවිදිනවා.,beginner
my-mother-is-at-home,s-family-friends,My mother is at home.,මයි මදර් ඉස් ඇට් හෝම්.,මගේ අම්මා ගෙදර ඉන්නවා.,beginner
my-father-is-at-work,s-work-office,My father is at work.,මයි ෆාදර් ඉස් ඇට් වර්ක්.,මගේ තාත්තා වැඩට ගිහින්.,beginner
my-brother-is-sleeping,s-family-friends,My brother is sleeping.,මයි බ්‍රදර් ඉස් ස්ලීපින්.,මගේ අයියා/මල්ලි නිදි.,beginner
my-sister-is-studying,s-family-friends,My sister is studying.,මයි සිස්ටර් ඉස් ස්ටඩියින්.,මගේ අක්කා/නංගි පාඩම් කරනවා.,beginner
my-friend-is-coming,s-family-friends,My friend is coming.,මයි ෆ්‍රෙන්ඩ් ඉස් කමින්.,මගේ යාළුවා එනවා.,beginner
my-family-is-small,s-family-friends,My family is small.,මයි ෆැමිලි ඉස් ස්මෝල්.,මගේ පවුල පොඩියි.,beginner
my-parents-are-busy,s-family-friends,My parents are busy.,මයි පෙරන්ට්ස් ආර් බිසි.,මගේ අම්මයි තාත්තයි වැඩක.,beginner
my-brother-works-here,s-family-friends,My brother works here.,මයි බ්‍රදර් වර්ක්ස් හියර්.,මගේ අයියා/මල්ලි මෙතන වැඩ කරනවා.,beginner
my-sister-likes-music,s-family-friends,My sister likes music.,මයි සිස්ටර් ලයික්ස් මියුසික්.,මගේ අක්කා/නංගි සංගීතයට කැමතියි.,beginner
my-friend-lives-far-away,s-family-friends,My friend lives far away.,මයි ෆ්‍රෙන්ඩ් ලිව්ස් ෆාර් අවේ.,මගේ යාළුවා ඉන්නේ ගොඩක් දුර.,beginner
this-room-is-big,s-home,This room is big.,දිස් රූම් ඉස් බිග්.,මේ කාමරේ ලොකුයි.,beginner
this-chair-is-comfortable,s-everyday-conversations,This chair is comfortable.,දිස් චෙයාර් ඉස් කම්ෆටබල්.,මේ පුටුව සුවපහසුයි.,beginner
this-bag-is-light,s-everyday-conversations,This bag is light.,දිස් බැග් ඉස් ලයිට්.,මේ බෑග් එක සැහැල්ලුයි.,beginner
this-shirt-is-clean,s-home,This shirt is clean.,දිස් ෂර්ට් ඉස් ක්ලීන්.,මේ ෂර්ට් එක පිරිසිදුයි.,beginner
this-cup-is-empty,s-everyday-conversations,This cup is empty.,දිස් කප් ඉස් එම්ප්ටි.,මේ කෝප්පේ හිස්.,beginner
this-bottle-is-full,s-everyday-conversations,This bottle is full.,දිස් බොට්ල් ඉස් ෆුල්.,මේ බෝතලේ පිරිලා.,beginner
this-food-is-cold,s-doctor-health,This food is cold.,දිස් ෆූඩ් ඉස් කෝල්ඩ්.,මේ කෑම සීතලයි.,beginner
this-tea-is-too-hot,s-restaurants-food,This tea is too hot.,දිස් ටී ඉස් ටූ හොට්.,මේ තේ එක ගොඩක් උණුයි.,beginner
this-road-is-long,s-everyday-conversations,This road is long.,දිස් රෝඩ් ඉස් ලොං.,මේ පාර දිගයි.,beginner
this-place-is-quiet,s-everyday-conversations,This place is quiet.,දිස් ප්ලේස් ඉස් ක්වයට්.,මේ තැන නිශ්ශබ්දයි.,beginner
that-car-is-new,s-everyday-conversations,That car is new.,දැට් කාර් ඉස් නිව්.,අර කාර් එක අලුත්.,beginner
that-house-is-old,s-home,That house is old.,දැට් හවුස් ඉස් ඕල්ඩ්.,අර ගෙදර පරණයි.,beginner
that-man-is-my-uncle,s-everyday-conversations,That man is my uncle.,දැට් මෑන් ඉස් මයි අංකල්.,අර මනුස්සයා මගේ මාමා.,beginner
that-woman-is-my-aunt,s-everyday-conversations,That woman is my aunt.,දැට් වුමන් ඉස් මයි ආන්ට්.,අර කාන්තාව මගේ නැන්දා.,beginner
that-dog-is-friendly,s-everyday-conversations,That dog is friendly.,දැට් ඩෝග් ඉස් ෆ්‍රෙන්ඩ්ලි.,අර බල්ලා හොඳයි / හීලෑයි.,beginner
that-shop-is-busy,s-shopping,That shop is busy.,දැට් ෂොප් ඉස් බිසි.,අර කඩේ සෙනඟ ගොඩක්.,beginner
that-bus-is-crowded,s-transportation,That bus is crowded.,දැට් බස් ඉස් ක්‍රවුඩඩ්.,අර බස් එකේ සෙනඟ ගොඩක්.,beginner
that-road-is-narrow,s-everyday-conversations,That road is narrow.,දැට් රෝඩ් ඉස් නැරෝ.,අර පාර පටුයි.,beginner
that-box-is-heavy,s-everyday-conversations,That box is heavy.,දැට් බොක්ස් ඉස් හෙවි.,අර පෙට්ටිය බරයි.,beginner
that-answer-is-correct,s-everyday-conversations,That answer is correct.,දැට් ආන්සර් ඉස් කරෙක්ට්.,අර උත්තරේ හරි.,beginner
there-is-a-dog-outside,s-everyday-conversations,There is a dog outside.,දෙයාර් ඉස් අ ඩෝග් අවුට්සයිඩ්.,එළියේ බල්ලෙක් ඉන්නවා.,beginner
there-is-a-bus-coming,s-transportation,There is a bus coming.,දෙයාර් ඉස් අ බස් කමින්.,බස් එකක් එනවා.,beginner
there-is-a-shop-nearby,s-giving-directions,There is a shop nearby.,දෙයාර් ඉස් අ ෂොප් නියර්බයි.,ළඟ කඩයක් තියෙනවා.,beginner
there-is-a-cup-on-the,s-everyday-conversations,There is a cup on the table.,දෙයාර් ඉස් අ කප් ඔන් ද ටේබල්.,මේසෙ උඩ කෝප්පයක් තියෙනවා.,intermediate
there-is-a-book-in-my,s-everyday-conversations,There is a book in my bag.,දෙයාර් ඉස් අ බුක් ඉන් මයි බැග්.,මගේ බෑග් එකේ පොතක් තියෙනවා.,intermediate
there-is-food-in-the-kitchen,s-restaurants-food,There is food in the kitchen.,දෙයාර් ඉස් ෆූඩ් ඉන් ද කිචන්.,කුස්සියේ කෑම තියෙනවා.,intermediate
there-is-someone-at-the-door,s-home,There is someone at the door.,දෙයාර් ඉස් සම්වන් ඇට් ද ඩෝර්.,දොර ළඟ කවුරුහරි ඉන්නවා.,intermediate
there-is-nothing-here,s-everyday-conversations,There is nothing here.,දෙයාර් ඉස් නතිං හියර්.,මෙතන කිසි දෙයක් නෑ.,beginner
there-are-three-chairs,s-everyday-conversations,There are three chairs.,දෙයාර් ආර් ත්‍රී චෙයාර්ස්.,පුටු තුනක් තියෙනවා.,beginner
there-are-many-people-here,s-everyday-conversations,There are many people here.,දෙයාර් ආර් මෙනි පීපල් හියර්.,මෙතන මිනිස්සු ගොඩක් ඉන්නවා.,beginner
i-am-looking-at-you,s-everyday-conversations,I am looking at you.,අයි ඇම් ලුකින් ඇට් යූ.,මම ඔයා දිහා බලනවා.,beginner
i-am-looking-outside,s-everyday-conversations,I am looking outside.,අයි ඇම් ලුකින් අවුට්සයිඩ්.,මම එළිය බලනවා.,beginner
i-am-washing-the-dishes,s-everyday-conversations,I am washing the dishes.,අයි ඇම් වොෂින් ද ඩිෂස්.,මම පිඟන් හෝදනවා.,beginner
i-am-sweeping-the-floor,s-everyday-conversations,I am sweeping the floor.,අයි ඇම් ස්වීපින් ද ෆ්ලෝර්.,මම බිම අතුගානවා.,beginner
i-am-opening-the-door,s-home,I am opening the door.,අයි ඇම් ඕපනින් ද ඩෝර්.,මම දොර අරිනවා.,beginner
i-am-closing-the-window,s-home,I am closing the window.,අයි ඇම් ක්ලෝසින් ද වින්ඩෝ.,මම ජනේලේ වහනවා.,beginner
i-am-carrying-a-bag,s-everyday-conversations,I am carrying a bag.,අයි ඇම් කැරියින් අ බැග්.,මම බෑග් එකක් අරගෙන යනවා.,beginner
i-am-wearing-a-blue-shirt,s-everyday-conversations,I am wearing a blue shirt.,අයි ඇම් වෙයරින් අ බ්ලූ ෂර්ට්.,මම නිල් ෂර්ට් එකක් ඇඳලා ඉන්නේ.,intermediate
i-am-waiting-for-the-bus,s-transportation,I am waiting for the bus.,අයි ඇම් වේටින් ෆෝර් ද බස්.,මම බස් එක එනකම් ඉන්නවා.,intermediate
i-am-talking-to-my-mother,s-family-friends,I am talking to my mother.,අයි ඇම් ටෝකින් ටු මයි මදර්.,මම අම්මා එක්ක කතා කරනවා.,intermediate
he-is-wearing-a-hat,s-everyday-conversations,He is wearing a hat.,හී ඉස් වෙයරින් අ හැට්.,එයා තොප්පියක් දාලා ඉන්නේ.,beginner
he-is-driving-a-car,s-everyday-conversations,He is driving a car.,හී ඉස් ඩ්‍රයිවින් අ කාර්.,එයා කාර් එකක් පදවනවා.,beginner
he-is-reading-the-news,s-everyday-conversations,He is reading the news.,හී ඉස් රීඩින් ද නිව්ස්.,එයා ප්‍රවෘත්ති කියවනවා.,beginner
he-is-drinking-water,s-everyday-conversations,He is drinking water.,හී ඉස් ඩ්‍රින්කින් වෝටර්.,එයා වතුර බොනවා.,beginner
he-is-standing-outside,s-everyday-conversations,He is standing outside.,හී ඉස් ස්ටෑන්ඩින් අවුට්සයිඩ්.,එයා එළියේ හිටගෙන ඉන්නවා.,beginner
she-is-wearing-a-dress,s-everyday-conversations,She is wearing a dress.,ෂී ඉස් වෙයරින් අ ඩ්‍රෙස්.,එයා ගවුමක් ඇඳලා ඉන්නේ.,beginner
she-is-reading-a-book,s-everyday-conversations,She is reading a book.,ෂී ඉස් රීඩින් අ බුක්.,එයා පොතක් කියවනවා.,beginner
she-is-washing-her-hands,s-everyday-conversations,She is washing her hands.,ෂී ඉස් වොෂින් හර් හැන්ඩ්ස්.,එයා අත් හෝදනවා.,beginner
she-is-sitting-near-me,s-everyday-conversations,She is sitting near me.,ෂී ඉස් සිටින් නියර් මී.,එයා මගේ ළඟ වාඩිවෙලා ඉන්නවා.,beginner
she-is-coming-with-us,s-everyday-conversations,She is coming with us.,ෂී ඉස් කමින් විත් අස්.,එයා අපිත් එක්ක එනවා.,beginner
we-are-going-home,s-home,We are going home.,වී ආර් ගෝයින් හෝම්.,අපි ගෙදර යනවා.,beginner
we-are-eating-together,s-everyday-conversations,We are eating together.,වී ආර් ඊටින් ටුගෙදර්.,අපි එකට කනවා.,beginner
we-are-talking-outside,s-everyday-conversations,We are talking outside.,වී ආර් ටෝකින් අවුට්සයිඩ්.,අපි එළියේ කතා කරනවා.,beginner
we-are-waiting-for-him,s-everyday-conversations,We are waiting for him.,වී ආර් වේටින් ෆෝර් හිම්.,අපි එයා එනකම් ඉන්නවා.,beginner
we-are-learning-english,s-everyday-conversations,We are learning English.,වී ආර් ලර්නින් ඉංග්ලිෂ්.,අපි ඉංග්‍රීසි ඉගෙනගන්නවා.,beginner
we-have-some-food,s-restaurants-food,We have some food.,වී හැව් සම් ෆූඩ්.,අපි ළඟ කෑම ටිකක් තියෙනවා.,beginner
we-have-a-little-time,s-everyday-conversations,We have a little time.,වී හැව් අ ලිට්ල් ටයිම්.,අපිට ටිකක් වෙලාව තියෙනවා.,beginner
we-need-more-water,s-everyday-conversations,We need more water.,වී නීඩ් මෝර් වෝටර්.,අපිට තව වතුර ඕන.,beginner
we-can-start-now,s-everyday-conversations,We can start now.,වී කැන් ස්ටාර්ට් නව්.,අපිට දැන් පටන් ගන්න පුළුවන්.,beginner
we-can-go-together,s-everyday-conversations,We can go together.,වී කැන් ගෝ ටුගෙදර්.,අපිට එකට යන්න පුළුවන්.,beginner
they-are-in-the-garden,s-everyday-conversations,They are in the garden.,දේ ආර් ඉන් ද ගාර්ඩන්.,එයාලා වත්තේ ඉන්නේ.,beginner
they-are-talking-loudly,s-everyday-conversations,They are talking loudly.,දේ ආර් ටෝකින් ලවුඩ්ලි.,එයාලා සද්දෙන් කතා කරනවා.,beginner
they-are-eating-lunch,s-restaurants-food,They are eating lunch.,දේ ආර් ඊටින් ලන්ච්.,එයාලා දවල් කෑම කනවා.,beginner
they-are-going-to-work,s-work-office,They are going to work.,දේ ආර් ගෝයින් ටු වර්ක්.,එයාලා වැඩට යනවා.,beginner
they-are-sitting-there,s-everyday-conversations,They are sitting there.,දේ ආර් සිටින් දෙයාර්.,එයාලා එතන වාඩිවෙලා ඉන්නවා.,beginner
they-have-two-children,s-family-friends,They have two children.,දේ හැව් ටූ චිල්ඩ්‍රන්.,එයාලට ළමයි දෙන්නෙක් ඉන්නවා.,beginner
they-have-a-big-house,s-home,They have a big house.,දේ හැව් අ බිග් හවුස්.,එයාලට ලොකු ගෙයක් තියෙනවා.,beginner
they-need-some-help,s-everyday-conversations,They need some help.,දේ නීඩ් සම් හෙල්ප්.,එයාලට උදව් ටිකක් ඕන.,beginner
they-can-speak-english,s-everyday-conversations,They can speak English.,දේ කැන් ස්පීක් ඉංග්ලිෂ්.,එයාලට ඉංග්‍රීසි කතා කරන්න පුළුවන්.,beginner
they-will-wait-for-us,s-everyday-conversations,They will wait for us.,දේ විල් වේට් ෆෝර් අස්.,එයාලා අපි එනකම් ඉඳීවි.,beginner
do-you-eat-breakfast,s-restaurants-food,Do you eat breakfast?,ඩූ යූ ඊට් බ්‍රෙක්ෆස්ට්?,ඔයා උදේ කෑම කනවද?,beginner
do-you-drink-enough-water,s-restaurants-food,Do you drink enough water?,ඩූ යූ ඩ්‍රින්ක් ඉනෆ් වෝටර්?,ඔයා ඇති තරම් වතුර බොනවද?,beginner
do-you-watch-tv,s-asking-questions,Do you watch TV?,ඩූ යූ වොච් ටීවී?,ඔයා ටීවී බලනවද?,beginner
do-you-read-books,s-asking-questions,Do you read books?,ඩූ යූ රීඩ් බුක්ස්?,ඔයා පොත් කියවනවද?,beginner
do-you-listen-to-music,s-asking-questions,Do you listen to music?,ඩූ යූ ලිසන් ටු මියුසික්?,ඔයා සින්දු අහනවද?,beginner
do-you-walk-every-morning,s-asking-questions,Do you walk every morning?,ඩූ යූ වෝක් එව්රි මෝනින්?,ඔයා හැම උදේම ඇවිදිනවද?,beginner
do-you-go-there-often,s-asking-questions,Do you go there often?,ඩූ යූ ගෝ දෙයාර් ඔෆන්?,ඔයා නිතර එහෙ යනවද?,beginner
do-you-know-this-man,s-asking-questions,Do you know this man?,ඩූ යූ නෝ දිස් මෑන්?,ඔයා මේ මනුස්සයාව දන්නවද?,beginner
do-you-know-this-woman,s-asking-questions,Do you know this woman?,ඩූ යූ නෝ දිස් වුමන්?,ඔයා මේ කාන්තාව දන්නවද?,beginner
are-you-coming-today,s-asking-questions,Are you coming today?,ආර් යූ කමින් ටුඩේ?,ඔයා අද එනවද?,beginner
are-you-working-today,s-asking-questions,Are you working today?,ආර් යූ වර්කින් ටුඩේ?,ඔයා අද වැඩ කරනවද?,beginner
are-you-studying-now,s-asking-questions,Are you studying now?,ආර් යූ ස්ටඩියින් නව්?,ඔයා දැන් පාඩම් කරනවද?,beginner
are-you-eating-now,s-asking-questions,Are you eating now?,ආර් යූ ඊටින් නව්?,ඔයා දැන් කනවද?,beginner
are-you-waiting-outside,s-asking-questions,Are you waiting outside?,ආර් යූ වේටින් අවුට්සයිඩ්?,ඔයා එළියේ බලාගෙන ඉන්නවද?,beginner
are-you-going-alone,s-asking-questions,Are you going alone?,ආර් යූ ගෝයින් අලෝන්?,ඔයා තනියම යනවද?,beginner
are-you-coming-by-bus,s-transportation,Are you coming by bus?,ආර් යූ කමින් බයි බස්?,ඔයා බස් එකෙන් එනවද?,beginner
are-you-feeling-tired,s-feelings-emotions,Are you feeling tired?,ආර් යූ ෆීලින් ටයර්ඩ්?,ඔයාට මහන්සි දැනෙනවද?,beginner
can-you-come-inside,s-making-requests,Can you come inside?,කැන් යූ කම් ඉන්සයිඩ්?,ඔයාට ඇතුළට එන්න පුළුවන්ද?,beginner
can-you-sit-here,s-making-requests,Can you sit here?,කැන් යූ සිට් හියර්?,ඔයාට මෙතන වාඩිවෙන්න පුළුවන්ද?,beginner
can-you-stand-here,s-making-requests,Can you stand here?,කැන් යූ ස්ටෑන්ඩ් හියර්?,ඔයාට මෙතන හිටගෙන ඉන්න පුළුවන්ද?,beginner
can-you-carry-this-bag,s-making-requests,Can you carry this bag?,කැන් යූ කැරි දිස් බැග්?,ඔයාට මේ බෑග් එක අරගෙන යන්න පුළුවන්ද?,beginner
can-you-bring-a-chair,s-making-requests,Can you bring a chair?,කැන් යූ බ්‍රිං අ චෙයාර්?,ඔයාට පුටුවක් ගේන්න පුළුවන්ද?,beginner
can-you-turn-on-the-fan,s-making-requests,Can you turn on the fan?,කැන් යූ ටර්න් ඔන් ද ෆෑන්?,ඔයාට ෆෑන් එක දාන්න පුළුවන්ද?,intermediate
can-you-turn-off-the-tv,s-making-requests,Can you turn off the TV?,කැන් යූ ටර්න් ඔෆ් ද ටීවී?,ඔයාට ටීවී එක නිවන්න පුළුවන්ද?,intermediate
can-you-give-me-a-pen,s-making-requests,Can you give me a pen?,කැන් යූ ගිව් මී අ පෙන්?,ඔයාට මට පෑනක් දෙන්න පුළුවන්ද?,intermediate
can-you-wait-five-minutes,s-meetings,Can you wait five minutes?,කැන් යූ වේට් ෆයිව් මිනිට්ස්?,ඔයාට විනාඩි පහක් ඉන්න පුළුවන්ද?,beginner
can-you-come-with-us,s-making-requests,Can you come with us?,කැන් යූ කම් විත් අස්?,ඔයාට අපිත් එක්ක එන්න පුළුවන්ද?,beginner
where-do-you-work,s-work-office,Where do you work?,වෙයාර් ඩූ යූ වර්ක්?,ඔයා වැඩ කරන්නේ කොහෙද?,beginner
where-do-you-study,s-school-education,Where do you study?,වෙයාර් ඩූ යූ ස්ටඩි?,ඔයා ඉගෙනගන්නේ කොහෙද?,beginner
where-do-you-eat-lunch,s-restaurants-food,Where do you eat lunch?,වෙයාර් ඩූ යූ ඊට් ලන්ච්?,ඔයා දවල් කෑම කන්නේ කොහෙද?,beginner
where-do-you-buy-food,s-restaurants-food,Where do you buy food?,වෙයාර් ඩූ යූ බයි ෆූඩ්?,ඔයා කෑම ගන්නේ කොහෙන්ද?,beginner
where-do-you-go-on-sundays,s-asking-questions,Where do you go on Sundays?,වෙයාර් ඩූ යූ ගෝ ඔන් සන්ඩේස්?,ඔයා ඉරිදාට කොහෙද යන්නේ?,intermediate
where-are-my-shoes,s-asking-questions,Where are my shoes?,වෙයාර් ආර් මයි ෂූස්?,මගේ සපත්තු කොහෙද?,beginner
where-are-the-keys,s-asking-questions,Where are the keys?,වෙයාර් ආර් ද කීස්?,යතුරු කොහෙද?,beginner
where-is-your-bag,s-giving-directions,Where is your bag?,වෙයාර් ඉස් යෝර් බැග්?,ඔයාගේ බෑග් එක කොහෙද?,beginner
where-is-the-kitchen,s-giving-directions,Where is the kitchen?,වෙයාර් ඉස් ද කිචන්?,කුස්සිය කොහෙද?,beginner
where-is-the-nearest-shop,s-giving-directions,Where is the nearest shop?,වෙයාර් ඉස් ද නියරස්ට් ෂොප්?,ළඟම කඩේ කොහෙද?,beginner
what-is-your-address,s-asking-questions,What is your address?,වොට් ඉස් යෝර් ඇඩ්‍රස්?,ඔයාගේ ලිපිනය මොකක්ද?,beginner
what-is-your-favorite-color,s-asking-questions,What is your favorite color?,වොට් ඉස් යෝර් ෆේවරිට් කලර්?,ඔයා කැමතිම පාට මොකක්ද?,beginner
what-is-your-favorite-song,s-asking-questions,What is your favorite song?,වොට් ඉස් යෝර් ෆේවරිට් සොං?,ඔයා කැමතිම සින්දුව මොකක්ද?,beginner
what-is-in-the-bag,s-asking-questions,What is in the bag?,වොට් ඉස් ඉන් ද බැග්?,බෑග් එකේ මොනවද තියෙන්නේ?,beginner
what-is-on-the-table,s-asking-questions,What is on the table?,වොට් ඉස් ඔන් ද ටේබල්?,මේසෙ උඩ මොනවද තියෙන්නේ?,beginner
what-are-you-reading,s-asking-questions,What are you reading?,වොට් ආර් යූ රීඩින්?,ඔයා මොනවද කියවන්නේ?,beginner
what-are-you-eating,s-asking-questions,What are you eating?,වොට් ආර් යූ ඊටින්?,ඔයා මොනවද කන්නේ?,beginner
what-are-you-drinking,s-asking-questions,What are you drinking?,වොට් ආර් යූ ඩ්‍රින්කින්?,ඔයා මොනවද බොන්නේ?,beginner
what-are-you-wearing,s-asking-questions,What are you wearing?,වොට් ආර් යූ වෙයරින්?,ඔයා මොනවද ඇඳලා ඉන්නේ?,beginner
how-many-people-are-there,s-asking-questions,How many people are there?,හව් මෙනි පීපල් ආර් දෙයාර්?,මිනිස්සු කීදෙනෙක් ඉන්නවද?,beginner
how-many-do-you-need,s-asking-questions,How many do you need?,හව් මෙනි ඩූ යූ නීඩ්?,ඔයාට කීයක් ඕනද?,beginner
how-much-water-do-you-want,s-asking-questions,How much water do you want?,හව් මච් වෝටර් ඩූ යූ වොන්ට්?,ඔයාට කොච්චර වතුර ඕනද?,intermediate
how-much-money-do-you-need,s-banking-money,How much money do you need?,හව් මච් මනි ඩූ යූ නීඩ්?,ඔයාට කොච්චර සල්ලි ඕනද?,intermediate
how-was-the-food,s-restaurants-food,How was the food?,හව් වස් ද ෆූඩ්?,කෑම කොහොමද?,beginner
how-was-your-trip,s-travel,How was your trip?,හව් වස් යෝර් ට්‍රිප්?,ගමන කොහොමද?,beginner
how-is-the-weather-today,s-asking-questions,How is the weather today?,හව් ඉස් ද වෙදර් ටුඩේ?,අද කාලගුණය කොහොමද?,beginner
how-is-your-work-going,s-work-office,How is your work going?,හව් ඉස් යෝර් වර්ක් ගෝයින්?,වැඩ කොහොමද යන්නේ?,beginner
how-is-everything,s-asking-questions,How is everything?,හව් ඉස් එව්රිතිං?,හැමදේම කොහොමද?,beginner
i-went-to-the-shop,s-shopping,I went to the shop.,අයි වෙන්ට් ටු ද ෂොප්.,මම කඩේට ගියා.,beginner
i-bought-some-food,s-restaurants-food,I bought some food.,අයි බෝට් සම් ෆූඩ්.,මම කෑම ටිකක් ගත්තා.,beginner
i-came-home-early,s-home,I came home early.,අයි කේම් හෝම් අර්ලි.,මම කලින් ගෙදර ආවා.,beginner
i-cooked-dinner,s-restaurants-food,I cooked dinner.,අයි කුක්ට් ඩිනර්.,මම රෑ කෑම හැදුවා.,beginner
i-washed-my-clothes,s-everyday-conversations,I washed my clothes.,අයි වොෂ්ට් මයි ක්ලෝත්ස්.,මම ඇඳුම් හේදුවා.,beginner
i-cleaned-the-kitchen,s-home,I cleaned the kitchen.,අයි ක්ලීන්ඩ් ද කිචන්.,මම කුස්සිය පිරිසිදු කළා.,beginner
i-opened-the-window,s-home,I opened the window.,අයි ඕපන්ඩ් ද වින්ඩෝ.,මම ජනේලේ ඇරියා.,beginner
i-closed-the-door,s-home,I closed the door.,අයි ක්ලෝස්ඩ් ද ඩෝර්.,මම දොර වැහුවා.,beginner
i-sent-you-a-message,s-phone-conversations,I sent you a message.,අයි සෙන්ට් යූ අ මැසේජ්.,මම ඔයාට මැසේජ් එකක් එව්වා.,beginner
i-got-your-message,s-phone-conversations,I got your message.,අයි ගොට් යෝර් මැසේජ්.,මට ඔයාගේ මැසේජ් එක ලැබුණා.,beginner
i-will-come-next-week,s-making-plans,I will come next week.,අයි විල් කම් නෙක්ස්ට් වීක්.,මම ලබන සතියේ එන්නම්.,beginner
i-will-meet-you-there,s-everyday-conversations,I will meet you there.,අයි විල් මීට් යූ දෙයාර්.,මම ඔයාව එතනදී හම්බවෙන්නම්.,beginner
i-will-bring-my-bag,s-everyday-conversations,I will bring my bag.,අයි විල් බ්‍රිං මයි බැග්.,මම මගේ බෑග් එක ගේන්නම්.,beginner
i-will-send-it-today,s-everyday-conversations,I will send it today.,අයි විල් සෙන්ඩ් ඉට් ටුඩේ.,මම ඒක අද එවන්නම්.,beginner
i-will-finish-it-soon,s-everyday-conversations,I will finish it soon.,අයි විල් ෆිනිෂ් ඉට් සූන්.,මම ඒක ඉක්මනට ඉවර කරන්නම්.,beginner
i-will-learn-slowly,s-school-education,I will learn slowly.,අයි විල් ලර්න් ස්ලෝලි.,මම ටික ටික ඉගෙනගන්නම්.,beginner
i-will-practice-speaking,s-everyday-conversations,I will practice speaking.,අයි විල් ප්‍රැක්ටිස් ස්පීකින්.,මම කතා කිරීම පුහුණු කරන්නම්.,beginner
i-will-speak-more-english,s-everyday-conversations,I will speak more English.,අයි විල් ස්පීක් මෝර් ඉංග්ලිෂ්.,මම තව වැඩියෙන් ඉංග්‍රීසි කතා කරන්නම්.,beginner
i-will-try-every-day,s-everyday-conversations,I will try every day.,අයි විල් ට්‍රයි එව්රි ඩේ.,මම හැමදාම උත්සාහ කරන්නම්.,beginner
i-will-never-give-up,s-phrasal-verbs,I will never give up.,අයි විල් නෙවර් ගිව් අප්.,මම කවදාවත් අතහරින්නේ නෑ.,beginner
rise-and-shine,s-everyday-conversations,Rise and shine!,රයිස් ඇන්ඩ් ෂයින්,"නැගිටින්න, දවස පටන් ගමු!",beginner
morning-already,s-everyday-conversations,Morning already?,මෝර්නින් ඕල්රෙඩි?,දැනටමත් උදේ වෙලාද?,beginner
is-it-that-time-already,s-asking-questions,Is it that time already?,ඉස් ඉට් දැට් ටයිම් ඕල්රෙඩි?,දැනටමත් ඒ වෙලාවද?,beginner
im-barely-awake,s-everyday-conversations,I'm barely awake.,අයිම් බෙයර්ලි අවේක්.,මට තාම හරියට ඇහැරිලා නෑ.,beginner
i-need-five-more-minutes,s-meetings,I need five more minutes.,අයි නීඩ් ෆයිව් මෝර් මිනිට්ස්,තව විනාඩි පහක් ඕන.,beginner
let-me-wake-up-first,s-everyday-conversations,Let me wake up first.,ලෙට් මී වේක් අප් ෆර්ස්ට්,මුලින් මට ටිකක් ඇහැරෙන්න දෙන්න.,beginner
i-slept-like-a-rock,s-everyday-conversations,I slept like a rock.,අයි ස්ලෙප්ට් ලයික් අ රොක්.,මම හොඳටම ගැඹුරට නිදාගත්තා.,beginner
i-slept-like-a-baby,s-everyday-conversations,I slept like a baby.,අයි ස්ලෙප්ට් ලයික් අ බේබි,මම හරිම සුවෙන් නිදාගත්තා.,beginner
i-didnt-sleep-a-wink,s-home,I didn't sleep a wink.,අයි ඩිඩන්ට් ස්ලීප් අ වින්ක්,මට පොඩ්ඩක්වත් නින්ද ගියේ නෑ.,beginner
i-kept-tossing-and-turning,s-everyday-conversations,I kept tossing and turning.,අයි කෙප්ට් ටොසින් ඇන්ඩ් ටර්නින්,මම රෑ පුරා පෙරළි පෙරළි හිටියා.,beginner
im-still-half-asleep,s-everyday-conversations,I'm still half asleep.,අයිම් ස්ටිල් හාෆ් අස්ලීප්.,මට තාම හොඳට ඇහැරිලා නෑ.,beginner
i-could-sleep-all-day,s-home,I could sleep all day.,අයි කුඩ් ස්ලීප් ඕල් ඩේ,මට අද දවසම නිදාගන්න පුළුවන් වගේ.,beginner
im-wide-awake-now,s-everyday-conversations,I'm wide awake now.,අයිම් වයිඩ් අවේක් නවු.,දැන් නම් මට හොඳටම ඇහැරිලා.,beginner
time-to-get-up,s-everyday-conversations,Time to get up.,ටයිම් ටු ගෙට් අප්,දැන් නැගිටින්න වෙලාව.,beginner
here-we-go-again,s-everyday-conversations,Here we go again.,හියර් වී ගෝ අගේන්,ආයෙත් දවස පටන් ගත්තා.,beginner
another-day-another-dollar,s-everyday-conversations,"Another day, another dollar.","අනදර් ඩේ, අනදර් ඩොලර්","තවත් දවසක්, තවත් වැඩ දවසක්.",beginner
lets-get-this-day-started,s-everyday-conversations,Let's get this day started.,ලෙට්ස් ගෙට් දිස් ඩේ ස්ටාර්ටිඩ්,අද දවස පටන් ගමු.,beginner
im-up,s-everyday-conversations,I'm up.,අයිම් අප්,මම නැගිට්ටා.,beginner
im-getting-up,s-everyday-conversations,I'm getting up.,අයිම් ගෙටින් අප්,මම දැන් නැගිටිනවා.,beginner
i-need-to-freshen-up,s-everyday-conversations,I need to freshen up.,අයි නීඩ් ටු ෆ්‍රෙෂන් අප්,මට ටිකක් මුහුණ කට සෝදගෙන ලෑස්ති වෙන්න ඕන.,beginner
let-me-wash-up,s-home,Let me wash up.,ලෙට් මී වොෂ් අප්,මට ටිකක් සෝදගෙන එන්න දෙන්න.,beginner
i-look-half-dead,s-everyday-conversations,I look half dead.,අයි ලුක් හාෆ් ඩෙඩ්,මගේ පෙනුම හරිම මහන්සි වගේ.,beginner
my-hairs-a-mess,s-everyday-conversations,My hair's a mess.,මයි හෙයර්ස් අ මෙස්,මගේ කොණ්ඩෙ අවුල් වෙලා.,beginner
i-need-a-shower,s-everyday-conversations,I need a shower.,අයි නීඩ් අ ෂවර්,මට නාගන්න ඕන.,beginner
a-shower-should-wake-me-up,s-everyday-conversations,A shower should wake me up.,අ ෂවර් ෂුඩ් වේක් මී අප්,නාගත්තම මගේ නිදිමත යයි.,intermediate
id-better-get-moving,s-everyday-conversations,I'd better get moving.,අයිඩ් බෙටර් ගෙට් මූවින්,මම ඉක්මනට වැඩ පටන් ගත්තොත් හොඳයි.,beginner
no-time-to-waste,s-everyday-conversations,No time to waste.,නෝ ටයිම් ටු වේස්ට්,නාස්ති කරන්න වෙලාවක් නෑ.,beginner
what-should-i-wear-today,s-asking-questions,What should I wear today?,වට් ෂුඩ් අයි වෙයර් ටුඩේ?,අද මොනවද අඳින්නේ?,beginner
this-should-do,s-everyday-conversations,This should do.,දිස් ෂුඩ් ඩූ,මේක හරි යයි.,beginner
thatll-work,s-work-office,That'll work.,දැට්ල් වර්ක්,ඒක හරි යයි.,beginner
ill-just-throw-this-on,s-everyday-conversations,I'll just throw this on.,අයිල් ජස්ට් ත්‍රෝ දිස් ඔන්,මම මේක ඉක්මනට ඇඳගන්නම්.,beginner
where-are-my-keys,s-asking-questions,Where are my keys?,වෙයර් ආර් මයි කීස්?,මගේ යතුරු කොහෙද?,beginner
i-swear-i-just-had-them,s-everyday-conversations,I swear I just had them.,අයි ස්වෙයාර් අයි ජස්ට් හැඩ් දෙම්,දැන් ටිකකට කලින් ඒවා මගේ අතේ තිබුණා.,intermediate
found-them,s-everyday-conversations,Found them!,ෆවුන්ඩ් දෙම්,හම්බුණා!,beginner
im-good-to-go,s-everyday-conversations,I'm good to go.,අයිම් ගුඩ් ටු ගෝ,මම දැන් යන්න ලෑස්තියි.,beginner
im-all-set,s-everyday-conversations,I'm all set.,අයිම් ඕල් සෙට්,ඔක්කොම ලෑස්තියි.,beginner
almost-ready,s-everyday-conversations,Almost ready.,ඕල්මෝස්ට් රෙඩි,"තව ටිකයි, ලෑස්තියි.",beginner
just-about-ready,s-everyday-conversations,Just about ready.,ජස්ට් අබවුට් රෙඩි,දැන් ලෑස්ති වෙලා ඉවරයි වගේ.,beginner
give-me-two-minutes,s-meetings,Give me two minutes.,ගිව් මී ටූ මිනිට්ස්,මට විනාඩි දෙකක් දෙන්න.,beginner
ill-be-right-there,s-everyday-conversations,I'll be right there.,අයිල් බී රයිට් දෙයාර්,මම දැන්ම එන්නම්.,beginner
hold-on-a-sec,s-everyday-conversations,Hold on a sec.,හෝල්ඩ් ඔන් අ සෙක්,පොඩ්ඩක් ඉන්න.,beginner
dont-rush-me,s-everyday-conversations,Don't rush me.,ඩෝන්ට් රෂ් මී,මාව හදිස්සි කරන්න එපා.,beginner
im-moving-as-fast-as-i,s-everyday-conversations,I'm moving as fast as I can.,අයිම් මූවින් ඇස් ෆාස්ට් ඇස් අයි කැන්,පුළුවන් තරම් ඉක්මනට කරනවා.,intermediate
i-could-use-some-coffee,s-restaurants-food,I could use some coffee.,අයි කුඩ් යූස් සම් කොෆී,කෝපි එකක් තිබ්බොත් හොඳයි.,beginner
i-need-my-caffeine-fix,s-everyday-conversations,I need my caffeine fix.,අයි නීඩ් මයි කැෆීන් ෆික්ස්,මට කෝපි එකක් බොන්නම ඕන.,beginner
whats-for-breakfast,s-restaurants-food,What's for breakfast?,වට්ස් ෆෝර් බ්‍රෙක්ෆස්ට්?,උදේට කන්න තියෙන්නේ මොනවද?,beginner
ill-grab-something-quick,s-everyday-conversations,I'll grab something quick.,අයිල් ග්‍රැබ් සම්තින් ක්වික්,මම ඉක්මනට මොනවාහරි කන්නම්.,beginner
ill-eat-on-the-go,s-restaurants-food,I'll eat on the go.,අයිල් ඊට් ඔන් ද ගෝ,යන ගමන් මොනවාහරි කන්නම්.,beginner
that-hit-the-spot,s-everyday-conversations,That hit the spot.,දැට් හිට් ද ස්පොට්,ඒක කෑවම/බිව්වම හොඳටම හරි ගියා.,beginner
i-needed-that,s-everyday-conversations,I needed that.,අයි නීඩිඩ් දැට්,මට ඒක ඇත්තටම ඕන වෙලා තිබුණා.,beginner
im-feeling-human-again,s-feelings-emotions,I'm feeling human again.,අයිම් ෆීලින් හියුමන් අගේන්,දැන් තමයි ටිකක් හරි ගියා වගේ.,beginner
thats-more-like-it,s-everyday-conversations,That's more like it.,දැට්ස් මෝර් ලයික් ඉට්,දැන් නම් හරි.,beginner
lets-see-what-today-brings,s-everyday-conversations,Let's see what today brings.,ලෙට්ස් සී වට් ටුඩේ බ්‍රිංග්ස්,අද මොනවා වෙයිද බලමු.,beginner
lets-make-it-a-good-one,s-everyday-conversations,Let's make it a good one.,ලෙට්ස් මේක් ඉට් අ ගුඩ් වන්,අද දවස හොඳ එකක් කරගමු.,intermediate
im-heading-out,s-everyday-conversations,I'm heading out.,අයිම් හෙඩින් අවුට්,මම දැන් පිටත් වෙනවා.,beginner
im-off,s-everyday-conversations,I'm off.,අයිම් ඔෆ්,එහෙනම් මම යනවා.,beginner
catch-you-later,s-everyday-conversations,Catch you later.,කැච් යූ ලේටර්,පස්සේ හම්බෙමු.,beginner
have-a-good-one,s-everyday-conversations,Have a good one.,හැව් අ ගුඩ් වන්,හොඳ දවසක් ගත කරන්න.,beginner
take-it-easy,s-phrasal-verbs,Take it easy.,ටේක් ඉට් ඊසි,හොඳින් ඉන්න / වැඩිය හිතට ගන්න එපා.,beginner
ill-be-back-later,s-everyday-conversations,I'll be back later.,අයිල් බී බැක් ලේටර්,මම පස්සේ ආපහු එන්නම්.,beginner
dont-wait-up,s-everyday-conversations,Don't wait up.,ඩෝන්ට් වේට් අප්,මම එනකම් ඇහැරගෙන ඉන්න එපා.,beginner
traffics-a-nightmare,s-transportation,Traffic's a nightmare.,ට්‍රැෆික්ස් අ නයිට්මෙයාර්,ට්‍රැෆික් එක හරිම කරදරයි.,beginner
traffics-backed-up,s-transportation,Traffic's backed up.,ට්‍රැෆික්ස් බැක්ට් අප්,වාහන පෝලිම ගොඩක් දිගයි.,beginner
im-stuck-in-traffic,s-transportation,I'm stuck in traffic.,අයිම් ස්ටක් ඉන් ට්‍රැෆික්,මම ට්‍රැෆික් එකේ හිර වෙලා.,beginner
its-bumper-to-bumper,s-everyday-conversations,It's bumper-to-bumper.,ඉට්ස් බම්පර් ටු බම්පර්,වාහන එකට එක ලඟින් පිරිලා.,beginner
looks-like-ill-be-late,s-everyday-conversations,Looks like I'll be late.,ලුක්ස් ලයික් අයිල් බී ලේට්,මට පරක්කු වෙයි වගේ.,beginner
i-shouldve-left-earlier,s-everyday-conversations,I should've left earlier.,අයි ෂුඩව් ලෙෆ්ට් අර්ලියර්,මම මීට කලින් පිටත් වෙන්න තිබුණා.,beginner
better-late-than-never,s-everyday-conversations,Better late than never.,බෙටර් ලේට් දෑන් නෙවර්,නොඑනවට වඩා පරක්කු වෙලා හරි එන එක හොඳයි.,beginner
i-made-it-just-in-time,s-everyday-conversations,I made it just in time.,අයි මේඩ් ඉට් ජස්ට් ඉන් ටයිම්,මම යන්තම් වෙලාවට ආවා.,intermediate
that-was-close,s-everyday-conversations,That was close.,දැට් වස් ක්ලෝස්,තව පොඩ්ඩෙන් වැඩේ වැරදෙනවා.,beginner
right-on-time,s-airport,Right on time.,රයිට් ඔන් ටයිම්,හරියටම වෙලාවට.,beginner
lets-get-to-work,s-work-office,Let's get to work.,ලෙට්ස් ගෙට් ටු වර්ක්,වැඩ පටන් ගමු.,beginner
lets-get-the-ball-rolling,s-everyday-conversations,Let's get the ball rolling.,ලෙට්ස් ගෙට් ද බෝල් රෝලින්,වැඩේ පටන් ගමු.,beginner
lets-dive-in,s-everyday-conversations,Let's dive in.,ලෙට්ස් ඩයිව් ඉන්,කෙලින්ම වැඩේට බහිමු.,beginner
where-do-we-start,s-asking-questions,Where do we start?,වෙයර් ඩු වී ස්ටාර්ට්?,අපි කොහෙන්ද පටන් ගන්නේ?,beginner
first-things-first,s-everyday-conversations,First things first.,ෆර්ස්ට් තිංග්ස් ෆර්ස්ට්,මුලින් කරන්න ඕන වැදගත්ම දේ කරමු.,beginner
ive-got-a-lot-on-my,s-everyday-conversations,I've got a lot on my plate.,අයිව් ගොට් අ ලොට් ඔන් මයි ප්ලේට්,මට කරන්න වැඩ ගොඩක් තියෙනවා.,intermediate
im-swamped-today,s-everyday-conversations,I'm swamped today.,අයිම් ස්වොම්ප්ට් ටුඩේ,අද මම වැඩවලින් හොඳටම හිර වෙලා.,beginner
im-slammed,s-everyday-conversations,I'm slammed.,අයිම් ස්ලෑම්ඩ්,මට වැඩ ගොඩ ගැහිලා.,beginner
its-going-to-be-a-long,s-everyday-conversations,It's going to be a long day.,ඉට්ස් ගෝයින් ටු බී අ ලෝන්ග් ඩේ,අද දවස දිගට යන වැඩ දවසක් වගේ.,intermediate
ive-got-my-hands-full,s-everyday-conversations,I've got my hands full.,අයිව් ගොට් මයි හැන්ඩ්ස් ෆුල්,මට දැන් වැඩ ගොඩක් තියෙනවා.,beginner
let-me-take-a-look,s-everyday-conversations,Let me take a look.,ලෙට් මී ටේක් අ ලුක්,මට බලන්න දෙන්න.,beginner
let-me-check,s-everyday-conversations,Let me check.,ලෙට් මී චෙක්,මම බලන්නම්.,beginner
ill-look-into-it,s-everyday-conversations,I'll look into it.,අයිල් ලුක් ඉන්ටු ඉට්,මම ඒ ගැන හොයලා බලන්නම්.,beginner
ill-get-on-it,s-everyday-conversations,I'll get on it.,අයිල් ගෙට් ඔන් ඉට්,මම ඒ වැඩේ දැන්ම කරන්නම්.,beginner
im-on-it,s-everyday-conversations,I'm on it.,අයිම් ඔන් ඉට්,මම ඒක කරගෙන යනවා.,beginner
ive-got-it-covered,s-everyday-conversations,I've got it covered.,අයිව් ගොට් ඉට් කවර්ඩ්,ඒක ගැන මම බලාගන්නම්.,beginner
consider-it-done,s-everyday-conversations,Consider it done.,කන්සිඩර් ඉට් ඩන්,ඒක කළා කියලා හිතන්න.,beginner
let-me-think-this-through,s-everyday-conversations,Let me think this through.,ලෙට් මී තිංක් දිස් ත්‍රූ,මේක හොඳට හිතලා බලන්න දෙන්න.,beginner
give-me-a-minute-to-process,s-everyday-conversations,Give me a minute to process that.,ගිව් මී අ මිනිට් ටු ප්‍රොසෙස් දැට්,ඒක ටිකක් හිතලා තේරුම් ගන්න මට වෙලාවක් දෙන්න.,intermediate
i-see-your-point,s-everyday-conversations,I see your point.,අයි සී යෝර් පොයින්ට්,ඔයා කියන අදහස මට තේරෙනවා.,beginner
im-with-you-on-that,s-everyday-conversations,I'm with you on that.,අයිම් විත් යූ ඔන් දැට්,ඒ ගැන මමත් ඔයා එක්ක එකඟයි.,beginner
im-not-so-sure-about-that,s-everyday-conversations,I'm not so sure about that.,අයිම් නොට් සෝ ෂුවර් අබවුට් දැට්,ඒ ගැන නම් මට එච්චර විශ්වාස නෑ.,intermediate
no-big-deal,s-business,No big deal.,නෝ බිග් ඩීල්,ලොකු දෙයක් නෙවෙයි.,beginner
its-not-the-end-of-the,s-everyday-conversations,It's not the end of the world.,ඉට්ස් නොට් දි එන්ඩ් ඔෆ් ද වර්ල්ඩ්,ඒක එච්චර විශාල ප්‍රශ්නයක් නෙවෙයි.,intermediate
well-make-it-work,s-work-office,We'll make it work.,වීල් මේක් ඉට් වර්ක්,කොහොමහරි මේක හරියට කරගමු.,beginner
lets-take-it-from-there,s-everyday-conversations,Let's take it from there.,ලෙට්ස් ටේක් ඉට් ෆ්‍රම් දෙයාර්,එතනින් පස්සේ ඉදිරිය බලමු.,beginner
hows-your-day-going,s-asking-questions,How's your day going?,හව්ස් යෝර් ඩේ ගෝයින්?,අද දවස කොහොමද යන්නේ?,beginner
its-been-hectic,s-everyday-conversations,It's been hectic.,ඉට්ස් බීන් හෙක්ටික්,අද හරිම කලබලයි.,beginner
things-have-been-crazy,s-everyday-conversations,Things have been crazy.,තිංග්ස් හැව් බීන් ක්‍රේසි,වැඩ ටික හරිම කලබලකාරී.,beginner
ive-been-running-around-all-day,s-everyday-conversations,I've been running around all day.,අයිව් බීන් රනින් අරවුන්ඩ් ඕල් ඩේ,දවසම එහෙ මෙහෙ දුව දුව වැඩ කළා.,intermediate
i-havent-had-a-minute-to,s-everyday-conversations,I haven't had a minute to myself.,අයි හැවන්ට් හැඩ් අ මිනිට් ටු මයිසෙල්ෆ්,මට මගේ වැඩකටවත් විනාඩියක් තිබුණෙ නෑ.,intermediate
im-hanging-in-there,s-everyday-conversations,I'm hanging in there.,අයිම් හැංගින් ඉන් දෙයාර්,කොහොමහරි අල්ලගෙන යනවා.,beginner
im-doing-alright,s-everyday-conversations,I'm doing alright.,අයිම් ඩූයින් ඕල්රයිට්,මම හොඳින් ඉන්නවා.,beginner
not-too-bad,s-everyday-conversations,Not too bad.,නොට් ටූ බැඩ්,එච්චර නරක නෑ.,beginner
pretty-good-actually,s-everyday-conversations,"Pretty good, actually.",ප්‍රිටි ගුඩ් ඇක්චුවලි,ඇත්තටම හොඳයි.,beginner
i-cant-believe-its-only-noon,s-everyday-conversations,I can't believe it's only noon.,අයි කෑන්ට් බිලීව් ඉට්ස් ඕන්ලි නූන්,තාම දවල් 12යි කියලා හිතාගන්න බෑ.,intermediate
the-days-flying-by,s-everyday-conversations,The day's flying by.,ද ඩේස් ෆ්ලයින් බයි,දවස හරි ඉක්මනට ගෙවෙනවා.,beginner
where-did-the-time-go,s-asking-questions,Where did the time go?,වෙයර් ඩිඩ් ද ටයිම් ගෝ?,වෙලාව ගියේ කොහොමද කියලා හිතාගන්න බෑ.,beginner
time-flies,s-everyday-conversations,Time flies.,ටයිම් ෆ්ලයිස්,වෙලාව හරි ඉක්මනට යනවා.,beginner
before-you-know-it-itll-be,s-everyday-conversations,"Before you know it, it'll be evening.","බිෆෝර් යූ නෝ ඉට්, ඉට්ල් බී ඊව්නින්",දන්නෙම නැතුව හවස වෙයි.,intermediate
i-need-a-break,s-everyday-conversations,I need a break.,අයි නීඩ් අ බ්‍රේක්,මට පොඩි විවේකයක් ඕන.,beginner
im-taking-five,s-everyday-conversations,I'm taking five.,අයිම් ටේකින් ෆයිව්,මම විනාඩි කිහිපයක විවේකයක් ගන්නවා.,beginner
lets-take-a-breather,s-everyday-conversations,Let's take a breather.,ලෙට්ස් ටේක් අ බ්‍රීදර්,ටිකක් විවේක ගමු.,beginner
whats-for-lunch,s-restaurants-food,What's for lunch?,වට්ස් ෆෝර් ලන්ච්?,දවල්ට කන්න මොනවද?,beginner
im-getting-hungry,s-everyday-conversations,I'm getting hungry.,අයිම් ගෙටින් හංග්‍රි,මට බඩගිනි වෙමින් එනවා.,beginner
im-absolutely-starving,s-agreeing-disagreeing,I'm absolutely starving.,අයිම් ඇබ්සලූට්ලි ස්ටාර්වින්,මට හොඳටම බඩගිනියි.,beginner
lets-grab-a-bite,s-everyday-conversations,Let's grab a bite.,ලෙට්ස් ග්‍රැබ් අ බයිට්,මොනවාහරි කන්න යමු.,beginner
want-to-grab-lunch,s-restaurants-food,Want to grab lunch?,වොන්ට් ටු ග්‍රැබ් ලන්ච්?,දවල් කෑම කන්න යමුද?,beginner
im-down,s-everyday-conversations,I'm down.,අයිම් ඩවුන්,මම කැමතියි / මම එන්නම්.,beginner
sounds-good-to-me,s-everyday-conversations,Sounds good to me.,සවුන්ඩ්ස් ගුඩ් ටු මී,මට නම් ඒක හොඳයි.,beginner
im-up-for-it,s-everyday-conversations,I'm up for it.,අයිම් අප් ෆෝර් ඉට්,මම ඒකට කැමතියි.,beginner
you-pick,s-everyday-conversations,You pick.,යූ පික්,ඔයා තෝරන්න.,beginner
im-not-picky,s-everyday-conversations,I'm not picky.,අයිම් නොට් පිකි,මට විශේෂයෙන් තෝරාගැනීමක් නෑ.,beginner
whatever-works-for-you,s-everyday-conversations,Whatever works for you.,වට්එවර් වර්ක්ස් ෆෝර් යූ,ඔයාට පහසු දෙයක් කරමු.,beginner
that-looks-good,s-everyday-conversations,That looks good.,දැට් ලුක්ස් ගුඩ්,ඒක රස වගේ පේනවා.,beginner
this-is-really-good,s-everyday-conversations,This is really good.,දිස් ඉස් රියලි ගුඩ්,මේක ඇත්තටම රසයි.,beginner
this-is-so-good,s-everyday-conversations,This is so good.,දිස් ඉස් සෝ ගුඩ්,මේක මාර රසයි.,beginner
youve-got-to-try-this,s-everyday-conversations,You've got to try this.,යූව් ගොට් ටු ට්‍රයි දිස්,ඔයා මේක කාලා බලන්නම ඕන.,beginner
want-a-bite,s-everyday-conversations,Want a bite?,වොන්ට් අ බයිට්?,ටිකක් කනවද?,beginner
im-good-thanks,s-thanking,"I'm good, thanks.","අයිම් ගුඩ්, තෑන්ක්ස්","එපා, ස්තුතියි.",beginner
im-stuffed,s-everyday-conversations,I'm stuffed.,අයිම් ස්ටෆ්ට්,මට හොඳටම බඩ පිරිලා.,beginner
that-really-hit-the-spot,s-everyday-conversations,That really hit the spot.,දැට් රියලි හිට් ද ස්පොට්,ඒ කෑමෙන් හොඳටම බඩ පිරුණා.,beginner
im-ready-for-a-nap-now,s-everyday-conversations,I'm ready for a nap now.,අයිම් රෙඩි ෆෝර් අ නැප් නව්,දැන් නම් පොඩි නින්දක් දාන්න හිතෙනවා.,intermediate
food-comas-kicking-in,s-restaurants-food,Food coma's kicking in.,ෆුඩ් කෝමාස් කිකින් ඉන්,කෑවට පස්සේ හොඳටම නිදිමත එනවා.,beginner
back-to-work,s-work-office,Back to work.,බැක් ටු වර්ක්,ආයෙත් වැඩේට යමු.,beginner
alright-where-were-we,s-everyday-conversations,"Alright, where were we?","ඕල්රයිට්, වෙයර් වර් වී?","හරි, අපි කොතනින්ද නතර කළේ?",beginner
lets-pick-up-where-we-left,s-everyday-conversations,Let's pick up where we left off.,ලෙට්ස් පික් අප් වෙයර් වී ලෙෆ්ට් ඔෆ්,නතර කළ තැනින් ආයෙත් පටන් ගමු.,intermediate
lets-keep-going,s-everyday-conversations,Let's keep going.,ලෙට්ස් කීප් ගෝයින්,දිගටම කරගෙන යමු.,beginner
lets-keep-the-momentum-going,s-everyday-conversations,Let's keep the momentum going.,ලෙට්ස් කීප් ද මොමෙන්ටම් ගෝයින්,මේ වේගය දිගටම තියාගමු.,beginner
almost-there,s-everyday-conversations,Almost there.,ඕල්මෝස්ට් දෙයාර්,තව ටිකයි.,beginner
lets-call-it-done,s-everyday-conversations,Let's call it done.,ලෙට්ස් කෝල් ඉට් ඩන්,මේක ඉවරයි කියලා හිතමු.,beginner
that-should-do-it,s-everyday-conversations,That should do it.,දැට් ෂුඩ් ඩූ ඉට්,ඒකෙන් වැඩේ හරි යයි.,beginner
that-takes-care-of-that,s-everyday-conversations,That takes care of that.,දැට් ටේක්ස් කෙයාර් ඔෆ් දැට්,එහෙනම් ඒ වැඩේ ඉවරයි.,beginner
glad-thats-out-of-the-way,s-feelings-emotions,Glad that's out of the way.,ග්ලැඩ් දැට්ස් අවුට් ඔෆ් ද වේ,ඒක ඉවර වුණ එක හොඳයි.,intermediate
whats-next,s-asking-questions,What's next?,වට්ස් නෙක්ස්ට්?,ඊළඟට මොකක්ද?,beginner
moving-on,s-everyday-conversations,Moving on.,මූවින් ඔන්,ඊළඟ වැඩේට යමු.,beginner
lets-switch-gears,s-everyday-conversations,Let's switch gears.,ලෙට්ස් ස්විච් ගියර්ස්,දැන් වෙන වැඩකට/මාතෘකාවකට මාරු වෙමු.,beginner
im-losing-steam,s-everyday-conversations,I'm losing steam.,අයිම් ලූසින් ස්ටීම්,මගේ ශක්තිය අඩු වෙමින් යනවා.,beginner
my-brains-fried,s-everyday-conversations,My brain's fried.,මයි බ්‍රේන්ස් ෆ්‍රයිඩ්,දැන් හිතන්නවත් බැරි තරම් මම මහන්සියි.,beginner
i-cant-think-straight,s-everyday-conversations,I can't think straight.,අයි කෑන්ට් තිංක් ස්ට්‍රේට්,මට හරියට හිතන්න බෑ.,beginner
im-running-on-empty,s-everyday-conversations,I'm running on empty.,අයිම් රනින් ඔන් එම්ප්ටි,මගේ ශක්තිය සම්පූර්ණයෙන්ම වගේ ඉවරයි.,beginner
i-need-another-coffee,s-restaurants-food,I need another coffee.,අයි නීඩ් අනදර් කොෆී,මට තව කෝපි එකක් ඕන.,beginner
i-need-a-pick-me-up,s-everyday-conversations,I need a pick-me-up.,අයි නීඩ් අ පික් මී අප්,මගේ ශක්තිය ටිකක් වැඩි කරගන්න දෙයක් ඕන.,beginner
the-afternoon-slump-is-real,s-everyday-conversations,The afternoon slump is real.,දි ආෆ්ටර්නූන් ස්ලම්ප් ඉස් රියල්,දවල් පස්සේ එන නිදිමත ඇත්තටම අමාරුයි.,beginner
im-fading-fast,s-everyday-conversations,I'm fading fast.,අයිම් ෆේඩින් ෆාස්ට්,මගේ ශක්තිය ඉක්මනට අඩු වෙනවා.,beginner
let-me-clear-my-head,s-everyday-conversations,Let me clear my head.,ලෙට් මී ක්ලියර් මයි හෙඩ්,මගේ ඔළුව ටිකක් නිදහස් කරගන්න දෙන්න.,beginner
ill-come-back-to-it,s-everyday-conversations,I'll come back to it.,අයිල් කම් බැක් ටු ඉට්,මම පස්සේ ආයෙත් මේක බලන්නම්.,beginner
lets-leave-it-for-now,s-everyday-conversations,Let's leave it for now.,ලෙට්ස් ලීව් ඉට් ෆෝර් නව්,දැනට මේක පැත්තකින් තියමු.,beginner
thats-me-done,s-everyday-conversations,That's me done.,දැට්ස් මී ඩන්,මගේ වැඩ දැන් ඉවරයි.,beginner
im-done-for-the-day,s-everyday-conversations,I'm done for the day.,අයිම් ඩන් ෆෝර් ද ඩේ,අදට මගේ වැඩ ඉවරයි.,beginner
im-wrapping-up,s-everyday-conversations,I'm wrapping up.,අයිම් රැපින් අප්,මම දැන් වැඩ ටික ඉවර කරමින් ඉන්නේ.,beginner
im-about-to-head-out,s-everyday-conversations,I'm about to head out.,අයිම් අබවුට් ටු හෙඩ් අවුට්,මම දැන් පිටත් වෙන්නයි යන්නේ.,beginner
im-heading-home,s-home,I'm heading home.,අයිම් හෙඩින් හෝම්,මම ගෙදර යනවා.,beginner
finally,s-everyday-conversations,Finally!,ෆයිනලි,අන්තිමේදී!,beginner
its-been-a-long-one,s-everyday-conversations,It's been a long one.,ඉට්ස් බීන් අ ලෝන්ග් වන්,අද දවස හරි දිගයි වගේ දැනුණේ.,beginner
im-beat,s-everyday-conversations,I'm beat.,අයිම් බීට්,මට හොඳටම මහන්සියි.,beginner
im-wiped-out,s-everyday-conversations,I'm wiped out.,අයිම් වයිප්ට් අවුට්,මගේ ශක්තිය සම්පූර්ණයෙන්ම ඉවරයි.,beginner
im-ready-to-crash,s-everyday-conversations,I'm ready to crash.,අයිම් රෙඩි ටු ක්‍රෑෂ්,මට දැන් ගිහින් වැටිලා නිදාගන්නයි ඕන.,beginner
i-need-to-unwind,s-everyday-conversations,I need to unwind.,අයි නීඩ් ටු අන්වයින්ඩ්,මට ටිකක් නිදහසේ ඉඳලා මහන්සිය අරින්න ඕන.,beginner
i-need-some-downtime,s-everyday-conversations,I need some downtime.,අයි නීඩ් සම් ඩවුන්ටයිම්,මට ටිකක් කිසි වැඩක් නැතුව නිදහසේ ඉන්න ඕන.,beginner
ive-had-enough-for-one-day,s-everyday-conversations,I've had enough for one day.,අයිව් හැඩ් ඉනෆ් ෆෝර් වන් ඩේ,අද දවසට මේ ඇති.,intermediate
tomorrows-another-day,s-making-plans,Tomorrow's another day.,ටුමොරෝස් අනදර් ඩේ,හෙට ආයෙත් අලුත් දවසක්.,beginner
ill-deal-with-it-tomorrow,s-business,I'll deal with it tomorrow.,අයිල් ඩීල් විත් ඉට් ටුමොරෝ,ඒක හෙට බලාගන්නම්.,beginner
im-home,s-home,I'm home!,අයිම් හෝම්,මම ගෙදර ආවා!,beginner
home-sweet-home,s-home,Home sweet home.,හෝම් ස්වීට් හෝම්,අන්තිමේදී මගේ ගෙදර!,beginner
its-good-to-be-home,s-home,It's good to be home.,ඉට්ස් ගුඩ් ටු බී හෝම්,ගෙදර ආවම තමයි සැනසීම.,beginner
im-finally-home,s-home,I'm finally home.,අයිම් ෆයිනලි හෝම්,අන්තිමේදී ගෙදර ආවා.,beginner
i-need-to-get-out-of,s-everyday-conversations,I need to get out of these clothes.,අයි නීඩ් ටු ගෙට් අවුට් ඔෆ් දීස් ක්ලෝත්ස්,මට මේ ඇඳුම් මාරු කරගන්න ඕන.,intermediate
let-me-change-into-something-comfortable,s-banking-money,Let me change into something comfortable.,ලෙට් මී චේන්ජ් ඉන්ටු සම්තින් කම්ෆටබල්,සුවපහසු ඇඳුමක් දාගන්න දෙන්න.,intermediate
im-going-to-freshen-up,s-everyday-conversations,I'm going to freshen up.,අයිම් ගෝයින් ටු ෆ්‍රෙෂන් අප්,මම ටිකක් සෝදගෙන එන්නම්.,beginner
i-need-a-hot-shower,s-everyday-conversations,I need a hot shower.,අයි නීඩ් අ හොට් ෂවර්,මට උණු වතුරෙන් හොඳ නාන එකක් ඕන.,beginner
that-feels-so-much-better,s-everyday-conversations,That feels so much better.,දැට් ෆීල්ස් සෝ මච් බෙටර්,දැන් ගොඩක් හොඳයි.,beginner
i-can-finally-relax,s-everyday-conversations,I can finally relax.,අයි කැන් ෆයිනලි රිලැක්ස්.,දැන් අන්තිමට මට relax වෙන්න පුළුවන්.,beginner
im-just-going-to-chill,s-everyday-conversations,I'm just going to chill.,අයිම් ජස්ට් ගෝයින් ටු චිල්,මම දැන් සරලව නිදහසේ ඉන්නවා.,beginner
im-going-to-take-it-easy,s-phrasal-verbs,I'm going to take it easy.,අයිම් ගෝයින් ටු ටේක් ඉට් ඊසි,මම දැන් නිදහසේ ඉන්නවා.,intermediate
i-need-to-put-my-feet,s-everyday-conversations,I need to put my feet up.,අයි නීඩ් ටු පුට් මයි ෆීට් අප්,මට දැන් වාඩි වෙලා හොඳට විවේක ගන්න ඕන.,intermediate
im-not-doing-anything-tonight,s-everyday-conversations,I'm not doing anything tonight.,අයිම් නොට් ඩූයින් එනිතින් ටුනයිට්,අද රෑ මම කිසි දෙයක් කරන්නෙ නෑ.,beginner
im-staying-in-tonight,s-everyday-conversations,I'm staying in tonight.,අයිම් ස්ටේයින් ඉන් ටුනයිට්,අද රෑ මම ගෙදරම ඉන්නවා.,beginner
im-taking-it-easy-tonight,s-everyday-conversations,I'm taking it easy tonight.,අයිම් ටේකින් ඉට් ඊසි ටුනයිට්,අද රෑ සැහැල්ලුවෙන් ඉන්නවා.,beginner
whats-for-dinner,s-restaurants-food,What's for dinner?,වට්ස් ෆෝර් ඩිනර්?,රෑට කන්න තියෙන්නේ මොනවද?,beginner
i-could-eat-a-horse,s-restaurants-food,I could eat a horse.,අයි කුඩ් ඊට් අ හෝර්ස්,මට මාර බඩගිනියි.,beginner
ill-have-something-light,s-everyday-conversations,I'll have something light.,අයිල් හැව් සම්තින් ලයිට්,මම සැහැල්ලු දෙයක් කන්නම්.,beginner
it-was-pretty-good,s-everyday-conversations,It was pretty good.,ඉට් වස් ප්‍රිටි ගුඩ්,දවස හොඳයි.,beginner
it-was-alright,s-everyday-conversations,It was alright.,ඉට් වස් ඕල්රයිට්,"අවුලක් නැහැ, හොඳයි.",beginner
it-was-exhausting,s-everyday-conversations,It was exhausting.,ඉට් වස් ඉග්සෝස්ටින්,හරිම මහන්සි දවසක්.,beginner
you-dont-even-want-to-know,s-everyday-conversations,You don't even want to know.,යූ ඩෝන්ට් ඊවන් වොන්ට් ටු නෝ,අද වුණ දේවල් නම් කියලා වැඩක් නෑ.,intermediate
long-story-short,s-everyday-conversations,Long story short...,ලෝන්ග් ස්ටෝරි ෂෝර්ට්,දිග කතාව කෙටියෙන් කිව්වොත්...,beginner
you-wouldnt-believe-what-happened,s-everyday-conversations,You wouldn't believe what happened.,යූ වුඩන්ට් බිලීව් වට් හැපන්ඩ්,අද වුණ දේ ඔයා විශ්වාස කරන එකක් නෑ.,beginner
guess-what-happened-today,s-everyday-conversations,Guess what happened today.,ගෙස් වට් හැපන්ඩ් ටුඩේ,අද මොකක් වුණාද කියලා හිතන්නකෝ.,beginner
that-made-my-day,s-everyday-conversations,That made my day.,දැට් මේඩ් මයි ඩේ,ඒකෙන් මගේ දවසම සතුටු වුණා.,beginner
that-was-the-highlight-of-my,s-everyday-conversations,That was the highlight of my day.,දැට් වස් ද හයිලයිට් ඔෆ් මයි ඩේ,අද දවසේ හොඳම සිද්ධිය ඒක.,intermediate
that-ruined-my-day,s-everyday-conversations,That ruined my day.,දැට් රූවින්ඩ් මයි ඩේ,ඒකෙන් මගේ දවසම අවුල් වුණා.,beginner
im-over-it-now,s-everyday-conversations,I'm over it now.,අයිම් ඕවර් ඉට් නව්,දැන් ඒක ගැන මම හිතන්නේ නෑ.,beginner
no-point-dwelling-on-it,s-everyday-conversations,No point dwelling on it.,නෝ පොයින්ට් ඩ්වෙලින් ඔන් ඉට්,ඒ ගැන දිගටම හිතලා වැඩක් නෑ.,beginner
tomorrows-a-fresh-start,s-making-plans,Tomorrow's a fresh start.,ටුමොරෝස් අ ෆ්‍රෙෂ් ස්ටාර්ට්,හෙට අලුතින් පටන් ගන්න පුළුවන්.,beginner
i-just-want-to-relax,s-everyday-conversations,I just want to relax.,අයි ජස්ට් වොන්ට් ටු රිලැක්ස්,මට දැන් නිදහසේ ඉන්න විතරයි ඕන.,beginner
im-switching-off-for-the-night,s-everyday-conversations,I'm switching off for the night.,අයිම් ස්විචින් ඔෆ් ෆෝර් ද නයිට්,අද රෑට මම වැඩ ගැන හිතන එක නවත්තනවා.,intermediate
what-are-you-up-to,s-asking-questions,What are you up to?,වට් ආර් යූ අප් ටු?,ඔයා දැන් මොනවද කරන්නේ?,beginner
not-much,s-everyday-conversations,Not much.,නොට් මච්,විශේෂ දෙයක් නෑ.,beginner
just-chilling,s-everyday-conversations,Just chilling.,ජස්ට් චිලින්,නිකන් නිදහසේ ඉන්නවා.,beginner
im-just-scrolling,s-everyday-conversations,I'm just scrolling.,අයිම් ජස්ට් ස්ක්‍රෝලින්,ෆෝන් එක බල බල ඉන්නවා.,beginner
im-catching-up-on-some-stuff,s-everyday-conversations,I'm catching up on some stuff.,අයිම් කැචින් අප් ඔන් සම් ස්ටෆ්,මඟහැරුණු වැඩ ටිකක් කරගෙන යනවා.,intermediate
im-watching-a-show,s-everyday-conversations,I'm watching a show.,අයිම් වොචින් අ ෂෝ,වැඩසටහනක්/සීරීස් එකක් බලනවා.,beginner
im-binge-watching-this-series,s-everyday-conversations,I'm binge-watching this series.,අයිම් බින්ජ් වොචින් දිස් සීරීස්,මේ සීරීස් එක දිගටම episodes ගොඩක් බලනවා.,beginner
one-more-episode,s-everyday-conversations,One more episode.,වන් මෝර් එපිසෝඩ්,තව එක episode එකක් විතරයි.,beginner
ive-lost-track-of-time,s-everyday-conversations,I've lost track of time.,අයිව් ලොස්ට් ට්‍රැක් ඔෆ් ටයිම්,වෙලාව යනවා මට දැනුණෙම නෑ.,beginner
its-getting-late,s-everyday-conversations,It's getting late.,ඉට්ස් ගෙටින් ලේට්,දැන් රෑ වෙමින් යනවා.,beginner
where-did-the-evening-go,s-asking-questions,Where did the evening go?,වෙයර් ඩිඩ් දි ඊව්නින් ගෝ?,හවස ගියේ කොහොමද කියලා දැනුණෙම නෑ.,beginner
i-should-probably-get-ready-for,s-home,I should probably get ready for bed.,අයි ෂුඩ් ප්‍රොබබ්ලි ගෙට් රෙඩි ෆෝර් බෙඩ්,දැන් නිදාගන්න ලෑස්ති වුණොත් හොඳයි.,intermediate
im-getting-sleepy,s-everyday-conversations,I'm getting sleepy.,අයිම් ගෙටින් ස්ලීපි,මට නිදිමත එනවා.,beginner
i-can-barely-keep-my-eyes,s-everyday-conversations,I can barely keep my eyes open.,අයි කැන් බෙයර්ලි කීප් මයි අයිස් ඕපන්,ඇස් ඇරගෙන ඉන්නත් අමාරුයි.,intermediate
im-nodding-off,s-everyday-conversations,I'm nodding off.,අයිම් නොඩින් ඔෆ්,මට ඉඳගෙනම නින්ද යනවා.,beginner
im-about-to-pass-out,s-everyday-conversations,I'm about to pass out.,අයිම් අබවුට් ටු පාස් අවුට්,මට දැන් හොඳටම නින්ද යන්නයි එන්නේ.,beginner
im-dead-tired,s-feelings-emotions,I'm dead tired.,අයිම් ඩෙඩ් ටයර්ඩ්,මට හොඳටම මහන්සියි.,beginner
im-ready-for-bed,s-home,I'm ready for bed.,අයිම් රෙඩි ෆෝර් බෙඩ්,මම දැන් නිදාගන්න ලෑස්තියි.,beginner
im-going-to-turn-in,s-everyday-conversations,I'm going to turn in.,අයිම් ගෝයින් ටු ටර්න් ඉන්,මම දැන් නිදාගන්න යනවා.,beginner
im-calling-it-a-night,s-everyday-conversations,I'm calling it a night.,අයිම් කෝලින් ඉට් අ නයිට්,අදට ඔක්කොම නවත්තලා නිදාගන්නවා.,beginner
im-off-to-bed,s-home,I'm off to bed.,අයිම් ඔෆ් ටු බෙඩ්,මම නිදාගන්න යනවා.,beginner
time-for-bed,s-home,Time for bed.,ටයිම් ෆෝර් බෙඩ්,දැන් නිදාගන්න වෙලාව.,beginner
bed-is-calling-my-name,s-home,Bed is calling my name.,බෙඩ් ඉස් කෝලින් මයි නේම්,මට දැන් හොඳටම නිදාගන්න ඕන.,beginner
i-need-some-shut-eye,s-everyday-conversations,I need some shut-eye.,අයි නීඩ් සම් ෂට් අයි,මට ටිකක් නිදාගන්න ඕන.,beginner
i-need-to-catch-some-zs,s-everyday-conversations,I need to catch some Z's.,අයි නීඩ් ටු කැච් සම් සීස්,මට ටිකක් නින්දක් ගන්න ඕන.,intermediate
i-need-a-good-nights-sleep,s-home,I need a good night's sleep.,අයි නීඩ් අ ගුඩ් නයිට්ස් ස්ලීප්,අද මට හොඳ නින්දක් ඕන.,intermediate
ive-got-an-early-start-tomorrow,s-making-plans,I've got an early start tomorrow.,අයිව් ගොට් ඇන් අර්ලි ස්ටාර්ට් ටුමොරෝ,හෙට මට උදෙන්ම වැඩ පටන් ගන්න තියෙනවා.,intermediate
ive-got-a-big-day-tomorrow,s-making-plans,I've got a big day tomorrow.,අයිව් ගොට් අ බිග් ඩේ ටුමොරෝ,හෙට මට වැදගත් වැඩ ගොඩක් තියෙනවා.,intermediate
id-better-get-some-sleep,s-home,I'd better get some sleep.,අයිඩ් බෙටර් ගෙට් සම් ස්ලීප්,මම දැන් නිදාගත්තොත් හොඳයි.,beginner
im-setting-my-alarm,s-everyday-conversations,I'm setting my alarm.,අයිම් සෙටින් මයි අලාර්ම්,මම alarm එක තියනවා.,beginner
hopefully-i-wake-up-on-time,s-airport,Hopefully I wake up on time.,හෝප්ෆුලි අයි වේක් අප් ඔන් ටයිම්,වෙලාවට ඇහැරෙයි කියලා හිතනවා.,intermediate
dont-let-me-oversleep,s-everyday-conversations,Don't let me oversleep.,ඩෝන්ට් ලෙට් මී ඕවර්ස්ලීප්,මට වැඩිපුර නිදාගන්න දෙන්න එපා.,beginner
night,s-everyday-conversations,Night!,නයිට්,සුබ රාත්‍රියක්.,beginner
sleep-tight,s-home,Sleep tight.,ස්ලීප් ටයිට්,සුවසේ නිදාගන්න.,beginner
see-you-in-the-morning,s-everyday-conversations,See you in the morning.,සී යූ ඉන් ද මෝර්නින්,උදේ හම්බෙමු.,beginner
and-thats-a-wrap-for-today,s-phrasal-verbs,And that's a wrap for today.,ඇන්ඩ් දැට්ස් අ රැප් ෆෝර් ටුඩේ,එහෙනම් අද දවසට ඔක්කොම ඉවරයි.,intermediate
im-just-taking-it-easy,s-everyday-conversations,I'm just taking it easy.,අයිම් ජස්ට් ටේකිං ඉට් ඊසි.,මං නිකන් සැහැල්ලුවෙන් ඉන්නවා.,beginner
im-just-doing-my-thing,s-everyday-conversations,I'm just doing my thing.,අයිම් ජස්ට් ඩූයිං මයි තිං.,මං මගේ වැඩේ කරගෙන ඉන්නවා.,beginner
im-minding-my-own-business,s-business,I'm minding my own business.,අයිම් මයින්ඩිං මයි ඕන් බිස්නස්.,මං මගේ පාඩුවේ ඉන්නවා.,beginner
im-keeping-to-myself-today,s-everyday-conversations,I'm keeping to myself today.,අයිම් කීපිං ටු මයිසෙල්ෆ් ටුඩේ.,අද මං ටිකක් තනියම ඉන්නවා.,beginner
im-just-passing-the-time,s-everyday-conversations,I'm just passing the time.,අයිම් ජස්ට් පාසිං ද ටයිම්.,මං නිකන් වෙලාව ගත කරනවා.,beginner
ive-got-nothing-better-to-do,s-everyday-conversations,I've got nothing better to do.,අයිව් ගොට් නතිං බෙටර් ටු ඩූ.,මට දැන් වෙන කරන්න දෙයක් නෑ.,intermediate
im-having-a-quick-look,s-everyday-conversations,I'm having a quick look.,අයිම් හැවිං අ ක්වික් ලුක්.,මං ඉක්මනට පොඩ්ඩක් බලනවා.,beginner
ill-have-a-look-later,s-everyday-conversations,I'll have a look later.,අයිල් හැව් අ ලුක් ලේටර්.,මං පස්සේ බලන්නම්.,beginner
i-havent-gotten-around-to-it,s-everyday-conversations,I haven't gotten around to it yet.,අයි හැවන්ට් ගොටන් අරවුන්ඩ් ටු ඉට් යෙට්.,මට තාම ඒක කරන්න වෙලාවක් ලැබුණේ නෑ.,intermediate
ive-been-meaning-to-do-that,s-everyday-conversations,I've been meaning to do that.,අයිව් බීන් මීනිං ටු ඩූ දැට්.,මං ඒක කරන්න හිතාගෙන හිටියේ.,intermediate
ive-been-meaning-to-ask-you,s-everyday-conversations,I've been meaning to ask you.,අයිව් බීන් මීනිං ටු ආස්ක් යූ.,මං ඔයාගෙන් මේක අහන්න හිතාගෙන හිටියේ.,intermediate
i-kept-forgetting,s-everyday-conversations,I kept forgetting.,අයි කෙප්ට් ෆොගෙටිං.,මට දිගටම අමතක වුණා.,beginner
i-finally-remembered,s-everyday-conversations,I finally remembered.,අයි ෆයිනලි රිමෙම්බර්ඩ්.,අන්තිමට මට මතක් වුණා.,beginner
better-get-it-done-now,s-everyday-conversations,Better get it done now.,බෙටර් ගෙට් ඉට් ඩන් නවු.,දැන්ම කරලා ඉවර කරන එක හොඳයි.,beginner
i-might-do-it-later,s-everyday-conversations,I might do it later.,අයි මයිට් ඩූ ඉට් ලේටර්.,මං ඒක පස්සේ කරන්න පුළුවන්.,beginner
ill-probably-do-it-tonight,s-everyday-conversations,I'll probably do it tonight.,අයිල් ප්‍රොබබ්ලි ඩූ ඉට් ටුනයිට්.,මං බොහෝවිට අද රෑ ඒක කරන්නම්.,beginner
ill-get-to-it-eventually,s-everyday-conversations,I'll get to it eventually.,අයිල් ගෙට් ටු ඉට් ඉවෙන්චුවලි.,කොහොමහරි පස්සේ ඒක කරන්නම්.,beginner
it-can-wait-till-tomorrow,s-making-plans,It can wait till tomorrow.,ඉට් කැන් වේට් ටිල් ටුමොරෝ.,ඒක හෙට වෙනකම් තියන්න පුළුවන්.,beginner
im-in-no-mood-to-work,s-work-office,I'm in no mood to work.,අයිම් ඉන් නෝ මූඩ් ටු වර්ක්.,මට දැන් වැඩ කරන්න හිතක් නෑ.,intermediate
im-feeling-lazy-today,s-feelings-emotions,I'm feeling lazy today.,අයිම් ෆීලිං ලේසි ටුඩේ.,අද මට ටිකක් කම්මැලි.,beginner
im-too-lazy-to-move,s-everyday-conversations,I'm too lazy to move.,අයිම් ටූ ලේසි ටු මූව්.,මට නැගිටින්නවත් කම්මැලියි.,beginner
i-could-stay-here-all-day,s-everyday-conversations,I could stay here all day.,අයි කුඩ් ස්ටේ හියර් ඕල් ඩේ.,මට දවසම මෙතන ඉන්න පුළුවන්.,intermediate
i-dont-wanna-get-up,s-everyday-conversations,I don't wanna get up.,අයි ඩෝන්ට් වොනා ගෙට් අප්.,මට නැගිටින්න හිතෙන්නේ නෑ.,beginner
five-more-minutes,s-meetings,Five more minutes.,ෆයිව් මෝර් මිනිට්ස්.,තව විනාඩි පහක්.,beginner
i-need-coffee-first,s-restaurants-food,I need coffee first.,අයි නීඩ් කෝෆි ෆර්ස්ට්.,මුලින්ම මට coffee එකක් ඕන.,beginner
give-me-a-minute-to-wake,s-everyday-conversations,Give me a minute to wake up.,ගිව් මී අ මිනිට් ටු වේක් අප්.,මට ටිකක් ඇහැරෙන්න වෙලාව දෙන්න.,intermediate
i-stayed-up-too-late,s-everyday-conversations,I stayed up too late.,අයි ස්ටේඩ් අප් ටූ ලේට්.,මං ඊයේ රෑ වැඩි වෙලාවක් ඇහැරගෙන හිටියා.,beginner
i-didnt-sleep-much,s-home,I didn't sleep much.,අයි ඩිඩන්ට් ස්ලීප් මච්.,මං වැඩිය නිදාගත්තේ නෑ.,beginner
i-slept-through-my-alarm,s-everyday-conversations,I slept through my alarm.,අයි ස්ලෙප්ට් ත්රූ මයි අලාම්.,alarm එක ඇහුණේවත් නැතුව මට නින්ද ගියා.,beginner
i-woke-up-late,s-home,I woke up late.,අයි වෝක් අප් ලේට්.,මං පරක්කු වෙලා ඇහැරුණා.,beginner
i-woke-up-early-for-once,s-home,I woke up early for once.,අයි වෝක් අප් අර්ලි ෆෝ වන්ස්.,අද නම් කාලෙකින් වේලාසනින් ඇහැරුණා.,intermediate
im-ready-for-the-day,s-everyday-conversations,I'm ready for the day.,අයිම් රෙඩි ෆෝ ද ඩේ.,අද දවසට මං ලෑස්තියි.,beginner
lets-get-the-day-started,s-everyday-conversations,Let's get the day started.,ලෙට්ස් ගෙට් ද ඩේ ස්ටාර්ටිඩ්.,අද දවස පටන් ගමු.,beginner
whats-the-plan-for-today,s-making-plans,What's the plan for today?,වට්ස් ද ප්ලෑන් ෆෝ ටුඩේ?,අද plan එක මොකක්ද?,beginner
i-might-go-out-later,s-everyday-conversations,I might go out later.,අයි මයිට් ගෝ අවුට් ලේටර්.,මං පස්සේ එළියට යන්න පුළුවන්.,beginner
ill-see-how-i-feel,s-feelings-emotions,I'll see how I feel.,අයිල් සී හවු අයි ෆීල්.,එවෙලේ මට කොහොමද හිතෙන්නේ කියලා බලන්නම්.,beginner
i-havent-made-up-my-mind,s-everyday-conversations,I haven't made up my mind.,අයි හැවන්ට් මේඩ් අප් මයි මයින්ඩ්.,මං තාම තීරණයක් ගත්තේ නෑ.,intermediate
im-still-on-the-fence,s-everyday-conversations,I'm still on the fence.,අයිම් ස්ටිල් ඔන් ද ෆෙන්ස්.,මං තාම දෙපැත්ත අතරේ තීරණයක් නැතුව ඉන්නේ.,beginner
i-could-go-either-way,s-everyday-conversations,I could go either way.,අයි කුඩ් ගෝ ඊදර් වේ.,දෙකෙන් ඕන එකක් කරන්න පුළුවන්.,beginner
im-leaning-toward-staying-home,s-home,I'm leaning toward staying home.,අයිම් ලීනිං ටුවෝර්ඩ් ස්ටේයිං හෝම්.,ගෙදර ඉන්න පැත්තට තමයි මගේ හිත වැඩියෙන් යන්නේ.,beginner
ill-decide-at-the-last-minute,s-everyday-conversations,I'll decide at the last minute.,අයිල් ඩිසයිඩ් ඇට් ද ලාස්ට් මිනිට්.,අන්තිම වෙලාවේ තීරණය කරන්නම්.,intermediate
im-keeping-my-options-open,s-everyday-conversations,I'm keeping my options open.,අයිම් කීපිං මයි ඔප්ෂන්ස් ඕපන්.,මං options ටික open තියාගෙන ඉන්නේ.,beginner
im-not-making-any-promises,s-everyday-conversations,I'm not making any promises.,අයිම් නොට් මේකිං එනි ප්‍රොමිසස්.,මං පොරොන්දු වෙන්නේ නෑ.,beginner
i-should-be-able-to-make,s-everyday-conversations,I should be able to make it.,අයි ෂුඩ් බී ඒබල් ටු මේක් ඉට්.,මට එන්න පුළුවන් වෙයි.,intermediate
dont-wait-for-me,s-everyday-conversations,Don't wait for me.,ඩෝන්ට් වේට් ෆෝ මී.,මං එනකම් බලාගෙන ඉන්න එපා.,beginner
ill-catch-up-with-you,s-everyday-conversations,I'll catch up with you.,අයිල් කැච් අප් විත් යූ.,මං පස්සේ ඔයාලට එකතු වෙන්නම්.,beginner
save-me-a-seat,s-everyday-conversations,Save me a seat.,සේව් මී අ සීට්.,මටත් seat එකක් තියාගන්න.,beginner
im-right-behind-you,s-everyday-conversations,I'm right behind you.,අයිම් රයිට් බිහයින්ඩ් යූ.,මං ඔයාට පස්සෙන්ම එනවා.,beginner
lead-the-way,s-everyday-conversations,Lead the way.,ලීඩ් ද වේ.,ඔයා ඉස්සරහින් යන්න.,beginner
you-go-first,s-everyday-conversations,You go first.,යූ ගෝ ෆර්ස්ට්.,ඔයා මුලින් යන්න.,beginner
ill-follow-you,s-everyday-conversations,I'll follow you.,අයිල් ෆොලෝ යූ.,මං ඔයා පස්සෙන් එන්නම්.,beginner
which-way-are-we-going,s-giving-directions,Which way are we going?,විච් වේ ආර් වී ගෝයිං?,අපි මොන පැත්තටද යන්නේ?,beginner
are-we-going-the-right-way,s-asking-questions,Are we going the right way?,අර් වී ගෝයිං ද රයිට් වේ?,අපි හරි පාරේද යන්නේ?,intermediate
i-think-were-lost,s-everyday-conversations,I think we're lost.,අයි තින්ක් වීර් ලොස්ට්.,මං හිතන්නේ අපි පාර වැරදිලා.,beginner
this-doesnt-look-familiar,s-everyday-conversations,This doesn't look familiar.,දිස් ඩසන්ට් ලුක් ෆැමිලියර්.,මේ තැන මට හුරු නෑ.,beginner
lets-turn-around,s-everyday-conversations,Let's turn around.,ලෙට්ස් ටර්න් අරවුන්ඩ්.,අපි ආපහු හැරෙමු.,beginner
we-mustve-missed-the-turn,s-everyday-conversations,We must've missed the turn.,වී මස්ටව් මිස්ට් ද ටර්න්.,අපිට හැරෙන්න තිබුණු තැන miss වෙන්න ඇති.,beginner
it-should-be-around-here-somewhere,s-everyday-conversations,It should be around here somewhere.,ඉට් ෂුඩ් බී අරවුන්ඩ් හියර් සම්වෙයාර්.,මේ ළඟ කොහේහරි තියෙන්න ඕන.,intermediate
its-just-around-the-corner,s-everyday-conversations,It's just around the corner.,ඉට්ස් ජස්ට් අරවුන්ඩ් ද කෝනර්.,කොන වටෙන්ම තියෙනවා.,beginner
its-not-far-from-here,s-everyday-conversations,It's not far from here.,ඉට්ස් නොට් ෆාර් ෆ්‍රම් හියර්.,මෙතනින් වැඩි දුරක් නෑ.,beginner
its-a-bit-of-a-walk,s-everyday-conversations,It's a bit of a walk.,ඉට්ස් අ බිට් අව් අ වෝක්.,ටිකක් පයින් යන්න තියෙනවා.,intermediate
we-can-walk-from-here,s-everyday-conversations,We can walk from here.,වී කැන් වෝක් ෆ්‍රම් හියර්.,මෙතන ඉඳන් පයින් යන්න පුළුවන්.,beginner
lets-take-a-shortcut,s-everyday-conversations,Let's take a shortcut.,ලෙට්ස් ටේක් අ ෂෝර්ට්කට්.,අපි කෙටි පාරකින් යමු.,beginner
this-ways-faster,s-everyday-conversations,This way's faster.,දිස් වේස් ෆාස්ටර්.,මේ පාරෙන් ඉක්මනට යන්න පුළුවන්.,beginner
traffics-terrible-today,s-problems-complaints,Traffic's terrible today.,ට්‍රැෆික්ස් ටෙරිබල් ටුඩේ.,අද traffic එක හොඳටම අවුල්.,beginner
were-barely-moving,s-everyday-conversations,We're barely moving.,වීර් බෙයර්ලි මූවිං.,අපි හරිම හිමින් යන්නේ.,beginner
well-be-here-forever,s-everyday-conversations,We'll be here forever.,වීල් බී හියර් ෆරෙවර්.,මේ විදිහට ගියොත් අපි මෙතනම ඉඳීවි.,beginner
hopefully-it-clears-up-soon,s-everyday-conversations,Hopefully it clears up soon.,හෝප්ෆුලි ඉට් ක්ලියර්ස් අප් සූන්.,ඉක්මනට traffic එක අඩු වෙයි කියලා හිතමු.,beginner
we-made-good-time,s-everyday-conversations,We made good time.,වී මේඩ් ගුඩ් ටයිම්.,අපි හිතුවට වඩා ඉක්මනට ආවා.,beginner
that-was-quicker-than-i-expected,s-everyday-conversations,That was quicker than I expected.,දැට් වස් ක්විකර් දෑන් අයි එක්ස්පෙක්ටිඩ්.,මං හිතුවට වඩා ඉක්මනට වුණා.,intermediate
that-took-forever,s-everyday-conversations,That took forever.,දැට් ටුක් ෆරෙවර්.,ඒකට මාර වෙලාවක් ගියා.,beginner
i-thought-wed-never-get-here,s-everyday-conversations,I thought we'd never get here.,අයි තෝට් වීඩ් නෙවර් ගෙට් හියර්.,අපි මෙතනට එන්නෙම නැති වෙයි කියලා හිතුණා.,intermediate
finally-were-here,s-everyday-conversations,"Finally, we're here.","ෆයිනලි, වීර් හියර්.",අන්තිමට අපි ආවා.,beginner
lets-find-somewhere-to-sit,s-everyday-conversations,Let's find somewhere to sit.,ලෙට්ස් ෆයින්ඩ් සම්වෙයාර් ටු සිට්.,අපි ඉඳගන්න තැනක් හොයමු.,beginner
mind-if-i-sit-here,s-everyday-conversations,Mind if I sit here?,මයින්ඩ් ඉෆ් අයි සිට් හියර්?,මං මෙතන ඉඳගත්තට අවුලක් නැද්ද?,beginner
im-good-for-now,s-everyday-conversations,I'm good for now.,අයිම් ගුඩ් ෆෝ නවු.,දැනට මට මොනවත් ඕන නෑ.,beginner
i-wouldnt-mind-some-water,s-everyday-conversations,I wouldn't mind some water.,අයි වුඩන්ට් මයින්ඩ් සම් වෝටර්.,වතුර ටිකක් තිබුණොත් හොඳයි.,beginner
ill-grab-you-one,s-everyday-conversations,I'll grab you one.,අයිල් ග්‍රැබ් යූ වන්.,මං ඔයාට එකක් ගෙනත් දෙන්නම්.,beginner
want-me-to-get-you-something,s-everyday-conversations,Want me to get you something?,වොන්ට් මී ටු ගෙට් යූ සම්තිං?,මං ඔයාට මොනවාහරි ගෙනත් දෙන්නද?,intermediate
im-good-but-thanks,s-thanking,"I'm good, but thanks.","අයිම් ගුඩ්, බට් තෑන්ක්ස්.","එපා, ඒත් ස්තුතියි.",beginner
ill-take-you-up-on-that,s-everyday-conversations,I'll take you up on that.,අයිල් ටේක් යූ අප් ඔන් දැට්.,"හරි, ඔයාගේ offer එක මං accept කරනවා.",intermediate
thatd-be-great,s-everyday-conversations,That'd be great.,දැට්ඩ් බී ග්‍රේට්.,ඒක මරු.,beginner
thatd-be-helpful,s-everyday-conversations,That'd be helpful.,දැට්ඩ් බී හෙල්ප්ෆුල්.,ඒක ගොඩක් උදව් වෙයි.,beginner
id-appreciate-that,s-thanking,I'd appreciate that.,අයිඩ් අප්‍රීෂියේට් දැට්.,ඒක මං අගය කරනවා.,beginner
thanks-i-owe-you,s-thanking,"Thanks, I owe you.","තෑන්ක්ස්, අයි ඕ යූ.","ස්තුතියි, මං ඔයාට ණයයි වගේ.",beginner
you-really-didnt-have-to,s-everyday-conversations,You really didn't have to.,යූ රියලි ඩිඩන්ට් හැව් ටු.,ඇත්තටම ඔයාට ඒක කරන්න ඕන වුණේ නෑ.,beginner
thats-so-thoughtful,s-everyday-conversations,That's so thoughtful.,දැට්ස් සෝ තෝට්ෆුල්.,ඔයා ඒ විදිහට හිතපු එක හරිම හොඳයි.,beginner
thats-sweet-of-you,s-everyday-conversations,That's sweet of you.,දැට්ස් ස්වීට් අව් යූ.,ඔයා ඒක කළ එක හරිම හොඳයි.,beginner
youre-the-best,s-everyday-conversations,You're the best.,යෝර් ද බෙස්ට්.,ඔයා නම් මරු.,beginner
what-would-i-do-without-you,s-asking-questions,What would I do without you?,වට් වුඩ් අයි ඩූ විදවුට් යූ?,ඔයා නැත්නම් මං මොනවා කරන්නද?,intermediate
you-always-come-through,s-everyday-conversations,You always come through.,යූ ඕල්වේස් කම් ත්රූ.,ඔයා හැමදාම ඕන වෙලාවට උදව් කරනවා.,beginner
i-knew-i-could-count-on,s-everyday-conversations,I knew I could count on you.,අයි නූ අයි කුඩ් කවුන්ට් ඔන් යූ.,ඔයාව විශ්වාස කරන්න පුළුවන් කියලා මං දැනගෙන හිටියා.,intermediate
you-came-through-for-me,s-everyday-conversations,You came through for me.,යූ කේම් ත්රූ ෆෝ මී.,ඔයා මට ඕන වෙලාවේ උදව් කළා.,beginner
i-really-needed-that,s-everyday-conversations,I really needed that.,අයි රියලි නීඩිඩ් දැට්.,ඒක මට ඇත්තටම ඕන වෙලා තිබුණා.,beginner
that-took-a-load-off-my,s-everyday-conversations,That took a load off my mind.,දැට් ටුක් අ ලෝඩ් ඔෆ් මයි මයින්ඩ්.,ඒකෙන් මගේ හිතේ බර ගොඩක් අඩු වුණා.,intermediate
i-feel-so-much-better-now,s-feelings-emotions,I feel so much better now.,අයි ෆීල් සෝ මච් බෙටර් නවු.,දැන් මට ගොඩක් හොඳයි.,intermediate
what-a-weight-off-my-shoulders,s-everyday-conversations,What a weight off my shoulders.,වට් අ වේට් ඔෆ් මයි ෂෝල්ඩර්ස්.,"අම්මෝ, දැන් ලොකු බරක් අයින් වුණා වගේ.",intermediate
that-was-stressing-me-out,s-everyday-conversations,That was stressing me out.,දැට් වස් ස්ට්‍රෙසිං මී අවුට්.,ඒක මට මාර stress එකක් දුන්නා.,beginner
turns-out-it-was-fine,s-everyday-conversations,Turns out it was fine.,ටර්න්ස් අවුට් ඉට් වස් ෆයින්.,අන්තිමට බලද්දී අවුලක් තිබුණේ නෑ.,beginner
i-made-a-big-deal-out,s-business,I made a big deal out of nothing.,අයි මේඩ් අ බිග් ඩීල් අවුට් අව් නතිං.,කිසි දෙයක් නැති එකක් මං ලොකු කරගත්තා.,intermediate
i-worried-way-too-much,s-feelings-emotions,I worried way too much.,අයි වරීඩ් වේ ටූ මච්.,මං ඕනවට වඩා බය වුණා.,beginner
i-wont-make-that-mistake-again,s-problems-complaints,I won't make that mistake again.,අයි වෝන්ට් මේක් දැට් මිස්ටේක් අගේන්.,මං ආයෙ ඒ වැරැද්ද කරන්නේ නෑ.,intermediate
now-i-know-better,s-everyday-conversations,Now I know better.,නවු අයි නෝ බෙටර්.,දැන් මට තේරෙනවා.,beginner
that-taught-me-a-lesson,s-school-education,That taught me a lesson.,දැට් ටෝට් මී අ ලෙසන්.,ඒකෙන් මට හොඳ පාඩමක් ලැබුණා.,beginner
i-learned-the-hard-way,s-everyday-conversations,I learned the hard way.,අයි ලර්න්ඩ් ද හාර්ඩ් වේ.,මං අමාරුවෙන් තමයි ඒ පාඩම ඉගෙනගත්තේ.,beginner
i-shouldve-listened-to-you,s-everyday-conversations,I should've listened to you.,අයි ෂුඩව් ලිසන්ඩ් ටු යූ.,මං ඔයා කියපු දේ අහන්න තිබුණා.,beginner
you-warned-me,s-everyday-conversations,You warned me.,යූ වෝර්න්ඩ් මී.,ඔයා මට කලින්ම අනතුරු ඇඟෙව්වා.,beginner
you-were-right-all-along,s-everyday-conversations,You were right all along.,යූ වර් රයිට් ඕල් අලොං.,මුල ඉඳන්ම ඔයා හරි.,beginner
i-hate-to-admit-it-but,s-everyday-conversations,"I hate to admit it, but you were right.","අයි හේට් ටු ඇඩ්මිට් ඉට්, බට් යූ වර් රයිට්.","පිළිගන්න කැමති නෑ, ඒත් ඔයා හරි.",intermediate
okay-you-win,s-everyday-conversations,"Okay, you win.","ඕකේ, යූ වින්.","හරි හරි, ඔයා දිනුවා.",beginner
fine-youve-got-a-point,s-everyday-conversations,"Fine, you've got a point.","ෆයින්, යූව් ගොට් අ පොයින්ට්.","හරි, ඔයා කියන එකෙත් තේරුමක් තියෙනවා.",beginner
youve-got-me-there,s-everyday-conversations,You've got me there.,යූව් ගොට් මී දෙයාර්.,ඒ කාරණේදී මට කියන්න දෙයක් නෑ.,beginner
i-stand-corrected,s-everyday-conversations,I stand corrected.,අයි ස්ටෑන්ඩ් කරෙක්ටිඩ්.,"හරි, මං වැරදියි කියලා පිළිගන්නවා.",beginner
i-take-that-back,s-everyday-conversations,I take that back.,අයි ටේක් දැට් බැක්.,මං කලින් කියපු දේ ආපහු ගන්නවා.,beginner
scratch-that,s-everyday-conversations,Scratch that.,ස්ක්‍රැච් දැට්.,ඒක අමතක කරන්න / ඒක නෙවෙයි.,beginner
forget-what-i-just-said,s-everyday-conversations,Forget what I just said.,ෆොගෙට් වට් අයි ජස්ට් සෙඩ්.,මං දැන් කියපු දේ අමතක කරන්න.,beginner
let-me-start-over,s-everyday-conversations,Let me start over.,ලෙට් මී ස්ටාර්ට් ඕවර්.,මං ආයෙ මුල ඉඳන් කියන්නම්.,beginner
let-me-try-that-again,s-everyday-conversations,Let me try that again.,ලෙට් මී ට්‍රයි දැට් අගේන්.,මං ආයෙත් ඒක කියලා බලන්නම්.,beginner
i-worded-that-badly,s-everyday-conversations,I worded that badly.,අයි වර්ඩිඩ් දැට් බැඩ්ලි.,මං ඒක කියපු විදිහ හරි නෑ.,beginner
let-me-say-it-differently,s-everyday-conversations,Let me say it differently.,ලෙට් මී සේ ඉට් ඩිෆරන්ට්ලි.,මං වෙන විදිහකට කියන්නම්.,beginner
you-know-what-im-trying-to,s-everyday-conversations,You know what I'm trying to say.,යූ නෝ වට් අයිම් ට්‍රයිං ටු සේ.,මං කියන්න හදන දේ ඔයාට තේරෙනවනේ.,intermediate
i-cant-explain-it-properly,s-everyday-conversations,I can't explain it properly.,අයි කෑන්ට් එක්ස්ප්ලේන් ඉට් ප්‍රොපර්ලි.,මට ඒක හරියට explain කරන්න බෑ.,beginner
it-makes-sense-in-my-head,s-everyday-conversations,It makes sense in my head.,ඉට් මේක්ස් සෙන්ස් ඉන් මයි හෙඩ්.,මගේ හිතේ නම් ඒක තේරෙනවා.,intermediate
i-know-what-i-mean,s-everyday-conversations,I know what I mean.,අයි නෝ වට් අයි මීන්.,මට කියන්න ඕන දේ මං දන්නවා.,beginner
i-just-cant-find-the-words,s-everyday-conversations,I just can't find the words.,අයි ජස්ට් කෑන්ට් ෆයින්ඩ් ද වර්ඩ්ස්.,මට හරි වචන ටික හොයාගන්න බෑ.,intermediate
the-words-arent-coming-out-right,s-everyday-conversations,The words aren't coming out right.,ද වර්ඩ්ස් ආන්ට් කමිං අවුට් රයිට්.,මට හරියට කියවෙන්නේ නෑ.,intermediate
give-me-a-second-to-explain,s-everyday-conversations,Give me a second to explain.,ගිව් මී අ සෙකන්ඩ් ටු එක්ස්ප්ලේන්.,explain කරන්න මට පොඩි වෙලාවක් දෙන්න.,intermediate
im-not-done-yet,s-everyday-conversations,I'm not done yet.,අයිම් නොට් ඩන් යෙට්.,මං තාම කියලා ඉවර නෑ.,beginner
hear-the-whole-story-first,s-everyday-conversations,Hear the whole story first.,හියර් ද හෝල් ස්ටෝරි ෆර්ස්ට්.,මුළු කතාවම මුලින් අහන්න.,beginner
theres-more-to-it-than-that,s-everyday-conversations,There's more to it than that.,දෙයාර්ස් මෝර් ටු ඉට් දෑන් දැට්.,කතාව එච්චර විතරක් නෙවෙයි.,intermediate
its-not-that-simple,s-everyday-conversations,It's not that simple.,ඉට්ස් නොට් දැට් සිම්පල්.,ඒක එච්චර සරල නෑ.,beginner
theres-a-little-more-to-it,s-everyday-conversations,There's a little more to it.,දෙයාර්ස් අ ලිට්ල් මෝර් ටු ඉට්.,ඒකට තව ටිකක් කතාවක් තියෙනවා.,intermediate
theres-another-side-to-it,s-everyday-conversations,There's another side to it.,දෙයාර්ස් අනදර් සයිඩ් ටු ඉට්.,ඒකේ තවත් පැත්තක් තියෙනවා.,beginner
youre-only-hearing-one-side,s-everyday-conversations,You're only hearing one side.,යෝර් ඕන්ලි හියරිං වන් සයිඩ්.,ඔයා අහන්නේ එක පැත්තක කතාව විතරයි.,beginner
there-are-two-sides-to-every,s-everyday-conversations,There are two sides to every story.,දෙයාර් ආර් ටූ සයිඩ්ස් ටු එව්රි ස්ටෝරි.,හැම කතාවකටම පැති දෙකක් තියෙනවා.,intermediate
lets-not-assume-anything,s-everyday-conversations,Let's not assume anything.,ලෙට්ස් නොට් අසූම් එනිතිං.,අපි අනුමාන කරලා තීරණ ගන්න එපා.,beginner
we-dont-know-the-full-story,s-everyday-conversations,We don't know the full story.,වී ඩෝන්ට් නෝ ද ෆුල් ස්ටෝරි.,අපි මුළු කතාවම දන්නේ නෑ.,intermediate
there-might-be-a-reason,s-everyday-conversations,There might be a reason.,දෙයාර් මයිට් බී අ රීසන්.,ඒකට හේතුවක් තියෙන්න පුළුවන්.,beginner
give-them-the-benefit-of-the,s-everyday-conversations,Give them the benefit of the doubt.,ගිව් දෙම් ද බෙනිෆිට් අව් ද ඩවුට්.,ඇත්ත නොදැනම එයාලා වැරදියි කියලා හිතන්න එපා.,intermediate
maybe-theres-an-explanation,s-everyday-conversations,Maybe there's an explanation.,මේබි දෙයාර්ස් ඇන් එක්ස්ප්ලනේෂන්.,සමහරවිට explanation එකක් තියෙන්න පුළුවන්.,beginner
lets-hear-them-out,s-everyday-conversations,Let's hear them out.,ලෙට්ස් හියර් දෙම් අවුට්.,එයාලා කියන දේත් සම්පූර්ණයෙන් අහමු.,beginner
lets-not-judge-too-quickly,s-everyday-conversations,Let's not judge too quickly.,ලෙට්ස් නොට් ජජ් ටූ ක්වික්ලි.,ඉක්මනට judge කරන්න එපා.,beginner
im-keeping-an-open-mind,s-everyday-conversations,I'm keeping an open mind.,අයිම් කීපිං ඇන් ඕපන් මයින්ඩ්.,මං දෙපැත්තම බලලා හිතනවා.,beginner
convince-me,s-everyday-conversations,Convince me.,කන්වින්ස් මී.,මාව convince කරලා බලන්න.,beginner
go-ahead-make-your-case,s-everyday-conversations,"Go ahead, make your case.","ගෝ අහෙඩ්, මේක් යෝර් කේස්.","හරි, ඔයාගේ පැත්ත explain කරන්න.",beginner
i-get-your-point,s-everyday-conversations,I get your point.,අයි ගෙට් යෝර් පොයින්ට්.,ඔයාගේ අදහස මට තේරෙනවා.,beginner
i-get-where-youre-coming-from,s-everyday-conversations,I get where you're coming from.,අයි ගෙට් වෙයාර් යෝර් කමිං ෆ්‍රම්.,ඔයාගේ පැත්ත මට තේරෙනවා.,intermediate
i-can-see-both-sides,s-everyday-conversations,I can see both sides.,අයි කැන් සී බෝත් සයිඩ්ස්.,මට දෙපැත්තම තේරෙනවා.,beginner
im-somewhere-in-the-middle,s-everyday-conversations,I'm somewhere in the middle.,අයිම් සම්වෙයාර් ඉන් ද මිඩ්ල්.,මගේ අදහස දෙපැත්ත මැද වගේ.,beginner
im-torn,s-everyday-conversations,I'm torn.,අයිම් ටෝර්න්.,දෙකෙන් මොකක් තෝරන්නද කියලා මට තේරෙන්නේ නෑ.,beginner
its-a-tough-call,s-everyday-conversations,It's a tough call.,ඉට්ස් අ ටෆ් කෝල්.,තීරණය කරන්න අමාරුයි.,beginner
thats-a-tricky-one,s-everyday-conversations,That's a tricky one.,දැට්ස් අ ට්‍රිකි වන්.,ඒක ටිකක් අමාරු ප්‍රශ්නයක්.,beginner
id-have-to-think-about-that,s-everyday-conversations,I'd have to think about that.,අයිඩ් හැව් ටු තින්ක් අබවුට් දැට්.,ඒ ගැන මට ටිකක් හිතන්න වෙනවා.,intermediate
good-question,s-everyday-conversations,Good question.,ගුඩ් ක්වෙස්චන්.,හොඳ ප්‍රශ්නයක්.,beginner
ive-never-thought-about-that,s-everyday-conversations,I've never thought about that.,අයිව් නෙවර් තෝට් අබවුට් දැට්.,මං ඒ ගැන කලින් හිතලා නෑ.,beginner
thats-got-me-thinking,s-everyday-conversations,That's got me thinking.,දැට්ස් ගොට් මී තින්කිං.,ඒක මාව හිතන්න දාලා.,beginner
that-could-actually-work,s-work-office,That could actually work.,දැට් කුඩ් ඇක්චුවලි වර්ක්.,ඒක ඇත්තටම හරි යන්න පුළුවන්.,beginner
thats-not-a-bad-idea,s-everyday-conversations,That's not a bad idea.,දැට්ස් නොට් අ බැඩ් අයිඩියා.,ඒක නරක idea එකක් නෙවෙයි.,beginner
i-kinda-like-that-idea,s-everyday-conversations,I kinda like that idea.,අයි කයින්ඩ ලයික් දැට් අයිඩියා.,මට ඒ idea එක ටිකක් අල්ලනවා.,beginner
lets-give-that-a-try,s-everyday-conversations,Let's give that a try.,ලෙට්ස් ගිව් දැට් අ ට්‍රයි.,අපි ඒක try කරලා බලමු.,beginner
it-cant-hurt-to-try,s-doctor-health,It can't hurt to try.,ඉට් කෑන්ට් හර්ට් ටු ට්‍රයි.,try කරලා බැලුවට පාඩුවක් නෑ.,beginner
might-be-worth-checking-out,s-everyday-conversations,Might be worth checking out.,මයිට් බී වර්ත් චෙකිං අවුට්.,ඒක බලලා බලන එක වටිනවා වෙන්න පුළුවන්.,beginner
lets-check-it-out,s-everyday-conversations,Let's check it out.,ලෙට්ස් චෙක් ඉට් අවුට්.,අපි ඒක බලමු.,beginner
im-willing-to-give-it-a,s-everyday-conversations,I'm willing to give it a chance.,අයිම් විලිං ටු ගිව් ඉට් අ චාන්ස්.,මං ඒකට chance එකක් දෙන්න කැමතියි.,intermediate
give-it-a-chance,s-everyday-conversations,Give it a chance.,ගිව් ඉට් අ චාන්ස්.,එක chance එකක් දෙන්න.,beginner
dont-knock-it-till-you-try,s-everyday-conversations,Don't knock it till you try it.,ඩෝන්ට් නොක් ඉට් ටිල් යූ ට්‍රයි ඉට්.,try නොකර නරකයි කියන්න එපා.,intermediate
you-might-actually-like-it,s-everyday-conversations,You might actually like it.,යූ මයිට් ඇක්චුවලි ලයික් ඉට්.,සමහරවිට ඔයාට ඒක ඇත්තටම අල්ලයි.,beginner
it-might-surprise-you,s-everyday-conversations,It might surprise you.,ඉට් මයිට් සප්‍රයිස් යූ.,ඒක ඔයාව surprise කරන්න පුළුවන්.,beginner
you-never-know-right,s-everyday-conversations,"You never know, right?","යූ නෙවර් නෝ, රයිට්?","කවුද දන්නේ, නේද?",beginner
theres-only-one-way-to-find,s-everyday-conversations,There's only one way to find out.,දෙයාර්ස් ඕන්ලි වන් වේ ටු ෆයින්ඩ් අවුට්.,දැනගන්න නම් කරලා බලන්නම වෙනවා.,intermediate
lets-find-out,s-everyday-conversations,Let's find out.,ලෙට්ස් ෆයින්ඩ් අවුට්.,අපි හොයාගමු.,beginner
im-not-holding-my-breath,s-everyday-conversations,I'm not holding my breath.,අයිම් නොට් හෝල්ඩිං මයි බ්‍රෙත්.,මං නම් ඒක වෙයි කියලා ලොකු බලාපොරොත්තුවක් තියාගෙන නෑ.,beginner
that-sounds-too-good-to-be,s-everyday-conversations,That sounds too good to be true.,දැට් සවුන්ඩ්ස් ටූ ගුඩ් ටු බී ට්‍රූ.,ඇත්ත වෙන්න බැරි තරම් හොඳයි වගේ.,intermediate
that-seems-a-little-suspicious,s-everyday-conversations,That seems a little suspicious.,දැට් සීම్స్ අ ලිට්ල් සස්පිෂස්.,ඒක ටිකක් සැකයි වගේ.,beginner
im-not-sure-i-buy-that,s-shopping,I'm not sure I buy that.,අයිම් නොට් ෂුවර් අයි බයි දැට්.,මං ඒක විශ්වාස කරනවද කියලා සැකයි.,intermediate
that-doesnt-sound-right,s-everyday-conversations,That doesn't sound right.,දැට් ඩසන්ට් සවුන්ඩ් රයිට්.,ඒක හරි වගේ ඇහෙන්නේ නෑ.,beginner
somethings-not-right-here,s-everyday-conversations,Something's not right here.,සම්තිංස් නොට් රයිට් හියර්.,මෙතන මොකක්හරි අවුලක්.,beginner
ive-got-a-bad-feeling-about,s-feelings-emotions,I've got a bad feeling about this.,අයිව් ගොට් අ බැඩ් ෆීලිං අබවුට් දිස්.,මේ ගැන මට නරක feeling එකක් තියෙනවා.,intermediate
im-gonna-trust-my-gut,s-everyday-conversations,I'm gonna trust my gut.,අයිම් ගනා ට්‍රස්ට් මයි ගට්.,මං මගේ ඇතුළත feeling එක විශ්වාස කරනවා.,beginner
something-tells-me-it-wont-work,s-work-office,Something tells me it won't work.,සම්තිං ටෙල්ස් මී ඉට් වෝන්ට් වර්ක්.,මේක හරි යන්නේ නෑ වගේ මට හිතෙනවා.,intermediate
ive-got-a-feeling-itll-work,s-work-office,I've got a feeling it'll work.,අයිව් ගොට් අ ෆීලිං ඉට්ල් වර්ක්.,මේක හරි යයි වගේ මට හිතෙනවා.,intermediate
call-it-a-hunch,s-everyday-conversations,Call it a hunch.,කෝල් ඉට් අ හන්ච්.,නිකන් feeling එකක් කියලා හිතන්න.,beginner
just-a-gut-feeling,s-feelings-emotions,Just a gut feeling.,ජස්ට් අ ගට් ෆීලිං.,නිකන් හිතට දැනෙන දෙයක්.,beginner
i-could-be-wrong-though,s-problems-complaints,I could be wrong though.,අයි කුඩ් බී රොං දෝ.,ඒත් මං වැරදි වෙන්නත් පුළුවන්.,beginner
thats-just-what-i-heard,s-everyday-conversations,That's just what I heard.,දැට්ස් ජස්ට් වට් අයි හර්ඩ්.,මට අහන්න ලැබුණේ එහෙම.,beginner
i-heard-it-through-someone-else,s-everyday-conversations,I heard it through someone else.,අයි හර්ඩ් ඉට් ත්රූ සම්වන් එල්ස්.,මට වෙන කෙනෙක්ගෙන් තමයි ඒක ඇහුණේ.,intermediate
i-dont-know-if-its-true,s-everyday-conversations,I don't know if it's true.,අයි ඩෝන්ට් නෝ ඉෆ් ඉට්ස් ට්‍රූ.,ඒක ඇත්තද කියලා මං දන්නේ නෑ.,intermediate
dont-believe-everything-you-hear,s-everyday-conversations,Don't believe everything you hear.,ඩෝන්ට් බිලීව් එව්රිතිං යූ හියර්.,අහන හැම දෙයක්ම විශ්වාස කරන්න එපා.,beginner
lets-check-the-facts-first,s-everyday-conversations,Let's check the facts first.,ලෙට්ස් චෙක් ද ෆැක්ට්ස් ෆර්ස්ට්.,මුලින් facts ටික බලමු.,beginner
id-rather-make-sure,s-everyday-conversations,I'd rather make sure.,අයිඩ් රැදර් මේක් ෂුවර්.,මං sure කරගෙනම කරන එක කැමතියි.,beginner
just-to-be-safe,s-everyday-conversations,Just to be safe.,ජස්ට් ටු බී සේෆ්.,පරිස්සමට.,beginner
its-better-to-check,s-everyday-conversations,It's better to check.,ඉට්ස් බෙටර් ටු චෙක්.,බලලා sure කරගන්න එක හොඳයි.,beginner
double-check-just-in-case,s-everyday-conversations,Double-check just in case.,ඩබල් චෙක් ජස්ට් ඉන් කේස්.,පරිස්සමට ආයෙත් බලන්න.,beginner
im-not-taking-any-chances,s-everyday-conversations,I'm not taking any chances.,අයිම් නොට් ටේකිං එනි චාන්සස්.,මං අවදානමක් ගන්නේ නෑ.,beginner
id-rather-be-careful,s-everyday-conversations,I'd rather be careful.,අයිඩ් රැදර් බී කෙයාර්ෆුල්.,මං පරිස්සම් වෙන එක කැමතියි.,beginner
lets-keep-an-eye-on-it,s-everyday-conversations,Let's keep an eye on it.,ලෙට්ස් කීප් ඇන් අයි ඔන් ඉට්.,අපි ඒ ගැන බලාගෙන ඉමු.,intermediate
see-how-it-goes-first,s-everyday-conversations,See how it goes first.,සී හවු ඉට් ගෝස් ෆර්ස්ට්.,මුලින් කොහොමද යන්නේ කියලා බලමු.,beginner
dont-rush-into-anything,s-everyday-conversations,Don't rush into anything.,ඩෝන්ට් රෂ් ඉන්ටු එනිතිං.,හදිස්සියේ කිසි දෙයක් තීරණය කරන්න එපා.,beginner
think-it-through,s-everyday-conversations,Think it through.,තින්ක් ඉට් ත්රූ.,හොඳට හිතලා බලන්න.,beginner
take-a-moment-to-think,s-everyday-conversations,Take a moment to think.,ටේක් අ මෝමන්ට් ටු තින්ක්.,ටිකක් වෙලා හිතලා බලන්න.,beginner
sleep-on-it,s-home,Sleep on it.,ස්ලීප් ඔන් ඉට්.,අද හිතලා හෙට තීරණය කරන්න.,beginner
think-about-it-overnight,s-everyday-conversations,Think about it overnight.,තින්ක් අබවුට් ඉට් ඕවර්නයිට්.,රෑට හිතලා බලන්න.,beginner
dont-decide-when-youre-upset,s-feelings-emotions,Don't decide when you're upset.,ඩෝන්ට් ඩිසයිඩ් වෙන් යෝර් අප්සෙට්.,upset වෙලා ඉන්නකොට තීරණ ගන්න එපා.,beginner
wait-until-you-calm-down,s-everyday-conversations,Wait until you calm down.,වේට් අන්ටිල් යූ කාම් ඩවුන්.,සන්සුන් වෙනකම් ඉන්න.,beginner
let-your-head-clear-first,s-everyday-conversations,Let your head clear first.,ලෙට් යෝර් හෙඩ් ක්ලියර් ෆර්ස්ට්.,මුලින් හිත ටිකක් නිදහස් කරගන්න.,beginner
youll-think-more-clearly-later,s-everyday-conversations,You'll think more clearly later.,යූල් තින්ක් මෝර් ක්ලියර්ලි ලේටර්.,පස්සේ ඔයාට හොඳට හිතන්න පුළුවන් වෙයි.,beginner
dont-let-your-emotions-take-over,s-everyday-conversations,Don't let your emotions take over.,ඩෝන්ට් ලෙට් යෝර් ඉමෝෂන්ස් ටේක් ඕවර්.,හැඟීම්වලට සම්පූර්ණ control එක දෙන්න එපා.,intermediate
keep-a-cool-head,s-everyday-conversations,Keep a cool head.,කීප් අ කූල් හෙඩ්.,සන්සුන්ව හිතන්න.,beginner
stay-calm-and-think,s-everyday-conversations,Stay calm and think.,ස්ටේ කාම් ඇන්ඩ් තින්ක්.,සන්සුන්ව ඉඳලා හිතන්න.,beginner
theres-always-a-solution,s-everyday-conversations,There's always a solution.,දෙයාර්ස් ඕල්වේස් අ සලූෂන්.,හැම ප්‍රශ්නයකටම විසඳුමක් තියෙනවා.,beginner
well-find-a-way-around-it,s-everyday-conversations,We'll find a way around it.,වීල් ෆයින්ඩ් අ වේ අරවුන්ඩ් ඉට්.,අපි ඒකට වෙන ක්‍රමයක් හොයාගමු.,intermediate
theres-got-to-be-another-option,s-everyday-conversations,There's got to be another option.,දෙයාර්ස් ගොට් ටු බී අනදර් ඔප්ෂන්.,වෙන option එකක් තියෙන්නම ඕන.,intermediate
lets-think-outside-the-box,s-everyday-conversations,Let's think outside the box.,ලෙට්ස් තින්ක් අවුට්සයිඩ් ද බොක්ස්.,"සාමාන්‍ය විදිහට නෙවෙයි, වෙනස් විදිහකට හිතමු.",beginner
we-need-a-backup-plan,s-making-plans,We need a backup plan.,වී නීඩ් අ බැකප් ප්ලෑන්.,අපිට දෙවැනි plan එකක් ඕන.,beginner
whats-plan-b,s-making-plans,What's plan B?,වට්ස් ප්ලෑන් බී?,දෙවැනි plan එක මොකක්ද?,beginner
well-come-up-with-something,s-everyday-conversations,We'll come up with something.,වීල් කම් අප් විත් සම්තිං.,අපි මොනවාහරි idea එකක් හදාගමු.,beginner
give-me-a-little-time,s-everyday-conversations,Give me a little time.,ගිව් මී අ ලිට්ල් ටයිම්.,මට ටිකක් වෙලාව දෙන්න.,beginner
im-sure-i-can-think-of,s-everyday-conversations,I'm sure I can think of something.,අයිම් ෂුවර් අයි කැන් තින්ක් අව් සම්තිං.,මට මොනවාහරි solution එකක් හිතාගන්න පුළුවන් වෙයි.,intermediate
were-not-out-of-options-yet,s-everyday-conversations,We're not out of options yet.,වීර් නොට් අවුට් අව් ඔප්ෂන්ස් යෙට්.,අපිට තාම options ඉවර වෙලා නෑ.,intermediate
lets-not-give-up-just-yet,s-phrasal-verbs,Let's not give up just yet.,ලෙට්ස් නොට් ගිව් අප් ජස්ට් යෙට්.,අපි දැන්ම අතහරින්න එපා.,intermediate
weve-still-got-time,s-everyday-conversations,We've still got time.,වීව් ස්ටිල් ගොට් ටයිම්.,අපිට තාම වෙලාව තියෙනවා.,beginner
theres-still-hope,s-everyday-conversations,There's still hope.,දෙයාර්ස් ස්ටිල් හෝප්.,තාමත් බලාපොරොත්තුවක් තියෙනවා.,beginner
its-not-over-yet,s-everyday-conversations,It's not over yet.,ඉට්ස් නොට් ඕවර් යෙට්.,තාම වැඩේ ඉවර නෑ.,beginner
anything-could-change,s-banking-money,Anything could change.,එනිතිං කුඩ් චේන්ජ්.,ඕන වෙලාවක දේවල් වෙනස් වෙන්න පුළුවන්.,beginner
dont-count-yourself-out,s-everyday-conversations,Don't count yourself out.,ඩෝන්ට් කවුන්ට් යෝර්සෙල්ෆ් අවුට්.,දැන්ම තමන්ට බැහැ කියලා හිතන්න එපා.,beginner
youre-still-in-the-game,s-everyday-conversations,You're still in the game.,යෝර් ස්ටිල් ඉන් ද ගේම්.,ඔයාට තාම chance එක තියෙනවා.,beginner
keep-your-head-up,s-everyday-conversations,Keep your head up.,කීප් යෝර් හෙඩ් අප්.,හිත වැටෙන්න දෙන්න එපා.,beginner
stay-positive,s-everyday-conversations,Stay positive.,ස්ටේ පොසිටිව්.,හොඳ පැත්ත ගැන හිතන්න.,beginner
dont-lose-hope,s-everyday-conversations,Don't lose hope.,ඩෝන්ට් ලූස් හෝප්.,බලාපොරොත්තුව අතහරින්න එපා.,beginner
look-how-far-youve-come,s-everyday-conversations,Look how far you've come.,ලුක් හවු ෆාර් යූව් කම්.,ඔයා කොච්චර දුර ඇවිත්ද බලන්න.,beginner
youre-better-than-you-think,s-everyday-conversations,You're better than you think.,යෝර් බෙටර් දෑන් යූ තින්ක්.,ඔයා හිතනවට වඩා ඔයා හොඳයි.,beginner
youve-got-more-in-you,s-everyday-conversations,You've got more in you.,යූව් ගොට් මෝර් ඉන් යූ.,ඔයාට තව කරන්න පුළුවන්.,beginner
dont-underestimate-yourself,s-everyday-conversations,Don't underestimate yourself.,ඩෝන්ට් අන්ඩර්එස්ටිමේට් යෝර්සෙල්ෆ්.,තමන්ව අඩුවෙන් අගය කරන්න එපා.,beginner
give-yourself-a-chance,s-everyday-conversations,Give yourself a chance.,ගිව් යෝර්සෙල්ෆ් අ චාන්ස්.,තමන්ට chance එකක් දෙන්න.,beginner
trust-yourself-a-little-more,s-everyday-conversations,Trust yourself a little more.,ට්‍රස්ට් යෝර්සෙල්ෆ් අ ලිට්ල් මෝර්.,තමන්ව තව ටිකක් විශ්වාස කරන්න.,beginner
you-know-more-than-you-think,s-everyday-conversations,You know more than you think.,යූ නෝ මෝර් දෑන් යූ තින්ක්.,ඔයා හිතනවට වඩා ඔයා දන්නවා.,intermediate
youre-doing-better-than-you-realize,s-everyday-conversations,You're doing better than you realize.,යෝර් ඩූයිං බෙටර් දෑන් යූ රියලයිස්.,ඔයාට තේරෙනවට වඩා ඔයා හොඳට කරනවා.,intermediate
consistency-is-what-matters,s-everyday-conversations,Consistency is what matters.,කන්සිස්ටන්සි ඉස් වට් මැටර්ස්.,වැදගත් දේ තමයි දිගටම කරන එක.,beginner
you-dont-have-to-be-perfect,s-everyday-conversations,You don't have to be perfect.,යූ ඩෝන්ට් හැව් ටු බී පර්ෆෙක්ට්.,perfect වෙන්නම ඕන නෑ.,intermediate
just-keep-improving,s-everyday-conversations,Just keep improving.,ජස්ට් කීප් ඉම්ප්‍රූවිං.,ටික ටික දියුණු වෙන්න.,beginner
progress-is-progress,s-everyday-conversations,Progress is progress.,ප්‍රෝග්‍රෙස් ඉස් ප්‍රෝග්‍රෙස්.,පොඩි දියුණුවක් වුණත් දියුණුවක් තමයි.,beginner
it-all-adds-up,s-everyday-conversations,It all adds up.,ඉට් ඕල් ඇඩ්ස් අප්.,පොඩි පොඩි දේවල් එකතු වෙලා ලොකු වෙනසක් වෙනවා.,beginner
youll-thank-yourself-later,s-thanking,You'll thank yourself later.,යූල් තෑන්ක් යෝර්සෙල්ෆ් ලේටර්.,පස්සේ මේක කළ එක ගැන ඔයාටම සතුටු වෙයි.,beginner
your-future-self-will-thank-you,s-thanking,Your future self will thank you.,යෝර් ෆියුචර් සෙල්ෆ් විල් තෑන්ක් යූ.,ඉස්සරහට මේක කළ එක ගැන ඔයා සතුටු වෙයි.,intermediate
itll-pay-off-eventually,s-banking-money,It'll pay off eventually.,ඉට්ල් පේ ඔෆ් ඉවෙන්චුවලි.,අන්තිමට මේ මහන්සියේ ප්‍රතිඵල ලැබෙයි.,beginner
hard-work-pays-off,s-work-office,Hard work pays off.,හාර්ඩ් වර්ක් පේස් ඔෆ්.,මහන්සි වුණාම ප්‍රතිඵල ලැබෙනවා.,beginner
itll-all-be-worth-it,s-everyday-conversations,It'll all be worth it.,ඉට්ල් ඕල් බී වර්ත් ඉට්.,අන්තිමට මේ හැම මහන්සියක්ම වටිනවා.,beginner
i-need-to-think-this-through,s-everyday-conversations,I need to think this through.,අයි නීඩ් ටු තින්ක් දිස් ත්රූ.,මට මේක හොඳට හිතලා බලන්න ඕන.,intermediate
i-dont-wanna-regret-it-later,s-everyday-conversations,I don't wanna regret it later.,අයි ඩෝන්ට් වොනා රිග්‍රෙට් ඉට් ලේටර්.,පස්සේ පසුතැවෙන්න මට ඕන නෑ.,intermediate
i-wanna-make-the-right-choice,s-everyday-conversations,I wanna make the right choice.,අයි වොනා මේක් ද රයිට් චොයිස්.,මට හරි තීරණය ගන්න ඕන.,intermediate
i-need-a-little-more-information,s-everyday-conversations,I need a little more information.,අයි නීඩ් අ ලිට්ල් මෝර් ඉන්ෆර්මේෂන්.,මට තව ටිකක් තොරතුරු ඕන.,intermediate
i-need-to-know-what-im,s-everyday-conversations,I need to know what I'm getting into.,අයි නීඩ් ටු නෝ වට් අයිම් ගෙටිං ඉන්ටු.,මං මොන situation එකකට යනවද කියලා දැනගන්න ඕන.,intermediate
i-dont-wanna-go-in-blind,s-everyday-conversations,I don't wanna go in blind.,අයි ඩෝන්ට් වොනා ගෝ ඉන් බ්ලයින්ඩ්.,කිසි දෙයක් නොදැන යන්න මට ඕන නෑ.,intermediate
let-me-do-some-research-first,s-everyday-conversations,Let me do some research first.,ලෙට් මී ඩූ සම් රිසර්ච් ෆර්ස්ට්.,මුලින් මට ටිකක් හොයලා බලන්න දෙන්න.,intermediate
ill-read-up-on-it,s-everyday-conversations,I'll read up on it.,අයිල් රීඩ් අප් ඔන් ඉට්.,මං ඒ ගැන හොඳට කියවලා බලන්නම්.,beginner
i-wanna-know-more-before-i,s-everyday-conversations,I wanna know more before I decide.,අයි වොනා නෝ මෝර් බිෆෝර් අයි ඩිසයිඩ්.,තීරණය කරන්න කලින් මට තව දැනගන්න ඕන.,intermediate
lets-weigh-the-pros-and-cons,s-everyday-conversations,Let's weigh the pros and cons.,ලෙට්ස් වේ ද ප්‍රෝස් ඇන්ඩ් කොන්ස්.,හොඳ නරක දෙකම බලමු.,intermediate
there-are-pros-and-cons,s-everyday-conversations,There are pros and cons.,දෙයාර් ආර් ප්‍රෝස් ඇන්ඩ් කොන්ස්.,හොඳ පැතිත් නරක පැතිත් දෙකම තියෙනවා.,beginner
its-not-an-easy-decision,s-everyday-conversations,It's not an easy decision.,ඉට්ස් නොට් ඇන් ඊසි ඩිසිෂන්.,මේක ලේසි තීරණයක් නෙවෙයි.,beginner
i-keep-changing-my-mind,s-everyday-conversations,I keep changing my mind.,අයි කීප් චේන්ජිං මයි මයින්ඩ්.,මගේ තීරණය නැවත නැවත වෙනස් වෙනවා.,beginner
one-minute-i-want-to-the,s-everyday-conversations,"One minute I want to, the next I don't.","වන් මිනිට් අයි වොන්ට් ටු, ද නෙක්ස්ට් අයි ඩෝන්ට්.","එක වෙලාවක කරන්න හිතෙනවා, තව වෙලාවක එපා හිතෙනවා.",intermediate
im-going-back-and-forth,s-everyday-conversations,I'm going back and forth.,අයිම් ගෝයිං බැක් ඇන්ඩ් ෆෝර්ත්.,මං තීරණ දෙක අතරේ එහා මෙහා වෙනවා.,beginner
i-just-cant-decide,s-everyday-conversations,I just can't decide.,අයි ජස්ට් කෑන්ට් ඩිසයිඩ්.,මට තීරණයක් ගන්නම බෑ.,beginner
part-of-me-wants-to-go,s-everyday-conversations,Part of me wants to go.,පාර්ට් අව් මී වොන්ට්ස් ටු ගෝ.,මගේ හිතේ එක පැත්තකට යන්න ඕන.,intermediate
part-of-me-wants-to-stay,s-everyday-conversations,Part of me wants to stay.,පාර්ට් අව් මී වොන්ට්ස් ටු ස්ටේ.,මගේ හිතේ තව පැත්තකට ඉන්න ඕන.,intermediate
my-head-says-no-but-my,s-everyday-conversations,"My head says no, but my heart says yes.","මයි හෙඩ් සේස් නෝ, බට් මයි හාර්ට් සේස් යෙස්.","බුද්ධියෙන් එපා කියනවා, හිතෙන් ඔව් කියනවා.",intermediate
ive-made-my-decision,s-everyday-conversations,I've made my decision.,අයිව් මේඩ් මයි ඩිසිෂන්.,මං තීරණය කරලා ඉවරයි.,beginner
my-minds-made-up,s-everyday-conversations,My mind's made up.,මයි මයින්ඩ්ස් මේඩ් අප්.,මං දැන් තීරණය කරලා ඉවරයි.,beginner
im-sticking-with-my-decision,s-everyday-conversations,I'm sticking with my decision.,අයිම් ස්ටිකිං විත් මයි ඩිසිෂන්.,මං මගේ තීරණය වෙනස් කරන්නේ නෑ.,beginner
im-going-with-my-first-choice,s-everyday-conversations,I'm going with my first choice.,අයිම් ගෝයිං විත් මයි ෆර්ස්ට් චොයිස්.,මං මුලින් තෝරපු එකම ගන්නවා.,intermediate
i-think-this-is-the-right,s-everyday-conversations,I think this is the right move.,අයි තින්ක් දිස් ඉස් ද රයිට් මූව්.,මං හිතන්නේ මේක තමයි හරි තීරණය.,intermediate
i-feel-good-about-it,s-feelings-emotions,I feel good about it.,අයි ෆීල් ගුඩ් අබවුට් ඉට්.,මේ තීරණය ගැන මට හොඳ feeling එකක් තියෙනවා.,beginner
im-happy-with-my-choice,s-feelings-emotions,I'm happy with my choice.,අයිම් හැපි විත් මයි චොයිස්.,මගේ තේරීම ගැන මට සතුටුයි.,beginner
no-regrets,s-everyday-conversations,No regrets.,නෝ රිග්‍රෙට්ස්.,පසුතැවීමක් නෑ.,beginner
id-do-it-again,s-everyday-conversations,I'd do it again.,අයිඩ් ඩූ ඉට් අගේන්.,ආයෙත් chance එකක් තිබුණොත් මං ඒකම කරනවා.,beginner
i-wouldnt-change-a-thing,s-banking-money,I wouldn't change a thing.,අයි වුඩන්ට් චේන්ජ් අ තිං.,මං කිසි දෙයක් වෙනස් කරන්නේ නෑ.,beginner
it-turned-out-to-be-the,s-everyday-conversations,It turned out to be the right choice.,ඉට් ටර්න්ඩ් අවුට් ටු බී ද රයිට් චොයිස්.,අන්තිමට බලද්දී ඒක හරි තීරණය වුණා.,intermediate
im-glad-i-went-for-it,s-feelings-emotions,I'm glad I went for it.,අයිම් ග්ලැඩ් අයි වෙන්ට් ෆෝ ඉට්.,මං ඒක කරපු එක ගැන සතුටුයි.,intermediate
i-almost-talked-myself-out-of,s-everyday-conversations,I almost talked myself out of it.,අයි ඕල්මෝස්ට් ටෝක්ට් මයිසෙල්ෆ් අවුට් අව් ඉට්.,තව ටිකෙන් මං මටම ඒක කරන්න එපා කියලා convince වෙනවා.,intermediate
good-thing-i-didnt-give-up,s-phrasal-verbs,Good thing I didn't give up.,ගුඩ් තිං අයි ඩිඩන්ට් ගිව් අප්.,හොඳ වෙලාවට මං අතහැරියේ නෑ.,intermediate
im-glad-i-took-the-chance,s-feelings-emotions,I'm glad I took the chance.,අයිම් ග්ලැඩ් අයි ටුක් ද චාන්ස්.,මං risk එක ගත්ත එක ගැන සතුටුයි.,intermediate
sometimes-you-just-have-to-go,s-everyday-conversations,Sometimes you just have to go for it.,සම්ටයිම්ස් යූ ජස්ට් හැව් ටු ගෝ ෆෝ ඉට්.,සමහර වෙලාවට නිකන් කරලා බලන්නම වෙනවා.,intermediate
you-cant-win-if-you-dont,s-everyday-conversations,You can't win if you don't try.,යූ කෑන්ට් වින් ඉෆ් යූ ඩෝන්ට් ට්‍රයි.,try නොකර දිනන්න බෑ.,intermediate
nothing-ventured-nothing-gained,s-everyday-conversations,"Nothing ventured, nothing gained.","නතිං වෙන්චර්ඩ්, නතිං ගේන්ඩ්.",risk එකක් නොගෙන දෙයක් ලැබෙන්නේ නෑ.,beginner
sometimes-you-have-to-take-a,s-everyday-conversations,Sometimes you have to take a risk.,සම්ටයිම්ස් යූ හැව් ටු ටේක් අ රිස්ක්.,සමහර වෙලාවට risk එකක් ගන්න වෙනවා.,intermediate
im-glad-i-trusted-myself,s-feelings-emotions,I'm glad I trusted myself.,අයිම් ග්ලැඩ් අයි ට්‍රස්ටිඩ් මයිසෙල්ෆ්.,මං මාව විශ්වාස කළ එක ගැන සතුටුයි.,beginner
im-just-being-careful,s-everyday-conversations,I'm just being careful.,අයිම් ජස්ට් බීයිං කෙයාර්ෆුල්.,මං නිකන් පරිස්සම් වෙනවා.,beginner
i-dont-wanna-mess-this-up,s-everyday-conversations,I don't wanna mess this up.,අයි ඩෝන්ට් වොනා මෙස් දිස් අප්.,මේක අවුල් කරගන්න මට ඕන නෑ.,intermediate
i-wanna-get-it-right,s-everyday-conversations,I wanna get it right.,අයි වොනා ගෙට් ඉට් රයිට්.,මට මේක හරියට කරන්න ඕන.,beginner
id-rather-take-my-time,s-everyday-conversations,I'd rather take my time.,අයිඩ් රැදර් ටේක් මයි ටයිම්.,මං හදිස්සි නොවී හිමින් කරන එක කැමතියි.,beginner
theres-no-point-doing-it-twice,s-everyday-conversations,There's no point doing it twice.,දෙයාර්ස් නෝ පොයින්ට් ඩූයිං ඉට් ට්වයිස්.,වැරදියට කරලා දෙපාරක් කරන එකේ තේරුමක් නෑ.,intermediate
might-as-well-do-it-properly,s-everyday-conversations,Might as well do it properly.,මයිට් ඇස් වෙල් ඩූ ඉට් ප්‍රොපර්ලි.,කරනවා නම් හරියට කරන එක හොඳයි.,intermediate
lets-do-it-right-the-first,s-everyday-conversations,Let's do it right the first time.,ලෙට්ස් ඩූ ඉට් රයිට් ද ෆර්ස්ට් ටයිම්.,මුල් සැරේම හරියට කරමු.,intermediate
id-rather-be-thorough,s-everyday-conversations,I'd rather be thorough.,අයිඩ් රැදර් බී තරෝ.,මං හොඳට සම්පූර්ණයෙන් බලලා කරන එක කැමතියි.,beginner
lets-make-sure-we-didnt-miss,s-everyday-conversations,Let's make sure we didn't miss anything.,ලෙට්ස් මේක් ෂුවර් වී ඩිඩන්ට් මිස් එනිතිං.,අපිට මොනවත් miss වුණේ නැද්ද බලමු.,intermediate
i-think-were-good,s-everyday-conversations,I think we're good.,අයි තින්ක් වීර් ගුඩ්.,මං හිතන්නේ දැන් හැමදේම හරි.,beginner
that-should-cover-everything,s-everyday-conversations,That should cover everything.,දැට් ෂුඩ් කවර් එව්රිතිං.,ඒකෙන් හැමදේම cover වෙයි.,beginner
i-think-thats-everything,s-giving-opinions,I think that's everything.,අයි තින්ක් දැට්ස් එව්රිතිං.,මං හිතන්නේ ඔක්කොම හරි.,beginner
are-we-forgetting-anything,s-asking-questions,Are we forgetting anything?,අර් වී ෆොගෙටිං එනිතිං?,අපිට මොනවාහරි අමතක වෙලාද?,beginner
let-me-check-one-last-time,s-everyday-conversations,Let me check one last time.,ලෙට් මී චෙක් වන් ලාස්ට් ටයිම්.,අන්තිම සැරේට තව පොඩ්ඩක් බලන්නම්.,intermediate
looks-good-to-me,s-everyday-conversations,Looks good to me.,ලුක්ස් ගුඩ් ටු මී.,මට නම් හොඳයි වගේ.,beginner
i-think-were-all-set,s-everyday-conversations,I think we're all set.,අයි තින්ක් වීර් ඕල් සෙට්.,මං හිතන්නේ දැන් හැමදේම ලෑස්තියි.,beginner
were-good-to-go,s-everyday-conversations,We're good to go.,වීර් ගුඩ් ටු ගෝ.,අපි දැන් පිටත් වෙන්න / පටන් ගන්න ලෑස්තියි.,beginner
everythings-ready,s-everyday-conversations,Everything's ready.,එව්රිතිංස් රෙඩි.,හැමදේම ලෑස්තියි.,beginner
were-all-set,s-everyday-conversations,We're all set.,වීර් ඕල් සෙට්.,ඔක්කොම හරි.,beginner
lets-get-this-thing-started,s-everyday-conversations,Let's get this thing started.,ලෙට්ස් ගෙට් දිස් තිං ස්ටාර්ටිඩ්.,අපි මේක පටන් ගමු.,beginner
this-should-be-interesting,s-everyday-conversations,This should be interesting.,දිස් ෂුඩ් බී ඉන්ට්‍රස්ටිං.,මේක interesting වෙයි වගේ.,beginner
ive-been-looking-forward-to-this,s-everyday-conversations,I've been looking forward to this.,අයිව් බීන් ලුකිං ෆෝවර්ඩ් ටු දිස්.,මං මේක වෙනකම් ආසාවෙන් බලාගෙන හිටියා.,intermediate
this-is-gonna-be-fun,s-everyday-conversations,This is gonna be fun.,දිස් ඉස් ගනා බී ෆන්.,මේක මරු වෙයි.,beginner
i-have-a-good-feeling-about,s-feelings-emotions,I have a good feeling about this.,අයි හැව් අ ගුඩ් ෆීලිං අබවුට් දිස්.,මේ ගැන මට හොඳ feeling එකක් තියෙනවා.,intermediate
i-think-were-gonna-have-a,s-everyday-conversations,I think we're gonna have a good time.,අයි තින්ක් වීර් ගනා හැව් අ ගුඩ් ටයිම්.,මං හිතන්නේ අපි හොඳට enjoy කරයි.,intermediate
lets-enjoy-it-while-it-lasts,s-everyday-conversations,Let's enjoy it while it lasts.,ලෙට්ස් එන්ජෝයි ඉට් වයිල් ඉට් ලාස්ට්ස්.,තියෙනකම් හොඳට enjoy කරමු.,intermediate
we-might-as-well-enjoy-ourselves,s-everyday-conversations,We might as well enjoy ourselves.,වී මයිට් ඇස් වෙල් එන්ජෝයි අවර්සෙල්ව්ස්.,අපි හොඳට enjoy කරමු.,intermediate
im-glad-i-came,s-feelings-emotions,I'm glad I came.,අයිම් ග්ලැඩ් අයි කේම්.,මං ආපු එක ගැන සතුටුයි.,beginner
this-was-a-good-idea,s-everyday-conversations,This was a good idea.,දිස් වස් අ ගුඩ් අයිඩියා.,මේක හොඳ idea එකක්.,beginner
i-needed-this,s-everyday-conversations,I needed this.,අයි නීඩිඩ් දිස්.,මට මේ වගේ දෙයක් ඇත්තටම ඕන වෙලා තිබුණා.,beginner
im-having-such-a-good-time,s-everyday-conversations,I'm having such a good time.,අයිම් හැවිං සච් අ ගුඩ් ටයිම්.,මං මාර හොඳට enjoy කරනවා.,intermediate
i-dont-want-this-to-end,s-everyday-conversations,I don't want this to end.,අයි ඩෝන්ට් වොන්ට් දිස් ටු එන්ඩ්.,මේක ඉවර වෙනවට මං කැමති නෑ.,intermediate
time-flies-when-youre-having-fun,s-everyday-conversations,Time flies when you're having fun.,ටයිම් ෆ්ලයිස් වෙන් යෝර් හැවිං ෆන්.,enjoy කරනකොට වෙලාව යනවා තේරෙන්නේ නෑ.,intermediate
is-it-that-late-already,s-asking-questions,Is it that late already?,ඉස් ඉට් දැට් ලේට් ඕල්රෙඩි?,දැනටමත් මෙච්චර පරක්කු වෙලාද?,beginner
i-didnt-realize-the-time,s-everyday-conversations,I didn't realize the time.,අයි ඩිඩන්ට් රියලයිස් ද ටයිම්.,වෙලාව ගිය එක මට තේරුණේ නෑ.,beginner
weve-been-here-for-hours,s-everyday-conversations,We've been here for hours.,වීව් බීන් හියර් ෆෝ අවර්ස්.,අපි පැය ගාණක් මෙතන ඉඳලා.,beginner
i-guess-we-should-head-back,s-everyday-conversations,I guess we should head back.,අයි ගෙස් වී ෂුඩ් හෙඩ් බැක්.,අපි දැන් ආපහු යන එක හොඳයි වගේ.,intermediate
we-should-probably-call-it-a,s-everyday-conversations,We should probably call it a night.,වී ෂුඩ් ප්‍රොබබ්ලි කෝල් ඉට් අ නයිට්.,අපි දැන් අදට නවත්තන එක හොඳයි.,intermediate
i-dont-wanna-keep-you-up,s-everyday-conversations,I don't wanna keep you up.,අයි ඩෝන්ට් වොනා කීප් යූ අප්.,මං නිසා ඔයාව රෑ වෙනකම් ඇහැරගෙන තියන්න ඕන නෑ.,intermediate
you-should-get-some-sleep,s-home,You should get some sleep.,යූ ෂුඩ් ගෙට් සම් ස්ලීප්.,ඔයා ටිකක් නිදාගන්න ඕන.,beginner
get-some-rest,s-everyday-conversations,Get some rest.,ගෙට් සම් රෙස්ට්.,ටිකක් විවේක ගන්න.,beginner
dont-stay-up-too-late,s-everyday-conversations,Don't stay up too late.,ඩෝන්ට් ස්ටේ අප් ටූ ලේට්.,වැඩි රෑ වෙනකම් ඇහැරගෙන ඉන්න එපා.,beginner
ill-let-you-get-some-sleep,s-home,I'll let you get some sleep.,අයිල් ලෙට් යූ ගෙට් සම් ස්ලීප්.,"හරි, ඔයාට දැන් නිදාගන්න දෙන්නම්.",intermediate
ill-let-you-get-back-to-2,s-everyday-conversations,I'll let you get back to what you were doing.,අයිල් ලෙට් යූ ගෙට් බැක් ටු වට් යූ වර් ඩූයිං.,"හරි, ඔයා කර කර හිටපු වැඩේ කරගන්න.",intermediate
it-was-good-talking-to-you,s-everyday-conversations,It was good talking to you.,ඉට් වස් ගුඩ් ටෝකිං ටු යූ.,ඔයා එක්ක කතා කරපු එක සතුටක්.,intermediate
glad-we-got-to-catch-up,s-feelings-emotions,Glad we got to catch up.,ග්ලැඩ් වී ගොට් ටු කැච් අප්.,කාලෙකින් කතා කරන්න ලැබුණු එක සතුටක්.,intermediate
lets-talk-again-soon,s-everyday-conversations,Let's talk again soon.,ලෙට්ස් ටෝක් අගේන් සූන්.,අපි ඉක්මනට ආයෙත් කතා කරමු.,beginner
message-me-anytime,s-phone-conversations,Message me anytime.,මෙසේජ් මී එනිටයිම්.,ඕන වෙලාවක මට message එකක් දාන්න.,beginner
dont-hesitate-to-reach-out,s-everyday-conversations,Don't hesitate to reach out.,ඩෝන්ට් හෙසිටේට් ටු රීච් අවුට්.,ඕන වෙලාවක මට කතා කරන්න බය වෙන්න එපා.,beginner
lets-stay-in-touch,s-everyday-conversations,Let's stay in touch.,ලෙට්ස් ස්ටේ ඉන් ටච්.,අපි දිගටම contact එකේ ඉමු.,beginner
take-care-of-yourself-okay,s-everyday-conversations,"Take care of yourself, okay?","ටේක් කෙයාර් අව් යෝර්සෙල්ෆ්, ඕකේ?","තමන්ව හොඳට බලාගන්න, හරිද?",beginner
hope-everything-goes-well,s-everyday-conversations,Hope everything goes well.,හෝප් එව්රිතිං ගෝස් වෙල්.,හැමදේම හොඳින් වෙයි කියලා හිතනවා.,beginner
ill-catch-you-on-the-flip,s-everyday-conversations,I'll catch you on the flip side.,අයිල් කැච් යූ ඔන් ද ෆ්ලිප් සයිඩ්.,පස්සේ හම්බෙමු / ආයෙත් කතා කරමු,intermediate
where-is-the-bus-stop,s-transportation,Where is the bus stop?,වෙයා ඉස් ද බස් ස්ටොප්?,බස් නැවතුම කොහෙද?,beginner
where-is-the-train-station,s-transportation,Where is the train station?,වෙයා ඉස් ද ට්‍රේන් ස්ටේෂන්?,දුම්රිය ස්ථානය කොහෙද?,beginner
where-is-the-nearest-bank,s-giving-directions,Where is the nearest bank?,වෙයා ඉස් ද නියරස්ට් බෑන්ක්?,ළඟම බැංකුව කොහෙද?,beginner
where-is-the-nearest-atm,s-giving-directions,Where is the nearest ATM?,වෙයා ඉස් ද නියරස්ට් ඒටීඑම්?,ළඟම ATM එක කොහෙද?,beginner
where-is-the-hospital,s-giving-directions,Where is the hospital?,වෙයා ඉස් ද හොස්පිටල්?,රෝහල කොහෙද?,beginner
where-is-the-pharmacy,s-giving-directions,Where is the pharmacy?,වෙයා ඉස් ද ෆාමසි?,ෆාමසිය කොහෙද?,beginner
where-is-the-supermarket,s-giving-directions,Where is the supermarket?,වෙයා ඉස් ද සුපර්මාකට්?,සුපර්මාකට් එක කොහෙද?,beginner
where-is-the-restroom,s-giving-directions,Where is the restroom?,වෙයා ඉස් ද රෙස්ට්රූම්?,වැසිකිළිය කොහෙද?,beginner
where-is-the-airport,s-airport,Where is the airport?,වෙයා ඉස් ද එයාපෝට්?,ගුවන් තොටුපළ කොහෙද?,beginner
where-is-the-taxi-stand,s-transportation,Where is the taxi stand?,වෙයා ඉස් ද ටැක්සි ස්ටෑන්ඩ්?,ටැක්සි නැවතුම කොහෙද?,beginner
where-is-the-city-center,s-giving-directions,Where is the city center?,වෙයා ඉස් ද සිටි සෙන්ටර්?,නගර මධ්‍යය කොහෙද?,beginner
where-is-the-police-station,s-emergencies,Where is the police station?,වෙයා ඉස් ද පොලීස් ස්ටේෂන්?,පොලිස් ස්ථානය කොහෙද?,beginner
where-is-the-post-office,s-giving-directions,Where is the post office?,වෙයා ඉස් ද පෝස්ට් ඔෆිස්?,තැපැල් කාර්යාලය කොහෙද?,beginner
where-is-the-hotel,s-hotel,Where is the hotel?,වෙයා ඉස් ද හෝටෙල්?,හෝටලය කොහෙද?,beginner
where-is-the-restaurant,s-giving-directions,Where is the restaurant?,වෙයා ඉස් ද රෙස්ටුරන්ට්?,රෙස්ටුරන්ට් එක කොහෙද?,beginner
where-is-the-beach,s-giving-directions,Where is the beach?,වෙයා ඉස් ද බීච්?,මුහුදු වෙරළ කොහෙද?,beginner
where-is-the-main-road,s-giving-directions,Where is the main road?,වෙයා ඉස් ද මේන් රෝඩ්?,ප්‍රධාන පාර කොහෙද?,beginner
where-is-the-entrance,s-giving-directions,Where is the entrance?,වෙයා ඉස් දි එන්ට්‍රන්ස්?,ඇතුල්වීම කොහෙද?,beginner
where-is-the-exit,s-giving-directions,Where is the exit?,වෙයා ඉස් දි එක්සිට්?,පිටවීම කොහෙද?,beginner
where-is-the-parking-lot,s-giving-directions,Where is the parking lot?,වෙයා ඉස් ද පාකින් ලොට්?,වාහන නැවතුම කොහෙද?,beginner
how-do-i-get-there,s-asking-questions,How do I get there?,හව් ඩු අයි ගෙට් දෙයා?,මම එතනට යන්නේ කොහොමද?,beginner
how-do-i-get-to-the,s-transportation,How do I get to the station?,හව් ඩු අයි ගෙට් ටු ද ස්ටේෂන්?,ස්ටේෂන් එකට යන්නේ කොහොමද?,intermediate
how-can-i-get-to-the,s-airport,How can I get to the airport?,හව් කැන් අයි ගෙට් ටු දි එයාපෝට්?,එයාපෝට් එකට යන්නේ කොහොමද?,intermediate
how-can-i-get-downtown,s-asking-questions,How can I get downtown?,හව් කැන් අයි ගෙට් ඩවුන්ටවුන්?,නගර මධ්‍යයට යන්නේ කොහොමද?,beginner
could-you-tell-me-the-way,s-making-requests,Could you tell me the way?,කුඩ් යූ ටෙල් මී ද වේ?,යන පාර කියන්න පුළුවන්ද?,intermediate
can-you-give-me-directions,s-giving-directions,Can you give me directions?,කැන් යූ ගිව් මී ඩිරෙක්ශන්ස්?,මට පාර කියන්න පුළුවන්ද?,beginner
can-you-show-me-the-way,s-making-requests,Can you show me the way?,කැන් යූ ෂෝ මී ද වේ?,මට යන පාර පෙන්නන්න පුළුවන්ද?,intermediate
do-you-know-where-this-is,s-asking-questions,Do you know where this is?,ඩු යූ නෝ වෙයා දිස් ඉස්?,මේ තැන කොහෙද කියලා දන්නවද?,intermediate
do-you-know-how-to-get,s-asking-questions,Do you know how to get there?,ඩු යූ නෝ හව් ටු ගෙට් දෙයා?,එතනට යන්නේ කොහොමද කියලා දන්නවද?,intermediate
is-this-the-right-way,s-asking-questions,Is this the right way?,ඉස් දිස් ද රයිට් වේ?,මේක හරි පාරද?,beginner
am-i-going-the-right-way,s-everyday-conversations,Am I going the right way?,ඇම් අයි ගෝඉන් ද රයිට් වේ?,මම හරි පාරේද යන්නේ?,intermediate
is-this-the-way-to-the,s-transportation,Is this the way to the station?,ඉස් දිස් ද වේ ටු ද ස්ටේෂන්?,මේක ස්ටේෂන් එකට යන පාරද?,intermediate
does-this-road-lead-downtown,s-asking-questions,Does this road lead downtown?,ඩස් දිස් රෝඩ් ලීඩ් ඩවුන්ටවුන්?,මේ පාර නගර මධ්‍යයට යනවද?,beginner
is-it-far-from-here,s-asking-questions,Is it far from here?,ඉස් ඉට් ෆාර් ෆ්‍රම් හියර්?,මෙතනින් ගොඩක් දුරද?,beginner
is-it-nearby,s-giving-directions,Is it nearby?,ඉස් ඉට් නියර්බයි?,ඒක ළඟද?,beginner
is-it-close-to-here,s-asking-questions,Is it close to here?,ඉස් ඉට් ක්ලෝස් ටු හියර්?,ඒක මෙතනට ළඟද?,beginner
is-it-within-walking-distance,s-asking-questions,Is it within walking distance?,ඉස් ඉට් විදින් වෝකින් ඩිස්ටන්ස්?,පයින් යන්න පුළුවන් දුරකද?,beginner
can-i-walk-there,s-asking-questions,Can I walk there?,කැන් අයි වෝක් දෙයා?,මට එතනට පයින් යන්න පුළුවන්ද?,beginner
how-far-is-it,s-asking-questions,How far is it?,හව් ෆාර් ඉස් ඉට්?,කොච්චර දුරද?,beginner
how-far-is-it-from-here,s-asking-questions,How far is it from here?,හව් ෆාර් ඉස් ඉට් ෆ්‍රම් හියර්?,මෙතන ඉඳන් කොච්චර දුරද?,intermediate
how-long-does-it-take-to,s-asking-questions,How long does it take to get there?,හව් ලොන් ඩස් ඉට් ටේක් ටු ගෙට් දෙයා?,එතනට යන්න කොච්චර වෙලා යනවද?,intermediate
how-long-does-it-take-on,s-asking-questions,How long does it take on foot?,හව් ලොන් ඩස් ඉට් ටේක් ඔන් ෆුට්?,පයින් යන්න කොච්චර වෙලා යනවද?,intermediate
how-long-does-it-take-by,s-transportation,How long does it take by bus?,හව් ලොන් ඩස් ඉට් ටේක් බයි බස්?,බස් එකෙන් යන්න කොච්චර වෙලා යනවද?,intermediate
how-long-does-it-take-by-2,s-asking-questions,How long does it take by car?,හව් ලොන් ඩස් ඉට් ටේක් බයි කාර්?,කාර් එකෙන් යන්න කොච්චර වෙලා යනවද?,intermediate
which-road-should-i-take,s-everyday-conversations,Which road should I take?,විච් රෝඩ් ෂුඩ් අයි ටේක්?,මම මොන පාරෙන්ද යන්න ඕනේ?,beginner
which-street-is-it-on,s-everyday-conversations,Which street is it on?,විච් ස්ට්‍රීට් ඉස් ඉට් ඔන්?,ඒක තියෙන්නේ මොන වීදියේද?,beginner
which-direction-is-downtown,s-giving-directions,Which direction is downtown?,විච් ඩිරෙක්ශන් ඉස් ඩවුන්ටවුන්?,නගර මධ්‍යය තියෙන්නේ මොන පැත්තෙද?,beginner
which-way-is-north,s-giving-directions,Which way is north?,විච් වේ ඉස් නෝත්?,උතුර තියෙන්නේ මොන පැත්තෙද?,beginner
should-i-turn-left-here,s-giving-directions,Should I turn left here?,ෂුඩ් අයි ටර්න් ලෙෆ්ට් හියර්?,මම මෙතනින් වමට හැරෙන්නද?,beginner
should-i-turn-right-here,s-giving-directions,Should I turn right here?,ෂුඩ් අයි ටර්න් රයිට් හියර්?,මම මෙතනින් දකුණට හැරෙන්නද?,beginner
should-i-keep-going-straight,s-everyday-conversations,Should I keep going straight?,ෂුඩ් අයි කීප් ගෝඉන් ස්ට්‍රේට්?,මම දිගටම කෙළින් යන්නද?,beginner
do-i-need-to-cross-the,s-giving-directions,Do I need to cross the road?,ඩු අයි නීඩ් ටු ක්‍රොස් ද රෝඩ්?,මට පාර මාරු වෙන්න ඕනෙද?,intermediate
do-i-need-to-take-a,s-transportation,Do I need to take a bus?,ඩු අයි නීඩ් ටු ටේක් අ බස්?,මට බස් එකක් ගන්න ඕනෙද?,intermediate
which-bus-should-i-take,s-transportation,Which bus should I take?,විච් බස් ෂුඩ් අයි ටේක්?,මම මොන බස් එකද ගන්න ඕනේ?,beginner
which-train-should-i-take,s-transportation,Which train should I take?,විච් ට්‍රේන් ෂුඩ් අයි ටේක්?,මම මොන දුම්රියද ගන්න ඕනේ?,beginner
where-should-i-get-off,s-asking-questions,Where should I get off?,වෙයා ෂුඩ් අයි ගෙට් ඔෆ්?,මම කොහෙන්ද බහින්න ඕනේ?,beginner
where-do-i-change-buses,s-banking-money,Where do I change buses?,වෙයා ඩු අයි චේන්ජ් බසස්?,මම කොහෙන්ද බස් මාරු කරන්න ඕනේ?,beginner
where-do-i-change-trains,s-banking-money,Where do I change trains?,වෙයා ඩු අයි චේන්ජ් ට්‍රේන්ස්?,මම කොහෙන්ද දුම්රිය මාරු කරන්න ඕනේ?,beginner
does-this-bus-go-to-the,s-airport,Does this bus go to the airport?,ඩස් දිස් බස් ගෝ ටු දි එයාපෝට්?,මේ බස් එක එයාපෝට් එකට යනවද?,intermediate
does-this-bus-stop-downtown,s-transportation,Does this bus stop downtown?,ඩස් දිස් බස් ස්ටොප් ඩවුන්ටවුන්?,මේ බස් එක නගර මධ්‍යයේ නවත්වනවද?,beginner
does-this-train-go-to-colombo,s-transportation,Does this train go to Colombo?,ඩස් දිස් ට්‍රේන් ගෝ ටු කලම්බෝ?,මේ දුම්රිය කොළඹට යනවද?,intermediate
is-this-the-bus-for-the,s-transportation,Is this the bus for the city center?,ඉස් දිස් ද බස් ෆෝ ද සිටි සෙන්ටර්?,මේක නගර මධ්‍යයට යන බස් එකද?,intermediate
is-this-the-right-platform,s-transportation,Is this the right platform?,ඉස් දිස් ද රයිට් ප්ලැට්ෆෝම්?,මේක හරි වේදිකාවද?,beginner
which-platform-do-i-need,s-transportation,Which platform do I need?,විච් ප්ලැට්ෆෝම් ඩු අයි නීඩ්?,මට මොන වේදිකාවටද යන්න ඕනේ?,beginner
where-is-platform-three,s-transportation,Where is platform three?,වෙයා ඉස් ප්ලැට්ෆෝම් ත්‍රී?,තුන්වැනි වේදිකාව කොහෙද?,beginner
where-can-i-catch-a-taxi,s-transportation,Where can I catch a taxi?,වෙයා කැන් අයි කැච් අ ටැක්සි?,මට ටැක්සි එකක් ගන්න පුළුවන් කොහෙන්ද?,intermediate
where-can-i-catch-the-bus,s-transportation,Where can I catch the bus?,වෙයා කැන් අයි කැච් ද බස්?,බස් එක ගන්න පුළුවන් කොහෙන්ද?,intermediate
where-can-i-get-a-tuk,s-asking-questions,Where can I get a tuk-tuk?,වෙයා කැන් අයි ගෙට් අ ටුක්-ටුක්?,ටුක් ටුක් එකක් ගන්න පුළුවන් කොහෙන්ද?,intermediate
whats-the-easiest-way-to-get,s-asking-questions,What's the easiest way to get there?,වොට්ස් දි ඊසියස්ට් වේ ටු ගෙට් දෙයා?,එතනට යන්න ලේසිම විදිහ මොකක්ද?,intermediate
whats-the-quickest-way-to-get,s-asking-questions,What's the quickest way to get there?,වොට්ස් ද ක්වික්කස්ට් වේ ටු ගෙට් දෙයා?,ඉක්මනටම යන්න පුළුවන් පාර මොකක්ද?,intermediate
whats-the-shortest-route,s-transportation,What's the shortest route?,වොට්ස් ද ෂෝටස්ට් රූට්?,කෙටිම පාර මොකක්ද?,beginner
whats-the-best-route,s-transportation,What's the best route?,වොට්ස් ද බෙස්ට් රූට්?,හොඳම පාර මොකක්ද?,beginner
is-there-a-shortcut,s-asking-questions,Is there a shortcut?,ඉස් දෙයා අ ෂෝට්කට්?,කෙටි පාරක් තියෙනවද?,beginner
can-i-take-a-shortcut,s-asking-questions,Can I take a shortcut?,කැන් අයි ටේක් අ ෂෝට්කට්?,මට කෙටි පාරකින් යන්න පුළුවන්ද?,beginner
is-there-another-way,s-asking-questions,Is there another way?,ඉස් දෙයා අනදර් වේ?,වෙන පාරක් තියෙනවද?,beginner
is-there-an-easier-route,s-transportation,Is there an easier route?,ඉස් දෙයා ඇන් ඊසියර් රූට්?,ඊට ලේසි පාරක් තියෙනවද?,beginner
is-there-a-faster-route,s-transportation,Is there a faster route?,ඉස් දෙයා අ ෆාස්ටර් රූට්?,ඊට ඉක්මන් පාරක් තියෙනවද?,beginner
can-i-get-there-without-taking,s-asking-questions,Can I get there without taking the highway?,කැන් අයි ගෙට් දෙයා විදවුට් ටේකින් ද හයිවේ?,හයිවේ එකට නොගිහින් එතනට යන්න පුළුවන්ද?,intermediate
could-you-point-me-in-the,s-giving-directions,Could you point me in the right direction?,කුඩ් යූ පොයින්ට් මී ඉන් ද රයිට් ඩිරෙක්ශන්?,හරි පැත්ත පෙන්නන්න පුළුවන්ද?,intermediate
could-you-show-me-on-the,s-making-requests,Could you show me on the map?,කුඩ් යූ ෂෝ මී ඔන් ද මැප්?,මැප් එකේ පෙන්නන්න පුළුවන්ද?,intermediate
can-you-mark-it-on-the,s-making-requests,Can you mark it on the map?,කැන් යූ මාර්ක් ඉට් ඔන් ද මැප්?,මැප් එකේ ඒ තැන ලකුණු කරන්න පුළුවන්ද?,intermediate
can-you-show-me-where-i,s-making-requests,Can you show me where I am?,කැන් යූ ෂෝ මී වෙයා අයි ඇම්?,මම ඉන්න තැන පෙන්නන්න පුළුවන්ද?,intermediate
where-are-we-now,s-asking-questions,Where are we now?,වෙයා ආර් වී නව්?,අපි දැන් කොහෙද ඉන්නේ?,beginner
what-street-are-we-on,s-asking-questions,What street are we on?,වොට් ස්ට්‍රීට් ආර් වී ඔන්?,අපි ඉන්නේ මොන වීදියේද?,beginner
whats-the-name-of-this-road,s-asking-questions,What's the name of this road?,වොට්ස් ද නේම් ඔෆ් දිස් රෝඩ්?,මේ පාරේ නම මොකක්ද?,intermediate
whats-this-area-called,s-asking-questions,What's this area called?,වොට්ස් දිස් ඒරියා කෝල්ඩ්?,මේ ප්‍රදේශයට කියන්නේ මොකක්ද?,beginner
am-i-near-the-city-center,s-everyday-conversations,Am I near the city center?,ඇම් අයි නියර් ද සිටි සෙන්ටර්?,මම නගර මධ්‍යයට ළඟද?,intermediate
am-i-close-to-the-station,s-transportation,Am I close to the station?,ඇම් අයි ක්ලෝස් ටු ද ස්ටේෂන්?,මම ස්ටේෂන් එකට ළඟද?,intermediate
i-think-im-lost,s-everyday-conversations,I think I'm lost.,අයි තින්ක් අයිම් ලොස්ට්,මට හිතෙන්නේ මම පාර වැරදිලා.,beginner
im-a-little-lost,s-everyday-conversations,I'm a little lost.,අයිම් අ ලිට්ල් ලොස්ට්,මට ටිකක් පාර වැරදිලා.,beginner
i-cant-find-this-address,s-everyday-conversations,I can't find this address.,අයි කෑන්ට් ෆයින්ඩ් දිස් ඇඩ්‍රස්,මට මේ ලිපිනය හොයාගන්න බැහැ.,beginner
i-cant-find-the-hotel,s-hotel,I can't find the hotel.,අයි කෑන්ට් ෆයින්ඩ් ද හෝටෙල්,මට හෝටලය හොයාගන්න බැහැ.,beginner
i-think-i-took-the-wrong,s-problems-complaints,I think I took the wrong road.,අයි තින්ක් අයි ටුක් ද රොන් රෝඩ්,මට හිතෙන්නේ මම වැරදි පාර ගත්තා.,intermediate
i-think-i-missed-the-turn,s-everyday-conversations,I think I missed the turn.,අයි තින්ක් අයි මිස්ට් ද ටර්න්,මට හිතෙන්නේ හැරෙන්න තිබුණු තැන පහු වුණා.,intermediate
did-i-go-too-far,s-asking-questions,Did I go too far?,ඩිඩ් අයි ගෝ ටූ ෆාර්?,මම ඕනෑවට වඩා දුර ගියාද?,beginner
have-i-passed-it,s-asking-questions,Have I passed it?,හැව් අයි පාස්ට් ඉට්?,මම ඒ තැන පහු කළාද?,beginner
did-i-miss-the-exit,s-asking-questions,Did I miss the exit?,ඩිඩ් අයි මිස් දි එක්සිට්?,මට පිටවෙන තැන මඟහැරුණාද?,beginner
can-you-help-me-find-this,s-asking-for-help,Can you help me find this place?,කැන් යූ හෙල්ප් මී ෆයින්ඩ් දිස් ප්ලේස්?,මේ තැන හොයාගන්න මට උදව් කරන්න පුළුවන්ද?,intermediate
go-straight,s-everyday-conversations,Go straight.,ගෝ ස්ට්‍රේට්,කෙළින්ම යන්න.,beginner
go-straight-ahead,s-giving-directions,Go straight ahead.,ගෝ ස්ට්‍රේට් අහෙඩ්,ඉස්සරහට කෙළින්ම යන්න.,beginner
walk-straight-ahead,s-giving-directions,Walk straight ahead.,වෝක් ස්ට්‍රේට් අහෙඩ්,කෙළින්ම පයින් යන්න.,beginner
drive-straight-ahead,s-giving-directions,Drive straight ahead.,ඩ්‍රයිව් ස්ට්‍රේට් අහෙඩ්,කෙළින්ම වාහනය ධාවනය කරන්න.,beginner
continue-straight,s-everyday-conversations,Continue straight.,කන්ටිනියු ස්ට්‍රේට්,දිගටම කෙළින් යන්න.,beginner
stay-on-this-road,s-everyday-conversations,Stay on this road.,ස්ටේ ඔන් දිස් රෝඩ්,මේ පාරේම යන්න.,beginner
follow-this-road,s-everyday-conversations,Follow this road.,ෆොලෝ දිස් රෝඩ්,මේ පාර දිගේ යන්න.,beginner
follow-the-main-road,s-everyday-conversations,Follow the main road.,ෆොලෝ ද මේන් රෝඩ්,ප්‍රධාන පාර දිගේ යන්න.,beginner
keep-to-the-main-road,s-everyday-conversations,Keep to the main road.,කීප් ටු ද මේන් රෝඩ්,ප්‍රධාන පාරේම යන්න.,beginner
turn-left,s-giving-directions,Turn left.,ටර්න් ලෙෆ්ට්,වමට හැරෙන්න.,beginner
turn-right,s-giving-directions,Turn right.,ටර්න් රයිට්,දකුණට හැරෙන්න.,beginner
take-a-left,s-everyday-conversations,Take a left.,ටේක් අ ලෙෆ්ට්,වමට හැරෙන්න.,beginner
take-a-right,s-everyday-conversations,Take a right.,ටේක් අ රයිට්,දකුණට හැරෙන්න.,beginner
make-a-left-turn,s-everyday-conversations,Make a left turn.,මේක් අ ලෙෆ්ට් ටර්න්,වමට හැරෙන්න.,beginner
make-a-right-turn,s-everyday-conversations,Make a right turn.,මේක් අ රයිට් ටර්න්,දකුණට හැරෙන්න.,beginner
turn-left-here,s-giving-directions,Turn left here.,ටර්න් ලෙෆ්ට් හියර්,මෙතනින් වමට හැරෙන්න.,beginner
turn-right-here,s-giving-directions,Turn right here.,ටර්න් රයිට් හියර්,මෙතනින් දකුණට හැරෙන්න.,beginner
turn-right-at-the-corner,s-giving-directions,Turn right at the corner.,ටර්න් රයිට් ඇට් ද කෝනර්,කොනෙන් දකුණට හැරෙන්න.,beginner
take-the-first-left,s-everyday-conversations,Take the first left.,ටේක් ද ෆර්ස්ට් ලෙෆ්ට්,පළමු වම් පාර ගන්න.,beginner
take-the-first-right,s-everyday-conversations,Take the first right.,ටේක් ද ෆර්ස්ට් රයිට්,පළමු දකුණු පාර ගන්න.,beginner
take-the-second-left,s-everyday-conversations,Take the second left.,ටේක් ද සෙකන්ඩ් ලෙෆ්ට්,දෙවැනි වම් පාර ගන්න.,beginner
take-the-second-right,s-everyday-conversations,Take the second right.,ටේක් ද සෙකන්ඩ් රයිට්,දෙවැනි දකුණු පාර ගන්න.,beginner
take-the-third-left,s-everyday-conversations,Take the third left.,ටේක් ද තර්ඩ් ලෙෆ්ට්,තුන්වැනි වම් පාර ගන්න.,beginner
take-the-third-right,s-everyday-conversations,Take the third right.,ටේක් ද තර්ඩ් රයිට්,තුන්වැනි දකුණු පාර ගන්න.,beginner
turn-left-at-the-traffic-lights,s-transportation,Turn left at the traffic lights.,ටර්න් ලෙෆ්ට් ඇට් ද ට්‍රැෆික් ලයිට්ස්,සිග්නල් එකෙන් වමට හැරෙන්න.,intermediate
turn-right-at-the-traffic-lights,s-transportation,Turn right at the traffic lights.,ටර්න් රයිට් ඇට් ද ට්‍රැෆික් ලයිට්ස්,සිග්නල් එකෙන් දකුණට හැරෙන්න.,intermediate
go-through-the-traffic-lights,s-transportation,Go through the traffic lights.,ගෝ ත්රූ ද ට්‍රැෆික් ලයිට්ස්,සිග්නල් එක පහු කරගෙන යන්න.,beginner
go-past-the-traffic-lights,s-transportation,Go past the traffic lights.,ගෝ පාස්ට් ද ට්‍රැෆික් ලයිට්ස්,සිග්නල් එක පහු කරලා යන්න.,beginner
cross-the-road,s-giving-directions,Cross the road.,ක්‍රොස් ද රෝඩ්,පාර මාරු වෙන්න.,beginner
cross-the-street,s-everyday-conversations,Cross the street.,ක්‍රොස් ද ස්ට්‍රීට්,වීදිය මාරු වෙන්න.,beginner
cross-at-the-lights,s-everyday-conversations,Cross at the lights.,ක්‍රොස් ඇට් ද ලයිට්ස්,සිග්නල් එක ළඟින් පාර මාරු වෙන්න.,beginner
use-the-pedestrian-crossing,s-everyday-conversations,Use the pedestrian crossing.,යූස් ද පෙඩෙස්ට්‍රියන් ක්‍රොසින්,පදික මාරුවෙන් යන්න.,beginner
take-the-footbridge,s-everyday-conversations,Take the footbridge.,ටේක් ද ෆුට්බ්‍රිජ්,පදික පාලමෙන් යන්න.,beginner
use-the-underpass,s-everyday-conversations,Use the underpass.,යූස් දි අන්ඩර්පාස්,යට මාර්ගයෙන් යන්න.,beginner
go-over-the-bridge,s-everyday-conversations,Go over the bridge.,ගෝ ඕවර් ද බ්‍රිජ්,පාලම උඩින් යන්න.,beginner
go-across-the-bridge,s-everyday-conversations,Go across the bridge.,ගෝ අක්‍රොස් ද බ්‍රිජ්,පාලම හරහා යන්න.,beginner
go-under-the-bridge,s-everyday-conversations,Go under the bridge.,ගෝ අන්ඩර් ද බ්‍රිජ්,පාලම යටින් යන්න.,beginner
go-through-the-tunnel,s-everyday-conversations,Go through the tunnel.,ගෝ ත්රූ ද ටනල්,උමඟ හරහා යන්න.,beginner
go-up-the-hill,s-everyday-conversations,Go up the hill.,ගෝ අප් ද හිල්,කන්ද උඩට යන්න.,beginner
go-down-the-hill,s-everyday-conversations,Go down the hill.,ගෝ ඩවුන් ද හිල්,කන්ද පහළට යන්න.,beginner
walk-up-this-street,s-everyday-conversations,Walk up this street.,වෝක් අප් දිස් ස්ට්‍රීට්,මේ වීදිය දිගේ ඉහළට යන්න.,beginner
walk-down-this-street,s-everyday-conversations,Walk down this street.,වෝක් ඩවුන් දිස් ස්ට්‍රීට්,මේ වීදිය දිගේ පහළට යන්න.,beginner
go-along-this-street,s-everyday-conversations,Go along this street.,ගෝ අලොන් දිස් ස්ට්‍රීට්,මේ වීදිය දිගේ යන්න.,beginner
keep-walking,s-everyday-conversations,Keep walking.,කීප් වෝකින්,දිගටම පයින් යන්න.,beginner
keep-driving,s-everyday-conversations,Keep driving.,කීප් ඩ්‍රයිවින්,දිගටම ධාවනය කරන්න.,beginner
keep-going-until-the-end,s-everyday-conversations,Keep going until the end.,කීප් ගෝඉන් අන්ටිල් දි එන්ඩ්,අන්තිම වෙනකම් යන්න.,beginner
go-to-the-end-of-the,s-everyday-conversations,Go to the end of the road.,ගෝ ටු දි එන්ඩ් ඔෆ් ද රෝඩ්,පාරේ අන්තිමට යන්න.,intermediate
go-to-the-end-of-the-2,s-everyday-conversations,Go to the end of the street.,ගෝ ටු දි එන්ඩ් ඔෆ් ද ස්ට්‍රීට්,වීදියේ අන්තිමට යන්න.,intermediate
turn-left-at-the-end-of,s-giving-directions,Turn left at the end of the road.,ටර්න් ලෙෆ්ට් ඇට් දි එන්ඩ් ඔෆ් ද රෝඩ්,පාරේ අන්තිමෙන් වමට හැරෙන්න.,intermediate
turn-right-at-the-end-of,s-giving-directions,Turn right at the end of the road.,ටර්න් රයිට් ඇට් දි එන්ඩ් ඔෆ් ද රෝඩ්,පාරේ අන්තිමෙන් දකුණට හැරෙන්න.,intermediate
youll-come-to-a-junction,s-everyday-conversations,You'll come to a junction.,යූල් කම් ටු අ ජංක්ෂන්,ඉස්සරහට හන්දියක් හම්බවෙයි.,beginner
turn-left-at-the-junction,s-giving-directions,Turn left at the junction.,ටර්න් ලෙෆ්ට් ඇට් ද ජංක්ෂන්,හන්දියෙන් වමට හැරෙන්න.,beginner
turn-right-at-the-junction,s-giving-directions,Turn right at the junction.,ටර්න් රයිට් ඇට් ද ජංක්ෂන්,හන්දියෙන් දකුණට හැරෙන්න.,beginner
go-straight-through-the-junction,s-everyday-conversations,Go straight through the junction.,ගෝ ස්ට්‍රේට් ත්රූ ද ජංක්ෂන්,හන්දියෙන් කෙළින්ම යන්න.,beginner
take-the-road-on-your-left,s-everyday-conversations,Take the road on your left.,ටේක් ද රෝඩ් ඔන් යෝර් ලෙෆ්ට්,වම් පැත්තේ පාර ගන්න.,intermediate
take-the-road-on-your-right,s-everyday-conversations,Take the road on your right.,ටේක් ද රෝඩ් ඔන් යෝර් රයිට්,දකුණු පැත්තේ පාර ගන්න.,intermediate
stay-on-the-left,s-everyday-conversations,Stay on the left.,ස්ටේ ඔන් ද ලෙෆ්ට්,වම් පැත්තේම ඉන්න.,beginner
stay-on-the-right,s-everyday-conversations,Stay on the right.,ස්ටේ ඔන් ද රයිට්,දකුණු පැත්තේම ඉන්න.,beginner
keep-left,s-everyday-conversations,Keep left.,කීප් ලෙෆ්ට්,වම් පැත්තෙන් යන්න.,beginner
keep-right,s-everyday-conversations,Keep right.,කීප් රයිට්,දකුණු පැත්තෙන් යන්න.,beginner
bear-left,s-everyday-conversations,Bear left.,බෙයා ලෙෆ්ට්,ටිකක් වම් පැත්තට යන්න.,beginner
bear-right,s-everyday-conversations,Bear right.,බෙයා රයිට්,ටිකක් දකුණු පැත්තට යන්න.,beginner
veer-to-the-left,s-everyday-conversations,Veer to the left.,වියර් ටු ද ලෙෆ්ට්,ටිකක් වමට හැරෙන්න.,beginner
veer-to-the-right,s-everyday-conversations,Veer to the right.,වියර් ටු ද රයිට්,ටිකක් දකුණට හැරෙන්න.,beginner
take-the-next-left,s-everyday-conversations,Take the next left.,ටේක් ද නෙක්ස්ට් ලෙෆ්ට්,ඊළඟ වම් පාර ගන්න.,beginner
take-the-next-right,s-everyday-conversations,Take the next right.,ටේක් ද නෙක්ස්ට් රයිට්,ඊළඟ දකුණු පාර ගන්න.,beginner
turn-at-the-next-intersection,s-everyday-conversations,Turn at the next intersection.,ටර්න් ඇට් ද නෙක්ස්ට් ඉන්ටර්සෙක්ෂන්,ඊළඟ හන්දියෙන් හැරෙන්න.,beginner
go-past-the-intersection,s-everyday-conversations,Go past the intersection.,ගෝ පාස්ට් දි ඉන්ටර්සෙක්ෂන්,හන්දිය පහු කරලා යන්න.,beginner
go-around-the-roundabout,s-everyday-conversations,Go around the roundabout.,ගෝ අරවුන්ඩ් ද රවුන්ඩබවුට්,වටරවුම වටෙන් යන්න.,beginner
take-the-first-exit-at-the,s-everyday-conversations,Take the first exit at the roundabout.,ටේක් ද ෆර්ස්ට් එක්සිට් ඇට් ද රවුන්ඩබවුට්,වටරවුමේ පළමු පිටවීම ගන්න.,intermediate
take-the-second-exit,s-everyday-conversations,Take the second exit.,ටේක් ද සෙකන්ඩ් එක්සිට්,දෙවැනි පිටවීම ගන්න.,beginner
take-the-third-exit,s-everyday-conversations,Take the third exit.,ටේක් ද තර්ඩ් එක්සිට්,තුන්වැනි පිටවීම ගන්න.,beginner
go-straight-across-the-roundabout,s-everyday-conversations,Go straight across the roundabout.,ගෝ ස්ට්‍රේට් අක්‍රොස් ද රවුන්ඩබවුට්,වටරවුමෙන් කෙළින්ම යන්න.,beginner
make-a-u-turn,s-everyday-conversations,Make a U-turn.,මේක් අ යූ-ටර්න්,ආපහු හැරෙන්න.,beginner
turn-around,s-everyday-conversations,Turn around.,ටර්න් අරවුන්ඩ්,ආපහු හැරෙන්න.,beginner
go-back-the-way-you-came,s-everyday-conversations,Go back the way you came.,ගෝ බැක් ද වේ යූ කේම්,ආපු පාරෙන්ම ආපහු යන්න.,intermediate
head-back-toward-the-station,s-transportation,Head back toward the station.,හෙඩ් බැක් ටුවෝඩ් ද ස්ටේෂන්,ස්ටේෂන් එක පැත්තට ආපහු යන්න.,beginner
go-back-one-block,s-everyday-conversations,Go back one block.,ගෝ බැක් වන් බ්ලොක්,එක බ්ලොක් එකක් ආපහු යන්න.,beginner
go-forward-one-block,s-everyday-conversations,Go forward one block.,ගෝ ෆෝවඩ් වන් බ්ලොක්,එක බ්ලොක් එකක් ඉස්සරහට යන්න.,beginner
go-two-blocks-down,s-everyday-conversations,Go two blocks down.,ගෝ ටූ බ්ලොක්ස් ඩවුන්,බ්ලොක් දෙකක් ඉස්සරහට යන්න.,beginner
walk-for-about-five-minutes,s-meetings,Walk for about five minutes.,වෝක් ෆෝ අබවුට් ෆයිව් මිනිට්ස්,විනාඩි පහක් විතර පයින් යන්න.,beginner
drive-for-about-ten-minutes,s-meetings,Drive for about ten minutes.,ඩ්‍රයිව් ෆෝ අබවුට් ටෙන් මිනිට්ස්,විනාඩි දහයක් විතර ධාවනය කරන්න.,beginner
keep-going-for-another-mile,s-everyday-conversations,Keep going for another mile.,කීප් ගෝඉන් ෆෝ අනදර් මයිල්,තව සැතපුමක් විතර යන්න.,beginner
keep-going-for-another-kilometer,s-everyday-conversations,Keep going for another kilometer.,කීප් ගෝඉන් ෆෝ අනදර් කිලෝමීටර්,තව කිලෝමීටරයක් විතර යන්න.,beginner
its-just-ahead,s-everyday-conversations,It's just ahead.,ඉට්ස් ජස්ට් අහෙඩ්,ඒක ඉස්සරහමයි.,beginner
its-a-little-farther-ahead,s-everyday-conversations,It's a little farther ahead.,ඉට්ස් අ ලිට්ල් ෆාදර් අහෙඩ්,තව ටිකක් ඉස්සරහට.,beginner
its-right-up-ahead,s-everyday-conversations,It's right up ahead.,ඉට්ස් රයිට් අප් අහෙඩ්,ඒක ඉස්සරහම තියෙනවා.,beginner
youre-almost-there,s-everyday-conversations,You're almost there.,යූර් ඕල්මෝස්ට් දෙයා,ඔයා දැන් එතනට ළඟයි.,beginner
youre-very-close,s-everyday-conversations,You're very close.,යූර් වෙරි ක්ලෝස්,ඔයා ගොඩක් ළඟයි.,beginner
its-only-a-few-minutes-away,s-meetings,It's only a few minutes away.,ඉට්ස් ඕන්ලි අ ෆියු මිනිට්ස් අවේ,විනාඩි කීපයක දුරයි.,intermediate
its-about-ten-minutes-from-here,s-meetings,It's about ten minutes from here.,ඉට්ස් අබවුට් ටෙන් මිනිට්ස් ෆ්‍රම් හියර්,මෙතනින් විනාඩි දහයක් විතර.,intermediate
its-about-a-kilometer-away,s-everyday-conversations,It's about a kilometer away.,ඉට්ස් අබවුට් අ කිලෝමීටර් අවේ,කිලෝමීටරයක් විතර දුරයි.,beginner
its-quite-far-from-here,s-everyday-conversations,It's quite far from here.,ඉට්ස් ක්වයිට් ෆාර් ෆ්‍රම් හියර්,මෙතනින් ටිකක් ගොඩක් දුරයි.,beginner
its-not-far-at-all,s-everyday-conversations,It's not far at all.,ඉට්ස් නොට් ෆාර් ඇට් ඕල්,ලොකු දුරක් නෑ.,beginner
its-right-around-the-corner,s-everyday-conversations,It's right around the corner.,ඉට්ස් රයිට් අරවුන්ඩ් ද කෝනර්,ඉතාම ළඟ කොන වටෙන් තියෙනවා.,beginner
its-at-the-end-of-the-2,s-everyday-conversations,It's at the end of the street.,ඉට්ස් ඇට් දි එන්ඩ් ඔෆ් ද ස්ට්‍රීට්,වීදියේ අන්තිමට තියෙනවා.,intermediate
its-at-the-end-of-this,s-everyday-conversations,It's at the end of this road.,ඉට්ස් ඇට් දි එන්ඩ් ඔෆ් දිස් රෝඩ්,මේ පාරේ අන්තිමට තියෙනවා.,intermediate
its-on-your-left,s-everyday-conversations,It's on your left.,ඉට්ස් ඔන් යෝර් ලෙෆ්ට්,ඒක ඔයාගේ වම් පැත්තේ.,beginner
its-on-your-right,s-everyday-conversations,It's on your right.,ඉට්ස් ඔන් යෝර් රයිට්,ඒක ඔයාගේ දකුණු පැත්තේ.,beginner
youll-see-it-on-your-left,s-everyday-conversations,You'll see it on your left.,යූල් සී ඉට් ඔන් යෝර් ලෙෆ්ට්,වම් පැත්තෙන් ඒක පෙනෙයි.,intermediate
youll-see-it-on-your-right,s-everyday-conversations,You'll see it on your right.,යූල් සී ඉට් ඔන් යෝර් රයිට්,දකුණු පැත්තෙන් ඒක පෙනෙයි.,intermediate
its-easy-to-spot,s-everyday-conversations,It's easy to spot.,ඉට්ස් ඊසි ටු ස්පොට්,ඒක ලේසියෙන් හඳුනාගන්න පුළුවන්.,beginner
look-for-the-big-sign,s-everyday-conversations,Look for the big sign.,ලුක් ෆෝ ද බිග් සයින්,ලොකු බෝඩ් එක බලන්න.,beginner
look-for-a-red-building,s-everyday-conversations,Look for a red building.,ලුක් ෆෝ අ රෙඩ් බිල්ඩින්,රතු ගොඩනැගිල්ල බලන්න.,beginner
its-next-to-the-bank,s-banking-money,It's next to the bank.,ඉට්ස් නෙක්ස්ට් ටු ද බෑන්ක්,බැංකුවට අල්ලපු පැත්තේ.,beginner
its-next-to-the-supermarket,s-shopping,It's next to the supermarket.,ඉට්ස් නෙක්ස්ට් ටු ද සුපර්මාකට්,සුපර්මාකට් එකට අල්ලපු පැත්තේ.,beginner
its-beside-the-hotel,s-hotel,It's beside the hotel.,ඉට්ස් බිසයිඩ් ද හෝටෙල්,හෝටලය ළඟම පැත්තේ.,beginner
its-beside-the-road,s-everyday-conversations,It's beside the road.,ඉට්ස් බිසයිඩ් ද රෝඩ්,පාර අයිනේ.,beginner
its-opposite-the-bank,s-banking-money,It's opposite the bank.,ඉට්ස් ඔපසිට් ද බෑන්ක්,බැංකුව ඉස්සරහ පැත්තේ.,beginner
its-opposite-the-station,s-transportation,It's opposite the station.,ඉට්ස් ඔපසිට් ද ස්ටේෂන්,ස්ටේෂන් එකට ඉස්සරහින්.,beginner
its-across-from-the-hotel,s-hotel,It's across from the hotel.,ඉට්ස් අක්‍රොස් ෆ්‍රම් ද හෝටෙල්,හෝටලයට පාරෙන් එහා පැත්තේ.,beginner
its-across-the-street-from-the,s-banking-money,It's across the street from the bank.,ඉට්ස් අක්‍රොස් ද ස්ට්‍රීට් ෆ්‍රම් ද බෑන්ක්,බැංකුවට පාරෙන් එහා පැත්තේ.,intermediate
its-behind-the-supermarket,s-shopping,It's behind the supermarket.,ඉට්ස් බිහයින්ඩ් ද සුපර්මාකට්,සුපර්මාකට් එක පිටිපස්සේ.,beginner
its-behind-the-hotel,s-hotel,It's behind the hotel.,ඉට්ස් බිහයින්ඩ් ද හෝටෙල්,හෝටලය පිටිපස්සේ.,beginner
its-in-front-of-the-station,s-transportation,It's in front of the station.,ඉට්ස් ඉන් ෆ්‍රන්ට් ඔෆ් ද ස්ටේෂන්,ස්ටේෂන් එක ඉස්සරහ.,intermediate
its-in-front-of-the-mall,s-shopping,It's in front of the mall.,ඉට්ස් ඉන් ෆ්‍රන්ට් ඔෆ් ද මෝල්,මෝල් එක ඉස්සරහ.,intermediate
its-between-the-bank-and-the,s-hotel,It's between the bank and the hotel.,ඉට්ස් බිට්වීන් ද බෑන්ක් ඇන්ඩ් ද හෝටෙල්,බැංකුවයි හෝටලයයි අතර.,intermediate
its-between-two-buildings,s-everyday-conversations,It's between two buildings.,ඉට්ස් බිට්වීන් ටූ බිල්ඩින්ස්,ගොඩනැගිලි දෙකක් අතර.,beginner
its-near-the-station,s-transportation,It's near the station.,ඉට්ස් නියර් ද ස්ටේෂන්,ස්ටේෂන් එක ළඟ.,beginner
its-close-to-the-hospital,s-doctor-health,It's close to the hospital.,ඉට්ස් ක්ලෝස් ටු ද හොස්පිටල්,රෝහලට ළඟ.,beginner
its-right-by-the-entrance,s-everyday-conversations,It's right by the entrance.,ඉට්ස් රයිට් බයි දි එන්ට්‍රන්ස්,ඇතුල්වීම ළඟම.,beginner
its-right-by-the-exit,s-everyday-conversations,It's right by the exit.,ඉට්ස් රයිට් බයි දි එක්සිට්,පිටවීම ළඟම.,beginner
its-on-the-corner,s-everyday-conversations,It's on the corner.,ඉට්ස් ඔන් ද කෝනර්,කොනේ තියෙනවා.,beginner
its-on-the-next-corner,s-everyday-conversations,It's on the next corner.,ඉට්ස් ඔන් ද නෙක්ස්ට් කෝනර්,ඊළඟ කොනේ තියෙනවා.,beginner
its-just-past-the-corner,s-everyday-conversations,It's just past the corner.,ඉට්ස් ජස්ට් පාස්ට් ද කෝනර්,කොන පහු කරපු ගමන් තියෙනවා.,beginner
its-just-before-the-junction,s-everyday-conversations,It's just before the junction.,ඉට්ස් ජස්ට් බිෆෝ ද ජංක්ෂන්,හන්දියට ටිකක් කලින්.,beginner
its-just-after-the-junction,s-everyday-conversations,It's just after the junction.,ඉට්ස් ජස්ට් ආෆ්ටර් ද ජංක්ෂන්,හන්දිය පහු කරපු ගමන්.,beginner
its-before-the-bridge,s-everyday-conversations,It's before the bridge.,ඉට්ස් බිෆෝ ද බ්‍රිජ්,පාලමට කලින්.,beginner
its-after-the-bridge,s-everyday-conversations,It's after the bridge.,ඉට්ස් ආෆ්ටර් ද බ්‍රිජ්,පාලම පහු කරලා.,beginner
its-near-the-traffic-lights,s-transportation,It's near the traffic lights.,ඉට්ස් නියර් ද ට්‍රැෆික් ලයිට්ස්,සිග්නල් එක ළඟ.,beginner
its-beside-the-roundabout,s-everyday-conversations,It's beside the roundabout.,ඉට්ස් බිසයිඩ් ද රවුන්ඩබවුට්,වටරවුම ළඟ.,beginner
its-on-the-other-side-of,s-everyday-conversations,It's on the other side of the road.,ඉට්ස් ඔන් දි අදර් සයිඩ් ඔෆ් ද රෝඩ්,පාරේ අනිත් පැත්තේ.,intermediate
its-on-this-side-of-the,s-everyday-conversations,It's on this side of the road.,ඉට්ස් ඔන් දිස් සයිඩ් ඔෆ් ද රෝඩ්,පාරේ මේ පැත්තේ.,intermediate
its-upstairs,s-everyday-conversations,It's upstairs.,ඉට්ස් අප්ස්ටෙයාර්ස්,උඩ තට්ටුවේ.,beginner
its-downstairs,s-everyday-conversations,It's downstairs.,ඉට්ස් ඩවුන්ස්ටෙයාර්ස්,පහළ තට්ටුවේ.,beginner
its-on-the-first-floor,s-everyday-conversations,It's on the first floor.,ඉට්ස් ඔන් ද ෆර්ස්ට් ෆ්ලෝර්,පළමු මහලේ.,beginner
its-on-the-top-floor,s-everyday-conversations,It's on the top floor.,ඉට්ස් ඔන් ද ටොප් ෆ්ලෝර්,උඩම මහලේ.,beginner
take-the-stairs,s-everyday-conversations,Take the stairs.,ටේක් ද ස්ටෙයාර්ස්,පඩිපෙළෙන් යන්න.,beginner
take-the-escalator,s-everyday-conversations,Take the escalator.,ටේක් දි එස්කලේටර්,එස්කලේටර් එකෙන් යන්න.,beginner
go-through-those-doors,s-everyday-conversations,Go through those doors.,ගෝ ත්රූ දෝස් ඩෝර්ස්,අර දොරවල් හරහා යන්න.,beginner
go-through-the-main-entrance,s-everyday-conversations,Go through the main entrance.,ගෝ ත්රූ ද මේන් එන්ට්‍රන්ස්,ප්‍රධාන දොරෙන් ඇතුල් වෙන්න.,beginner
use-the-side-entrance,s-everyday-conversations,Use the side entrance.,යූස් ද සයිඩ් එන්ට්‍රන්ස්,පැත්තේ දොර භාවිතා කරන්න.,beginner
the-entrance-is-around-the-back,s-everyday-conversations,The entrance is around the back.,දි එන්ට්‍රන්ස් ඉස් අරවුන්ඩ් ද බැක්,ඇතුල්වීම පිටිපස්ස පැත්තේ.,intermediate
the-exit-is-on-the-left,s-everyday-conversations,The exit is on the left.,දි එක්සිට් ඉස් ඔන් ද ලෙෆ්ට්,පිටවීම වම් පැත්තේ.,intermediate
follow-the-signs-for-the-airport,s-airport,Follow the signs for the airport.,ෆොලෝ ද සයින්ස් ෆෝ දි එයාපෝට්,එයාපෝට් බෝඩ් බලමින් යන්න.,intermediate
follow-the-signs-to-the-station,s-transportation,Follow the signs to the station.,ෆොලෝ ද සයින්ස් ටු ද ස්ටේෂන්,ස්ටේෂන් බෝඩ් අනුව යන්න.,intermediate
look-for-the-blue-sign,s-everyday-conversations,Look for the blue sign.,ලුක් ෆෝ ද බ්ලූ සයින්,නිල් බෝඩ් එක බලන්න.,beginner
follow-the-arrows,s-everyday-conversations,Follow the arrows.,ෆොලෝ දි ඇරෝස්,ඊතල අනුව යන්න.,beginner
follow-the-crowd,s-everyday-conversations,Follow the crowd.,ෆොලෝ ද ක්‍රවුඩ්,මිනිස්සු යන පැත්තෙන් යන්න.,beginner
go-toward-the-main-entrance,s-everyday-conversations,Go toward the main entrance.,ගෝ ටුවෝඩ් ද මේන් එන්ට්‍රන්ස්,ප්‍රධාන ඇතුල්වීම පැත්තට යන්න.,beginner
head-toward-the-city-center,s-everyday-conversations,Head toward the city center.,හෙඩ් ටුවෝඩ් ද සිටි සෙන්ටර්,නගර මධ්‍යය පැත්තට යන්න.,beginner
head-north,s-everyday-conversations,Head north.,හෙඩ් නෝත්,උතුරට යන්න.,beginner
head-south,s-everyday-conversations,Head south.,හෙඩ් සවුත්,දකුණට යන්න.,beginner
head-east,s-everyday-conversations,Head east.,හෙඩ් ඊස්ට්,නැගෙනහිරට යන්න.,beginner
head-west,s-everyday-conversations,Head west.,හෙඩ් වෙස්ට්,බටහිරට යන්න.,beginner
keep-heading-north,s-everyday-conversations,Keep heading north.,කීප් හෙඩින් නෝත්,දිගටම උතුරට යන්න.,beginner
go-toward-the-beach,s-everyday-conversations,Go toward the beach.,ගෝ ටුවෝඩ් ද බීච්,මුහුදු වෙරළ පැත්තට යන්න.,beginner
walk-toward-the-clock-tower,s-everyday-conversations,Walk toward the clock tower.,වෝක් ටුවෝඩ් ද ක්ලොක් ටවර්,ඔරලෝසු කණුව පැත්තට යන්න.,beginner
drive-toward-the-highway,s-everyday-conversations,Drive toward the highway.,ඩ්‍රයිව් ටුවෝඩ් ද හයිවේ,අධිවේගී මාර්ගය පැත්තට යන්න.,beginner
take-the-highway,s-everyday-conversations,Take the highway.,ටේක් ද හයිවේ,අධිවේගී මාර්ගය ගන්න.,beginner
get-onto-the-highway,s-everyday-conversations,Get onto the highway.,ගෙට් ඔන්ටු ද හයිවේ,අධිවේගී මාර්ගයට ඇතුල් වෙන්න.,beginner
stay-on-the-highway,s-everyday-conversations,Stay on the highway.,ස්ටේ ඔන් ද හයිවේ,හයිවේ එකේම යන්න.,beginner
take-the-next-exit,s-everyday-conversations,Take the next exit.,ටේක් ද නෙක්ස්ට් එක්සිට්,ඊළඟ පිටවීම ගන්න.,beginner
take-exit-five,s-everyday-conversations,Take exit five.,ටේක් එක්සිට් ෆයිව්,පස්වැනි පිටවීම ගන්න.,beginner
get-off-at-the-next-exit,s-everyday-conversations,Get off at the next exit.,ගෙට් ඔෆ් ඇට් ද නෙක්ස්ට් එක්සිට්,ඊළඟ exit එකෙන් පිටවෙන්න.,intermediate
merge-onto-the-highway,s-everyday-conversations,Merge onto the highway.,මර්ජ් ඔන්ටු ද හයිවේ,හයිවේ එකට එකතු වෙන්න.,beginner
stay-in-the-left-lane,s-everyday-conversations,Stay in the left lane.,ස්ටේ ඉන් ද ලෙෆ්ට් ලේන්,වම් මංතීරුවේ යන්න.,beginner
stay-in-the-right-lane,s-everyday-conversations,Stay in the right lane.,ස්ටේ ඉන් ද රයිට් ලේන්,දකුණු මංතීරුවේ යන්න.,beginner
move-into-the-left-lane,s-everyday-conversations,Move into the left lane.,මූව් ඉන්ටු ද ලෙෆ්ට් ලේන්,වම් මංතීරුවට යන්න.,beginner
move-into-the-right-lane,s-everyday-conversations,Move into the right lane.,මූව් ඉන්ටු ද රයිට් ලේන්,දකුණු මංතීරුවට යන්න.,beginner
stay-in-the-middle-lane,s-everyday-conversations,Stay in the middle lane.,ස්ටේ ඉන් ද මිඩ්ල් ලේන්,මැද මංතීරුවේ යන්න.,beginner
take-the-slip-road,s-everyday-conversations,Take the slip road.,ටේක් ද ස්ලිප් රෝඩ්,අතුරු පිවිසුම් පාර ගන්න.,beginner
follow-the-road-as-it-curves,s-everyday-conversations,Follow the road as it curves left.,ෆොලෝ ද රෝඩ් ඇස් ඉට් කර්ව්ස් ලෙෆ්ට්,පාර වමට වංගුවෙන විදිහටම යන්න.,intermediate
follow-the-road-as-it-curves-2,s-everyday-conversations,Follow the road as it curves right.,ෆොලෝ ද රෝඩ් ඇස් ඉට් කර්ව්ස් රයිට්,පාර දකුණට වංගුවෙන විදිහටම යන්න.,intermediate
take-the-winding-road-uphill,s-everyday-conversations,Take the winding road uphill.,ටේක් ද වයින්ඩින් රෝඩ් අප්හිල්,වංගු පාරෙන් කන්ද උඩට යන්න.,beginner
follow-the-road-downhill,s-everyday-conversations,Follow the road downhill.,ෆොලෝ ද රෝඩ් ඩවුන්හිල්,පාර දිගේ කන්ද පහළට යන්න.,beginner
dont-turn-off-this-road,s-everyday-conversations,Don't turn off this road.,ඩෝන්ට් ටර්න් ඔෆ් දිස් රෝඩ්,මේ පාරෙන් වෙන පැත්තකට හැරෙන්න එපා.,beginner
dont-take-the-first-turn,s-everyday-conversations,Don't take the first turn.,ඩෝන්ට් ටේක් ද ෆර්ස්ට් ටර්න්,පළමු හැරීම ගන්න එපා.,beginner
skip-the-first-left,s-everyday-conversations,Skip the first left.,ස්කිප් ද ෆර්ස්ට් ලෙෆ්ට්,පළමු වම් පාර අතහරින්න.,beginner
skip-the-first-right,s-everyday-conversations,Skip the first right.,ස්කිප් ද ෆර්ස්ට් රයිට්,පළමු දකුණු පාර අතහරින්න.,beginner
take-the-left-after-that,s-everyday-conversations,Take the left after that.,ටේක් ද ලෙෆ්ට් ආෆ්ටර් දැට්,ඊට පස්සේ තියෙන වම් පාර ගන්න.,beginner
take-the-right-after-that,s-everyday-conversations,Take the right after that.,ටේක් ද රයිට් ආෆ්ටර් දැට්,ඊට පස්සේ තියෙන දකුණු පාර ගන්න.,beginner
keep-going-past-the-school,s-school-education,Keep going past the school.,කීප් ගෝඉන් පාස්ට් ද ස්කූල්,පාසල පහු කරගෙන දිගටම යන්න.,beginner
go-past-the-bank,s-banking-money,Go past the bank.,ගෝ පාස්ට් ද බෑන්ක්,බැංකුව පහු කරලා යන්න.,beginner
go-past-the-hospital,s-doctor-health,Go past the hospital.,ගෝ පාස්ට් ද හොස්පිටල්,රෝහල පහු කරලා යන්න.,beginner
go-past-the-church,s-everyday-conversations,Go past the church.,ගෝ පාස්ට් ද චර්ච්,පල්ලිය පහු කරලා යන්න.,beginner
go-past-the-temple,s-everyday-conversations,Go past the temple.,ගෝ පාස්ට් ද ටෙම්පල්,පන්සල පහු කරලා යන්න.,beginner
go-past-the-park,s-everyday-conversations,Go past the park.,ගෝ පාස්ට් ද පාක්,උද්‍යානය පහු කරලා යන්න.,beginner
go-past-the-gas-station,s-transportation,Go past the gas station.,ගෝ පාස්ට් ද ගෑස් ස්ටේෂන්,ඉන්ධන පිරවුම්හල පහු කරලා යන්න.,beginner
turn-just-after-the-bank,s-banking-money,Turn just after the bank.,ටර්න් ජස්ට් ආෆ්ටර් ද බෑන්ක්,බැංකුව පහු කරපු ගමන් හැරෙන්න.,beginner
turn-just-before-the-supermarket,s-shopping,Turn just before the supermarket.,ටර්න් ජස්ට් බිෆෝ ද සුපර්මාකට්,සුපර්මාකට් එකට කලින් හැරෙන්න.,beginner
take-the-street-beside-the-bank,s-banking-money,Take the street beside the bank.,ටේක් ද ස්ට්‍රීට් බිසයිඩ් ද බෑන්ක්,බැංකුව අසල පාර ගන්න.,intermediate
take-the-road-behind-the-station,s-transportation,Take the road behind the station.,ටේක් ද රෝඩ් බිහයින්ඩ් ද ස්ටේෂන්,ස්ටේෂන් එක පිටිපස්සේ පාර ගන්න.,intermediate
youve-gone-the-wrong-way,s-problems-complaints,You've gone the wrong way.,යූව් ගෝන් ද රොන් වේ,ඔයා වැරදි පැත්තට ගිහින්.,beginner
youre-heading-the-wrong-way,s-problems-complaints,You're heading the wrong way.,යූර් හෙඩින් ද රොන් වේ,ඔයා යන්නේ වැරදි පැත්තට.,beginner
you-need-to-turn-around,s-everyday-conversations,You need to turn around.,යූ නීඩ් ටු ටර්න් අරවුන්ඩ්,ඔයා ආපහු හැරෙන්න ඕනේ.,beginner
you-went-too-far,s-everyday-conversations,You went too far.,යූ වෙන්ට් ටූ ෆාර්,ඔයා වැඩියෙන් දුර ගිහින්.,beginner
you-passed-it,s-everyday-conversations,You passed it.,යූ පාස්ට් ඉට්,ඔයා ඒ තැන පහු කරලා.,beginner
you-missed-the-turn,s-everyday-conversations,You missed the turn.,යූ මිස්ට් ද ටර්න්,ඔයාට හැරීම මඟහැරුණා.,beginner
you-missed-the-exit,s-everyday-conversations,You missed the exit.,යූ මිස්ට් දි එක්සිට්,exit එක මඟහැරුණා.,beginner
go-back-to-the-last-junction,s-everyday-conversations,Go back to the last junction.,ගෝ බැක් ටු ද ලාස්ට් ජංක්ෂන්,අන්තිම හන්දියට ආපහු යන්න.,intermediate
go-back-to-the-traffic-lights,s-transportation,Go back to the traffic lights.,ගෝ බැක් ටු ද ට්‍රැෆික් ලයිට්ස්,සිග්නල් එකට ආපහු යන්න.,intermediate
turn-around-when-you-can,s-everyday-conversations,Turn around when you can.,ටර්න් අරවුන්ඩ් වෙන් යූ කැන්,පුළුවන් තැනකින් ආපහු හැරෙන්න.,beginner
youre-on-the-right-road-now,s-everyday-conversations,You're on the right road now.,යූර් ඔන් ද රයිට් රෝඩ් නව්,දැන් ඔයා හරි පාරේ.,intermediate
yes-youre-going-the-right-way,s-everyday-conversations,"Yes, you're going the right way.","යෙස්, යූර් ගෝඉන් ද රයිට් වේ","ඔව්, ඔයා හරි පාරේ යන්නේ.",intermediate
just-keep-going,s-everyday-conversations,Just keep going.,ජස්ට් කීප් ගෝඉන්,දිගටම යන්න.,beginner
youre-nearly-there,s-everyday-conversations,You're nearly there.,යූර් නියර්ලි දෙයා,දැන් ළඟයි.,beginner
youre-about-five-minutes-away,s-meetings,You're about five minutes away.,යූර් අබවුට් ෆයිව් මිනිට්ස් අවේ,තව විනාඩි පහක් විතර.,beginner
itll-be-on-your-left,s-everyday-conversations,It'll be on your left.,ඉට්ල් බී ඔන් යෝර් ලෙෆ්ට්,ඒක වම් පැත්තේ තියේවි.,beginner
itll-be-on-your-right,s-everyday-conversations,It'll be on your right.,ඉට්ල් බී ඔන් යෝර් රයිට්,ඒක දකුණු පැත්තේ තියේවි.,beginner
youll-pass-a-school-on-the,s-school-education,You'll pass a school on the way.,යූල් පාස් අ ස්කූල් ඔන් ද වේ,යන අතරේ පාසලක් පහු වෙනවා.,intermediate
youll-pass-a-big-supermarket,s-shopping,You'll pass a big supermarket.,යූල් පාස් අ බිග් සුපර්මාකට්,ලොකු සුපර්මාකට් එකක් පහු වෙනවා.,beginner
youll-see-a-bridge-ahead,s-everyday-conversations,You'll see a bridge ahead.,යූල් සී අ බ්‍රිජ් අහෙඩ්,ඉස්සරහින් පාලමක් පෙනෙයි.,beginner
when-you-see-the-bridge-turn,s-giving-directions,"When you see the bridge, turn left.","වෙන් යූ සී ද බ්‍රිජ්, ටර්න් ලෙෆ්ට්",පාලම දැක්කම වමට හැරෙන්න.,intermediate
when-you-reach-the-bank-turn,s-giving-directions,"When you reach the bank, turn right.","වෙන් යූ රීච් ද බෑන්ක්, ටර්න් රයිට්",බැංකුවට ළඟා වුණාම දකුණට හැරෙන්න.,intermediate
when-you-get-to-the-lights,s-everyday-conversations,"When you get to the lights, go straight.","වෙන් යූ ගෙට් ටු ද ලයිට්ස්, ගෝ ස්ට්‍රේට්",සිග්නල් එකට ගියාම කෙළින් යන්න.,intermediate
when-you-reach-the-corner-turn,s-giving-directions,"When you reach the corner, turn left.","වෙන් යූ රීච් ද කෝනර්, ටර්න් ලෙෆ්ට්",කොනට ගියාම වමට හැරෙන්න.,intermediate
after-the-bridge-take-a-right,s-everyday-conversations,"After the bridge, take a right.","ආෆ්ටර් ද බ්‍රිජ්, ටේක් අ රයිට්",පාලම පහු කරලා දකුණට හැරෙන්න.,intermediate
before-the-bridge-turn-left,s-giving-directions,"Before the bridge, turn left.","බිෆෝ ද බ්‍රිජ්, ටර්න් ලෙෆ්ට්",පාලමට කලින් වමට හැරෙන්න.,beginner
after-the-roundabout-keep-straight,s-everyday-conversations,"After the roundabout, keep straight.","ආෆ්ටර් ද රවුන්ඩබවුට්, කීප් ස්ට්‍රේට්",වටරවුම පහු කරලා කෙළින් යන්න.,beginner
at-the-fork-keep-left,s-everyday-conversations,"At the fork, keep left.","ඇට් ද ෆෝක්, කීප් ලෙෆ්ට්",පාර දෙකට බෙදෙන තැනින් වම් පැත්ත ගන්න.,beginner
at-the-fork-keep-right,s-everyday-conversations,"At the fork, keep right.","ඇට් ද ෆෝක්, කීප් රයිට්",පාර දෙකට බෙදෙන තැනින් දකුණු පැත්ත ගන්න.,beginner
take-the-left-fork,s-everyday-conversations,Take the left fork.,ටේක් ද ලෙෆ්ට් ෆෝක්,දෙකට බෙදෙන පාරේ වම් පැත්ත ගන්න.,beginner
take-the-right-fork,s-everyday-conversations,Take the right fork.,ටේක් ද රයිට් ෆෝක්,දෙකට බෙදෙන පාරේ දකුණු පැත්ත ගන්න.,beginner
stay-on-this-path,s-everyday-conversations,Stay on this path.,ස්ටේ ඔන් දිස් පාත්,මේ මාර්ගයේම යන්න.,beginner
follow-the-path-through-the-park,s-everyday-conversations,Follow the path through the park.,ෆොලෝ ද පාත් ත්රූ ද පාක්,උද්‍යානය ඇතුළෙන් යන මාර්ගය දිගේ යන්න.,intermediate
take-the-path-on-the-left,s-everyday-conversations,Take the path on the left.,ටේක් ද පාත් ඔන් ද ලෙෆ්ට්,වම් පැත්තේ අඩිපාර ගන්න.,intermediate
take-the-path-on-the-right,s-everyday-conversations,Take the path on the right.,ටේක් ද පාත් ඔන් ද රයිට්,දකුණු පැත්තේ අඩිපාර ගන්න.,intermediate
walk-along-the-river,s-everyday-conversations,Walk along the river.,වෝක් අලොන් ද රිවර්,ගඟ අයින දිගේ යන්න.,beginner
walk-along-the-beach,s-everyday-conversations,Walk along the beach.,වෝක් අලොන් ද බීච්,වෙරළ දිගේ යන්න.,beginner
follow-the-coastline,s-everyday-conversations,Follow the coastline.,ෆොලෝ ද කෝස්ට්ලයින්,මුහුදු වෙරළ දිගේ යන්න.,beginner
go-through-the-park,s-everyday-conversations,Go through the park.,ගෝ ත්රූ ද පාක්,උද්‍යානය හරහා යන්න.,beginner
cut-through-the-park,s-everyday-conversations,Cut through the park.,කට් ත්රූ ද පාක්,shortcut එකක් විදිහට උද්‍යානය හරහා යන්න.,beginner
go-through-the-alley,s-everyday-conversations,Go through the alley.,ගෝ ත්රූ දි ඇලි,කුඩා අතුරු පාරෙන් යන්න.,beginner
take-the-narrow-street,s-everyday-conversations,Take the narrow street.,ටේක් ද නෑරෝ ස්ට්‍රීට්,පටු වීදිය ගන්න.,beginner
take-the-side-street,s-everyday-conversations,Take the side street.,ටේක් ද සයිඩ් ස්ට්‍රීට්,අතුරු වීදිය ගන්න.,beginner
take-the-road-next-to-the,s-school-education,Take the road next to the school.,ටේක් ද රෝඩ් නෙක්ස්ට් ටු ද ස්කූල්,පාසල ළඟ පාර ගන්න.,intermediate
follow-the-road-behind-the-mall,s-shopping,Follow the road behind the mall.,ෆොලෝ ද රෝඩ් බිහයින්ඩ් ද මෝල්,මෝල් එක පිටිපස්සේ පාර දිගේ යන්න.,intermediate
go-around-the-building,s-everyday-conversations,Go around the building.,ගෝ අරවුන්ඩ් ද බිල්ඩින්,ගොඩනැගිල්ල වටෙන් යන්න.,beginner
walk-around-to-the-back,s-everyday-conversations,Walk around to the back.,වෝක් අරවුන්ඩ් ටු ද බැක්,වටෙන් පිටිපස්සට යන්න.,beginner
go-around-to-the-other-side,s-everyday-conversations,Go around to the other side.,ගෝ අරවුන්ඩ් ටු දි අදර් සයිඩ්,වටෙන් අනිත් පැත්තට යන්න.,intermediate
the-road-bends-to-the-left,s-everyday-conversations,The road bends to the left.,ද රෝඩ් බෙන්ඩ්ස් ටු ද ලෙෆ්ට්,පාර වමට වංගු වෙනවා.,intermediate
the-road-bends-to-the-right,s-everyday-conversations,The road bends to the right.,ද රෝඩ් බෙන්ඩ්ස් ටු ද රයිට්,පාර දකුණට වංගු වෙනවා.,intermediate
excuse-me-could-you-help-me,s-apologizing,"Excuse me, could you help me?","එක්ස්කියුස් මී, කුඩ් යූ හෙල්ප් මී?","සමාවෙන්න, මට උදව් කරන්න පුළුවන්ද?",intermediate
excuse-me-im-looking-for-this,s-apologizing,"Excuse me, I'm looking for this address.","එක්ස්කියුස් මී, අයිම් ලුකින් ෆෝ දිස් ඇඩ්‍රස්","සමාවෙන්න, මම මේ ලිපිනය හොයනවා.",intermediate
sorry-to-bother-you-wheres-the,s-transportation,"Sorry to bother you, where's the station?","සොරි ටු බොදර් යූ, වෙයාස් ද ස්ටේෂන්?","කරදර කළාට සමාවෙන්න, ස්ටේෂන් එක කොහෙද?",intermediate
could-you-help-me-with-directions,s-giving-directions,Could you help me with directions?,කුඩ් යූ හෙල්ප් මී විත් ඩිරෙක්ශන්ස්?,පාර හොයාගන්න මට උදව් කරන්න පුළුවන්ද?,intermediate
im-trying-to-get-to-the,s-airport,I'm trying to get to the airport.,අයිම් ට්‍රයිඉන් ටු ගෙට් ටු දි එයාපෝට්,මම එයාපෝට් එකට යන්න හදන්නේ.,intermediate
im-trying-to-find-the-bus,s-transportation,I'm trying to find the bus station.,අයිම් ට්‍රයිඉන් ටු ෆයින්ඩ් ද බස් ස්ටේෂන්,මම බස් ස්ටේෂන් එක හොයනවා.,intermediate
could-you-tell-me-where-i,s-making-requests,Could you tell me where I am?,කුඩ් යූ ටෙල් මී වෙයා අයි ඇම්?,මම ඉන්නේ කොහෙද කියලා කියන්න පුළුවන්ද?,intermediate
am-i-anywhere-near-the-airport,s-airport,Am I anywhere near the airport?,ඇම් අයි එනිවෙයා නියර් දි එයාපෝට්?,මම එයාපෝට් එකට කොහොමහරි ළඟද?,intermediate
am-i-far-from-the-main,s-everyday-conversations,Am I far from the main road?,ඇම් අයි ෆාර් ෆ්‍රම් ද මේන් රෝඩ්?,මම ප්‍රධාන පාරෙන් ගොඩක් දුරද?,intermediate
is-the-hotel-around-here-somewhere,s-hotel,Is the hotel around here somewhere?,ඉස් ද හෝටෙල් අරවුන්ඩ් හියර් සම්වෙයා?,හෝටලය මේ අවටද?,intermediate
is-there-a-bank-around-here,s-banking-money,Is there a bank around here?,ඉස් දෙයා අ බෑන්ක් අරවුන්ඩ් හියර්?,මේ ළඟ බැංකුවක් තියෙනවද?,intermediate
is-there-a-restroom-nearby,s-giving-directions,Is there a restroom nearby?,ඉස් දෙයා අ රෙස්ට්රූම් නියර්බයි?,ළඟ වැසිකිළියක් තියෙනවද?,beginner
is-there-a-taxi-stand-close,s-transportation,Is there a taxi stand close by?,ඉස් දෙයා අ ටැක්සි ස්ටෑන්ඩ් ක්ලෝස් බයි?,ළඟ ටැක්සි නැවතුමක් තියෙනවද?,intermediate
whats-the-nearest-landmark,s-asking-questions,What's the nearest landmark?,වොට්ස් ද නියරස්ට් ලෑන්ඩ්මාර්ක්?,ළඟම හඳුනාගන්න පුළුවන් තැන මොකක්ද?,beginner
is-there-a-landmark-i-should,s-asking-questions,Is there a landmark I should look for?,ඉස් දෙයා අ ලෑන්ඩ්මාර්ක් අයි ෂුඩ් ලුක් ෆෝ?,බලන්න ඕන හඳුනාගන්න ලේසි තැනක් තියෙනවද?,intermediate
what-should-i-look-out-for,s-asking-questions,What should I look out for?,වොට් ෂුඩ් අයි ලුක් අවුට් ෆෝ?,මම මොන සලකුණක් බලන්නද?,intermediate
what-will-i-see-along-the,s-asking-questions,What will I see along the way?,වොට් විල් අයි සී අලොන් ද වේ?,යන පාරේ මට මොනවද පෙනෙන්නේ?,intermediate
is-it-near-any-famous-landmark,s-asking-questions,Is it near any famous landmark?,ඉස් ඉට් නියර් එනි ෆේමස් ලෑන්ඩ්මාර්ක්?,ප්‍රසිද්ධ තැනක් ළඟද ඒක?,intermediate
is-it-near-the-railway-station,s-transportation,Is it near the railway station?,ඉස් ඉට් නියර් ද රේල්වේ ස්ටේෂන්?,දුම්රිය ස්ථානයට ළඟද?,intermediate
is-it-opposite-the-hospital,s-doctor-health,Is it opposite the hospital?,ඉස් ඉට් ඔපසිට් ද හොස්පිටල්?,රෝහල ඉස්සරහද?,beginner
is-it-behind-the-mall,s-shopping,Is it behind the mall?,ඉස් ඉට් බිහයින්ඩ් ද මෝල්?,මෝල් එක පිටිපස්සෙද?,beginner
is-it-next-to-the-bank,s-banking-money,Is it next to the bank?,ඉස් ඉට් නෙක්ස්ට් ටු ද බෑන්ක්?,බැංකුව අසලද?,intermediate
is-it-before-or-after-the,s-asking-questions,Is it before or after the bridge?,ඉස් ඉට් බිෆෝ ඕර් ආෆ්ටර් ද බ්‍රිජ්?,පාලමට කලින්ද පස්සෙද?,intermediate
is-it-on-the-left-or,s-asking-questions,Is it on the left or right?,ඉස් ඉට් ඔන් ද ලෙෆ්ට් ඕර් රයිට්?,වම් පැත්තෙද දකුණු පැත්තෙද?,intermediate
which-side-of-the-road-is,s-everyday-conversations,Which side of the road is it on?,විච් සයිඩ් ඔෆ් ද රෝඩ් ඉස් ඉට් ඔන්?,ඒක පාරේ මොන පැත්තේද?,intermediate
do-i-turn-before-the-traffic,s-transportation,Do I turn before the traffic lights?,ඩු අයි ටර්න් බිෆෝ ද ට්‍රැෆික් ලයිට්ස්?,සිග්නල් එකට කලින්ද හැරෙන්නේ?,intermediate
do-i-turn-after-the-bridge,s-asking-questions,Do I turn after the bridge?,ඩු අයි ටර්න් ආෆ්ටර් ද බ්‍රිජ්?,පාලම පහු කරලද හැරෙන්නේ?,intermediate
do-i-go-through-the-roundabout,s-asking-questions,Do I go through the roundabout?,ඩු අයි ගෝ ත්රූ ද රවුන්ඩබවුට්?,වටරවුම හරහා කෙළින් යන්නද?,intermediate
which-exit-do-i-take,s-everyday-conversations,Which exit do I take?,විච් එක්සිට් ඩු අයි ටේක්?,මම මොන exit එකද ගන්න ඕනේ?,beginner
which-lane-should-i-be-in,s-everyday-conversations,Which lane should I be in?,විච් ලේන් ෂුඩ් අයි බී ඉන්?,මම මොන මංතීරුවේද ඉන්න ඕනේ?,intermediate
could-you-repeat-the-directions,s-giving-directions,Could you repeat the directions?,කුඩ් යූ රිපීට් ද ඩිරෙක්ශන්ස්?,පාර ආයෙත් කියන්න පුළුවන්ද?,beginner
could-you-speak-a-little-slower,s-making-requests,Could you speak a little slower?,කුඩ් යූ ස්පීක් අ ලිට්ල් ස්ලෝවර්?,ටිකක් හෙමින් කියන්න පුළුවන්ද?,intermediate
sorry-which-way-did-you-say,s-giving-directions,"Sorry, which way did you say?","සොරි, විච් වේ ඩිඩ් යූ සේ?","සමාවෙන්න, මොන පැත්තෙන්ද කිව්වේ?",intermediate
did-you-say-left-or-right,s-asking-questions,Did you say left or right?,ඩිඩ් යූ සේ ලෙෆ්ට් ඕර් රයිට්?,වමටද දකුණටද කිව්වේ?,intermediate
did-you-say-the-first-left,s-asking-questions,Did you say the first left?,ඩිඩ් යූ සේ ද ෆර්ස්ට් ලෙෆ්ට්?,පළමු වම් පාරද කිව්වේ?,intermediate
did-you-say-after-the-bridge,s-asking-questions,Did you say after the bridge?,ඩිඩ් යූ සේ ආෆ්ටර් ද බ්‍රිජ්?,පාලම පස්සේද කිව්වේ?,intermediate
so-i-just-keep-going-straight,s-everyday-conversations,So I just keep going straight?,සෝ අයි ජස්ට් කීප් ගෝඉන් ස්ට්‍රේට්?,එහෙනම් මම දිගටම කෙළින් යන්නද?,intermediate
so-i-turn-left-at-the,s-giving-directions,So I turn left at the lights?,සෝ අයි ටර්න් ලෙෆ්ට් ඇට් ද ලයිට්ස්?,එහෙනම් සිග්නල් එකෙන් වමටද?,intermediate
so-its-on-my-right,s-everyday-conversations,So it's on my right?,සෝ ඉට්ස් ඔන් මයි රයිට්?,එහෙනම් ඒක මගේ දකුණු පැත්තේද?,beginner
let-me-make-sure-i-got,s-everyday-conversations,Let me make sure I got that right.,ලෙට් මී මේක් ෂුවර් අයි ගොට් දැට් රයිට්,මට හරියට තේරුණාද බලමු.,intermediate
straight-ahead-then-left-right,s-giving-directions,"Straight ahead, then left, right?","ස්ට්‍රේට් අහෙඩ්, දෙන් ලෙෆ්ට්, රයිට්?",කෙළින් ගිහින් පස්සේ වමට නේද?,beginner
i-turn-right-after-the-bank,s-giving-directions,"I turn right after the bank, correct?","අයි ටර්න් රයිට් ආෆ්ටර් ද බෑන්ක්, කරෙක්ට්?",බැංකුව පහු කරලා දකුණට නේද?,intermediate
how-many-blocks-is-it,s-asking-questions,How many blocks is it?,හව් මෙනි බ්ලොක්ස් ඉස් ඉට්?,බ්ලොක් කීයක් දුරද?,beginner
how-many-turns-are-there,s-asking-questions,How many turns are there?,හව් මෙනි ටර්න්ස් ආර් දෙයා?,හැරීම් කීයක් තියෙනවද?,beginner
is-the-route-easy-to-follow,s-transportation,Is the route easy to follow?,ඉස් ද රූට් ඊසි ටු ෆොලෝ?,පාර ලේසියෙන් හොයාගෙන යන්න පුළුවන්ද?,intermediate
will-i-need-to-ask-again,s-asking-questions,Will I need to ask again along the way?,විල් අයි නීඩ් ටු ආස්ක් අගේන් අලොන් ද වේ?,යන අතරේ ආයෙත් පාර අහන්න වෙයිද?,intermediate
is-the-road-clearly-marked,s-asking-questions,Is the road clearly marked?,ඉස් ද රෝඩ් ක්ලියර්ලි මාර්ක්ට්?,පාර බෝඩ්වලින් පැහැදිලිව දාලා තියෙනවද?,beginner
are-there-signs-along-the-way,s-asking-questions,Are there signs along the way?,ආර් දෙයා සයින්ස් අලොන් ද වේ?,යන පාරේ බෝඩ් තියෙනවද?,intermediate
thanks-i-think-ive-got-it,s-thanking,"Thanks, I think I've got it.","තෑන්ක්ස්, අයි තින්ක් අයිව් ගොට් ඉට්","ස්තුතියි, දැන් මට තේරුණා වගේ.",intermediate
please-stop-here,s-transportation,Please stop here.,ප්ලීස් ස්ටොප් හියර්,කරුණාකර මෙතන නවත්වන්න.,beginner
you-can-stop-at-the-corner,s-transportation,You can stop at the corner.,යූ කැන් ස්ටොප් ඇට් ද කෝනර්,කොන ළඟ නවත්වන්න.,intermediate
please-take-me-to-this-address,s-making-requests,Please take me to this address.,ප්ලීස් ටේක් මී ටු දිස් ඇඩ්‍රස්,මාව මේ ලිපිනයට ගෙනියන්න.,intermediate
can-you-take-me-to-the,s-airport,Can you take me to the airport?,කැන් යූ ටේක් මී ටු දි එයාපෝට්?,මාව එයාපෝට් එකට ගෙනියන්න පුළුවන්ද?,intermediate
please-take-the-quickest-route,s-transportation,Please take the quickest route.,ප්ලීස් ටේක් ද ක්වික්කස්ට් රූට්,ඉක්මන්ම පාරෙන් යන්න.,beginner
please-take-the-shortest-route,s-transportation,Please take the shortest route.,ප්ලීස් ටේක් ද ෂෝටස්ට් රූට්,කෙටිම පාරෙන් යන්න.,beginner
can-we-avoid-the-traffic,s-transportation,Can we avoid the traffic?,කැන් වී අවොයිඩ් ද ට්‍රැෆික්?,ට්‍රැෆික් එක මඟහරින්න පුළුවන්ද?,beginner
is-there-another-route-with-less,s-transportation,Is there another route with less traffic?,ඉස් දෙයා අනදර් රූට් විත් ලෙස් ට්‍රැෆික්?,ට්‍රැෆික් අඩු වෙන පාරක් තියෙනවද?,intermediate
take-whichever-route-is-faster,s-transportation,Take whichever route is faster.,ටේක් විචෙවර් රූට් ඉස් ෆාස්ටර්,ඉක්මන් පාරෙන් යන්න.,beginner
go-straight-at-the-next-light,s-everyday-conversations,Go straight at the next light.,ගෝ ස්ට්‍රේට් ඇට් ද නෙක්ස්ට් ලයිට්,ඊළඟ සිග්නල් එකෙන් කෙළින් යන්න.,intermediate
turn-left-after-this-light,s-giving-directions,Turn left after this light.,ටර්න් ලෙෆ්ට් ආෆ්ටර් දිස් ලයිට්,මේ සිග්නල් එක පහු කරලා වමට හැරෙන්න.,beginner
take-the-next-road-on-the,s-everyday-conversations,Take the next road on the right.,ටේක් ද නෙක්ස්ට් රෝඩ් ඔන් ද රයිට්,ඊළඟ දකුණු පාර ගන්න.,intermediate
keep-going-until-i-tell-you,s-transportation,Keep going until I tell you to stop.,කීප් ගෝඉන් අන්ටිල් අයි ටෙල් යූ ටු ස්ටොප්,මම නවත්වන්න කියනකම් යන්න.,intermediate
its-the-building-on-the-left,s-everyday-conversations,It's the building on the left.,ඉට්ස් ද බිල්ඩින් ඔන් ද ලෙෆ්ට්,වම් පැත්තේ ගොඩනැගිල්ල තමයි.,intermediate
thats-the-place-on-the-right,s-everyday-conversations,That's the place on the right.,දැට්ස් ද ප්ලේස් ඔන් ද රයිට්,දකුණු පැත්තේ අර තැන තමයි.,intermediate
its-just-after-that-shop,s-shopping,It's just after that shop.,ඉට්ස් ජස්ට් ආෆ්ටර් දැට් ෂොප්,අර කඩේ පහු කරපු ගමන්.,beginner
its-just-before-the-hotel,s-hotel,It's just before the hotel.,ඉට්ස් ජස්ට් බිෆෝ ද හෝටෙල්,හෝටලයට ටිකක් කලින්.,beginner
please-pull-over-here,s-making-requests,Please pull over here.,ප්ලීස් පුල් ඕවර් හියර්,කරුණාකර මෙතන පැත්තකට කරලා නවත්වන්න.,beginner
you-can-let-me-out-here,s-everyday-conversations,You can let me out here.,යූ කැන් ලෙට් මී අවුට් හියර්,මාව මෙතනින් බස්සන්න.,intermediate
this-is-fine-thanks,s-thanking,"This is fine, thanks.","දිස් ඉස් ෆයින්, තෑන්ක්ස්","මෙතන හොඳයි, ස්තුතියි.",beginner
this-is-my-stop,s-transportation,This is my stop.,දිස් ඉස් මයි ස්ටොප්,මේ මම බහින තැන.,beginner
is-this-my-stop,s-transportation,Is this my stop?,ඉස් දිස් මයි ස්ටොප්?,මේ මම බහින්න ඕන තැනද?,beginner
is-the-next-stop-mine,s-transportation,Is the next stop mine?,ඉස් ද නෙක්ස්ට් ස්ටොප් මයින්?,ඊළඟ නැවතුමෙන්ද මම බහින්න ඕනේ?,beginner
could-you-let-me-know-when,s-making-requests,Could you let me know when to get off?,කුඩ් යූ ලෙට් මී නෝ වෙන් ටු ගෙට් ඔෆ්?,බහින්න ඕන වෙලාවට මට කියන්න පුළුවන්ද?,intermediate
how-many-stops-until-the-station,s-transportation,How many stops until the station?,හව් මෙනි ස්ටොප්ස් අන්ටිල් ද ස්ටේෂන්?,ස්ටේෂන් එකට තව නැවතුම් කීයක්ද?,intermediate
is-it-the-next-stop,s-transportation,Is it the next stop?,ඉස් ඉට් ද නෙක්ස්ට් ස්ටොප්?,ඊළඟ නැවතුමද?,beginner
do-i-get-off-here,s-asking-questions,Do I get off here?,ඩු අයි ගෙට් ඔෆ් හියර්?,මම මෙතනින් බහින්නද?,beginner
do-i-need-to-transfer,s-asking-questions,Do I need to transfer?,ඩු අයි නීඩ් ටු ට්‍රාන්ස්ෆර්?,මට වෙන බස්/දුම්රියකට මාරු වෙන්න ඕනෙද?,beginner
where-do-i-transfer,s-asking-questions,Where do I transfer?,වෙයා ඩු අයි ට්‍රාන්ස්ෆර්?,මම කොහෙන්ද මාරු වෙන්නේ?,beginner
which-line-should-i-take,s-everyday-conversations,Which line should I take?,විච් ලයින් ෂුඩ් අයි ටේක්?,මම මොන line එකද ගන්න ඕනේ?,beginner
which-line-goes-downtown,s-everyday-conversations,Which line goes downtown?,විච් ලයින් ගෝස් ඩවුන්ටවුන්?,නගර මධ්‍යයට යන්නේ මොන line එකද?,beginner
is-this-train-going-northbound,s-transportation,Is this train going northbound?,ඉස් දිස් ට්‍රේන් ගෝඉන් නෝත්බවුන්ඩ්?,මේ දුම්රිය උතුරු පැත්තටද යන්නේ?,beginner
is-this-bus-going-southbound,s-transportation,Is this bus going southbound?,ඉස් දිස් බස් ගෝඉන් සවුත්බවුන්ඩ්?,මේ බස් එක දකුණු පැත්තටද යන්නේ?,beginner
which-direction-is-the-train-going,s-transportation,Which direction is the train going?,විච් ඩිරෙක්ශන් ඉස් ද ට්‍රේන් ගෝඉන්?,දුම්රිය යන්නේ මොන පැත්තටද?,intermediate
does-this-route-go-through-downtown,s-transportation,Does this route go through downtown?,ඩස් දිස් රූට් ගෝ ත්රූ ඩවුන්ටවුන්?,මේ මාර්ගය නගර මධ්‍යය හරහා යනවද?,intermediate
does-this-bus-stop-near-the,s-transportation,Does this bus stop near the hospital?,ඩස් දිස් බස් ස්ටොප් නියර් ද හොස්පිටල්?,මේ බස් එක රෝහල ළඟ නවත්වනවද?,intermediate
whats-the-closest-stop-to-the,s-hotel,What's the closest stop to the hotel?,වොට්ස් ද ක්ලෝසස්ට් ස්ටොප් ටු ද හෝටෙල්?,හෝටලයට ළඟම නැවතුම මොකක්ද?,intermediate
where-do-i-catch-the-return,s-transportation,Where do I catch the return bus?,වෙයා ඩු අයි කැච් ද රිටර්න් බස්?,ආපහු යන බස් එක ගන්නේ කොහෙන්ද?,intermediate
wheres-the-bus-back-to-town,s-transportation,Where's the bus back to town?,වෙයාස් ද බස් බැක් ටු ටවුන්?,නගරයට ආපහු යන බස් එක කොහෙද?,intermediate
which-train-goes-back-to-the,s-transportation,Which train goes back to the city?,විච් ට්‍රේන් ගෝස් බැක් ටු ද සිටි?,නගරයට ආපහු යන දුම්රිය මොකක්ද?,intermediate
where-is-the-departure-area,s-giving-directions,Where is the departure area?,වෙයා ඉස් ද ඩිපාචර් ඒරියා?,පිටත්වීමේ ප්‍රදේශය කොහෙද?,beginner
where-is-the-arrival-area,s-giving-directions,Where is the arrival area?,වෙයා ඉස් දි අරයිවල් ඒරියා?,පැමිණීමේ ප්‍රදේශය කොහෙද?,beginner
which-way-to-departures,s-giving-directions,Which way to departures?,විච් වේ ටු ඩිපාචර්ස්?,departures පැත්ත කොහෙද?,beginner
which-way-to-arrivals,s-giving-directions,Which way to arrivals?,විච් වේ ටු අරයිවල්ස්?,arrivals පැත්ත කොහෙද?,beginner
which-way-to-baggage-claim,s-airport,Which way to baggage claim?,විච් වේ ටු බැගේජ් ක්ලේම්?,බෑග් ගන්න තැනට යන්නේ කොහෙන්ද?,beginner
where-is-gate-twelve,s-airport,Where is gate twelve?,වෙයා ඉස් ගේට් ට්වෙල්ව්?,gate 12 කොහෙද?,beginner
how-do-i-get-to-terminal,s-airport,How do I get to terminal two?,හව් ඩු අයි ගෙට් ටු ටර්මිනල් ටූ?,terminal 2 එකට යන්නේ කොහොමද?,intermediate
you-need-to-go-back,s-everyday-conversations,You need to go back.,යූ නීඩ් ටු ගෝ බැක්,ඔයා ආපහු යන්න ඕනේ.,beginner
you-need-to-cross-over,s-everyday-conversations,You need to cross over.,යූ නීඩ් ටු ක්‍රොස් ඕවර්,ඔයා අනිත් පැත්තට මාරු වෙන්න ඕනේ.,beginner
you-need-to-stay-on-this,s-everyday-conversations,You need to stay on this side.,යූ නීඩ් ටු ස්ටේ ඔන් දිස් සයිඩ්,මේ පැත්තේම ඉන්න ඕනේ.,intermediate
dont-cross-the-road-yet,s-giving-directions,Don't cross the road yet.,ඩෝන්ට් ක්‍රොස් ද රෝඩ් යෙට්,තාම පාර මාරු වෙන්න එපා.,beginner
cross-at-the-next-crossing,s-everyday-conversations,Cross at the next crossing.,ක්‍රොස් ඇට් ද නෙක්ස්ට් ක්‍රොසින්,ඊළඟ පදික මාරුවෙන් පාර මාරු වෙන්න.,beginner
walk-past-two-intersections,s-everyday-conversations,Walk past two intersections.,වෝක් පාස්ට් ටූ ඉන්ටර්සෙක්ෂන්ස්,හන්දි දෙකක් පහු කරලා යන්න.,beginner
turn-after-the-second-intersection,s-everyday-conversations,Turn after the second intersection.,ටර්න් ආෆ්ටර් ද සෙකන්ඩ් ඉන්ටර්සෙක්ෂන්,දෙවැනි හන්දිය පහු කරලා හැරෙන්න.,beginner
its-two-streets-down,s-everyday-conversations,It's two streets down.,ඉට්ස් ටූ ස්ට්‍රීට්ස් ඩවුන්,තව වීදි දෙකක් ඉස්සරහට.,beginner
its-three-blocks-from-here,s-everyday-conversations,It's three blocks from here.,ඉට්ස් ත්‍රී බ්ලොක්ස් ෆ්‍රම් හියර්,මෙතනින් බ්ලොක් තුනක් දුරයි.,beginner
its-a-short-walk-from-here,s-everyday-conversations,It's a short walk from here.,ඉට්ස් අ ෂෝට් වෝක් ෆ්‍රම් හියර්,මෙතනින් ටික දුරක් පයින් යන්න තියෙන්නේ.,intermediate
its-about-a-twenty-minute-walk,s-everyday-conversations,It's about a twenty-minute walk.,ඉට්ස් අබවුට් අ ට්වෙන්ටි මිනිට් වෝක්,පයින් විනාඩි විස්සක් විතර.,beginner
its-too-far-to-walk,s-everyday-conversations,It's too far to walk.,ඉට්ස් ටූ ෆාර් ටු වෝක්,පයින් යන්න ගොඩක් දුරයි.,beginner
youd-better-take-a-bus,s-transportation,You'd better take a bus.,යූඩ් බෙටර් ටේක් අ බස්,බස් එකක් ගන්න එක හොඳයි.,beginner
youd-better-take-a-taxi,s-transportation,You'd better take a taxi.,යූඩ් බෙටර් ටේක් අ ටැක්සි,ටැක්සි එකක් ගන්න එක හොඳයි.,beginner
walking-is-probably-quicker,s-everyday-conversations,Walking is probably quicker.,වෝකින් ඉස් ප්‍රොබබ්ලි ක්විකර්,පයින් යන එක ඉක්මන් වෙන්න පුළුවන්.,beginner
the-bus-is-probably-easier,s-transportation,The bus is probably easier.,ද බස් ඉස් ප්‍රොබබ්ලි ඊසියර්,බස් එකෙන් යන එක ලේසි වෙයි.,beginner
theres-a-shortcut-through-the-park,s-everyday-conversations,There's a shortcut through the park.,දෙයාස් අ ෂෝට්කට් ත්රූ ද පාක්,උද්‍යානය හරහා කෙටි පාරක් තියෙනවා.,intermediate
theres-a-path-behind-the-building,s-everyday-conversations,There's a path behind the building.,දෙයාස් අ පාත් බිහයින්ඩ් ද බිල්ඩින්,ගොඩනැගිල්ල පිටිපස්සේ පාරක් තියෙනවා.,intermediate
the-road-is-closed-ahead,s-everyday-conversations,The road is closed ahead.,ද රෝඩ් ඉස් ක්ලෝස්ඩ් අහෙඩ්,ඉස්සරහ පාර වහලා.,beginner
youll-need-to-take-a-detour,s-everyday-conversations,You'll need to take a detour.,යූල් නීඩ් ටු ටේක් අ ඩීටුවර්,වෙන වට පාරකින් යන්න වෙනවා.,intermediate
take-the-next-road-instead,s-everyday-conversations,Take the next road instead.,ටේක් ද නෙක්ස්ට් රෝඩ් ඉන්ස්ටෙඩ්,ඒ වෙනුවට ඊළඟ පාර ගන්න.,beginner
this-road-is-one-way,s-everyday-conversations,This road is one-way.,දිස් රෝඩ් ඉස් වන්-වේ,මේක එක පැත්තකට විතරක් යන පාරක්.,beginner
you-cant-turn-here,s-everyday-conversations,You can't turn here.,යූ කෑන්ට් ටර්න් හියර්,මෙතනින් හැරෙන්න බැහැ.,beginner
you-cant-go-straight-here,s-everyday-conversations,You can't go straight here.,යූ කෑන්ට් ගෝ ස්ට්‍රේට් හියර්,මෙතනින් කෙළින් යන්න බැහැ.,beginner
theres-no-left-turn-here,s-everyday-conversations,There's no left turn here.,දෙයාස් නෝ ලෙෆ්ට් ටර්න් හියර්,මෙතනින් වමට හැරෙන්න බැහැ.,beginner
theres-no-right-turn-here,s-everyday-conversations,There's no right turn here.,දෙයාස් නෝ රයිට් ටර්න් හියර්,මෙතනින් දකුණට හැරෙන්න බැහැ.,beginner
the-entrance-is-on-the-other,s-everyday-conversations,The entrance is on the other side.,දි එන්ට්‍රන්ස් ඉස් ඔන් දි අදර් සයිඩ්,ඇතුල්වීම අනිත් පැත්තේ.,intermediate
you-have-to-go-around-the,s-everyday-conversations,You have to go around the block.,යූ හැව් ටු ගෝ අරවුන්ඩ් ද බ්ලොක්,බ්ලොක් එක වටෙන් යන්න ඕනේ.,intermediate
go-around-and-come-in-from,s-everyday-conversations,Go around and come in from the back.,ගෝ අරවුන්ඩ් ඇන්ඩ් කම් ඉන් ෆ්‍රම් ද බැක්,වටෙන් ගිහින් පිටිපස්සෙන් ඇතුල් වෙන්න.,intermediate
theres-another-entrance-around-the-corner,s-everyday-conversations,There's another entrance around the corner.,දෙයාස් අනදර් එන්ට්‍රන්ස් අරවුන්ඩ් ද කෝනර්,කොන වටෙන් වෙන ඇතුල්වීමක් තියෙනවා.,intermediate
youre-standing-right-in-front-of,s-everyday-conversations,You're standing right in front of it.,යූර් ස්ටෑන්ඩින් රයිට් ඉන් ෆ්‍රන්ට් ඔෆ් ඉට්,ඔයා ඒක ඉස්සරහම ඉන්නේ.,intermediate
its-directly-across-from-you,s-everyday-conversations,It's directly across from you.,ඉට්ස් ඩිරෙක්ට්ලි අක්‍රොස් ෆ්‍රම් යූ,ඔයාට කෙළින්ම ඉස්සරහ පාරෙන් එහා.,beginner
look-straight-ahead,s-giving-directions,Look straight ahead.,ලුක් ස්ට්‍රේට් අහෙඩ්,කෙළින් ඉස්සරහ බලන්න.,beginner
see-that-building-over-there,s-everyday-conversations,See that building over there?,සී දැට් බිල්ඩින් ඕවර් දෙයා?,අතන තියෙන ගොඩනැගිල්ල පේනවද?,beginner
see-the-bank-on-the-corner,s-banking-money,See the bank on the corner?,සී ද බෑන්ක් ඔන් ද කෝනර්?,කොනේ බැංකුව පේනවද?,intermediate
thats-where-you-need-to-go,s-everyday-conversations,That's where you need to go.,දැට්ස් වෙයා යූ නීඩ් ටු ගෝ,ඔයා යන්න ඕනේ අතනට.,intermediate
the-place-youre-looking-for-is,s-everyday-conversations,The place you're looking for is right there.,ද ප්ලේස් යූර් ලුකින් ෆෝ ඉස් රයිට් දෙයා,ඔයා හොයන තැන අන්න අතන.,intermediate
youve-found-the-right-place,s-everyday-conversations,You've found the right place.,යූව් ෆවුන්ඩ් ද රයිට් ප්ලේස්,ඔයා හරි තැනට ඇවිත්.,beginner
this-is-the-place,s-everyday-conversations,This is the place.,දිස් ඉස් ද ප්ලේස්,මේ තමයි තැන.,beginner
were-here,s-everyday-conversations,We're here.,වීර් හියර්,අපි දැන් එතනට ආවා.,beginner
weve-arrived,s-everyday-conversations,We've arrived.,වීව් අරයිව්ඩ්,අපි ළඟා වුණා.,beginner
thanks-for-showing-me-the-way,s-thanking,Thanks for showing me the way.,තෑන්ක්ස් ෆෝ ෂෝඉන් මී ද වේ,පාර පෙන්නුවාට ස්තුතියි.,intermediate
thanks-for-the-directions,s-giving-directions,Thanks for the directions.,තෑන්ක්ස් ෆෝ ද ඩිරෙක්ශන්ස්,පාර කියලා දුන්නාට ස්තුතියි.,beginner
that-was-really-helpful,s-everyday-conversations,That was really helpful.,දැට් වොස් රියලි හෙල්ප්ෆුල්,ඒක මට ගොඩක් උදව් වුණා.,beginner
i-should-be-able-to-find,s-everyday-conversations,I should be able to find it now.,අයි ෂුඩ් බී ඒබල් ටු ෆයින්ඩ් ඉට් නව්,දැන් මට ඒ තැන හොයාගන්න පුළුවන් වෙයි.,intermediate
i-know-where-im-going-now,s-everyday-conversations,I know where I'm going now.,අයි නෝ වෙයා අයිම් ගෝඉන් නව්,දැන් මට යන්න ඕන තැන/පාර දන්නවා.,intermediate
got-it-thanks-a-lot,s-thanking,"Got it, thanks a lot!","ගොට් ඉට්, තෑන්ක්ස් අ ලොට්!","හරි, දැන් තේරුණා. ගොඩක් ස්තුතියි!x",beginner
